order_id,order_date,customer_id,employee_id,store_id
1,2023-01-28,850,97,9
2,2024-09-17,473,11,37
3,2025-03-16,829,172,7
4,2025-05-18,651,213,48
5,2023-09-30,881,32,37
6,2026-04-06,594,28,28
7,2024-06-06,476,165,44
8,2024-06-12,867,246,1
9,2025-12-08,28,248,38
10,2025-12-23,13,237,45
11,2023-05-16,479,69,36
12,2025-09-27,504,208,7
13,2024-10-15,942,224,14
14,2023-09-24,141,166,45
15,2025-10-07,265,161,10
16,2026-04-11,192,61,14
17,2024-01-30,109,36,37
18,2023-12-01,255,68,1
19,2024-04-23,580,150,11
20,2025-04-11,617,209,11
21,2024-12-05,679,195,32
22,2024-02-26,181,166,45
23,2026-03-04,181,27,19
24,2026-07-14,356,90,20
25,2023-07-11,848,51,13
26,2025-11-26,940,225,46
27,2024-06-22,181,92,11
28,2025-11-01,565,143,46
29,2024-12-12,85,194,49
30,2023-11-23,790,48,43
31,2024-07-30,546,83,37
32,2026-06-04,184,92,11
33,2025-08-09,771,217,50
34,2025-11-12,360,142,6
35,2023-08-29,372,128,45
36,2024-07-16,585,59,13
37,2024-08-21,463,71,16
38,2025-08-04,16,8,17
39,2023-09-24,259,118,12
40,2024-06-11,498,67,20
41,2024-10-06,998,155,47
42,2024-03-29,946,235,12
43,2025-12-05,860,241,19
44,2026-06-08,87,238,45
45,2025-09-23,614,63,38
46,2024-06-17,19,147,16
47,2025-09-28,590,64,14
48,2024-06-22,14,203,5
49,2025-10-23,752,92,11
50,2023-10-22,108,73,22
51,2023-11-23,697,173,26
52,2024-08-01,843,180,18
53,2024-11-15,800,68,1
54,2024-01-13,544,151,44
55,2024-01-05,466,19,18
56,2024-09-14,979,94,27
57,2023-02-15,424,134,50
58,2024-10-07,673,20,22
59,2023-10-06,16,87,25
60,2025-06-04,458,141,49
61,2026-03-28,750,29,46
62,2026-07-25,322,58,15
63,2026-07-24,969,115,4
64,2026-03-19,210,98,37
65,2025-08-19,183,92,11
66,2025-08-18,850,115,4
67,2023-07-23,660,77,11
68,2025-07-06,836,151,44
69,2024-10-31,104,220,30
70,2024-09-17,222,201,40
71,2025-10-01,975,111,21
72,2025-12-29,488,62,7
73,2025-02-21,808,130,25
74,2026-06-05,638,96,48
75,2025-08-22,583,64,14
76,2023-07-14,37,36,37
77,2026-03-13,474,131,5
78,2025-01-23,466,239,25
79,2025-04-27,888,216,11
80,2023-08-05,127,31,30
81,2023-09-02,962,149,4
82,2026-04-14,396,129,8
83,2024-06-05,988,202,41
84,2026-07-14,2,172,7
85,2023-03-04,783,71,16
86,2026-03-14,417,95,1
87,2025-05-22,716,210,19
88,2024-09-19,108,142,6
89,2025-08-22,876,26,13
90,2026-03-08,182,8,17
91,2023-09-01,634,182,10
92,2024-05-29,624,60,24
93,2026-06-26,600,44,29
94,2024-06-08,507,236,38
95,2023-03-21,934,101,33
96,2023-03-17,933,19,18
97,2024-11-08,636,187,35
98,2023-05-02,515,73,22
99,2025-09-26,519,226,21
100,2023-09-23,189,83,37
101,2023-01-19,471,119,3
102,2025-01-26,349,163,32
103,2023-01-31,431,175,26
104,2026-05-18,696,155,47
105,2023-10-12,647,73,22
106,2024-10-21,833,64,14
107,2023-12-02,329,166,45
108,2025-12-29,871,19,18
109,2025-06-02,512,11,37
110,2023-06-21,456,231,20
111,2025-01-12,881,146,21
112,2025-10-12,240,68,1
113,2024-12-15,421,15,1
114,2023-04-30,533,32,37
115,2025-03-03,391,194,49
116,2025-01-13,515,63,38
117,2024-02-21,171,166,45
118,2024-04-12,702,116,21
119,2023-06-22,77,86,49
120,2024-06-20,412,90,20
121,2025-08-30,537,226,21
122,2023-05-29,78,194,49
123,2026-07-14,665,217,50
124,2026-03-23,980,233,47
125,2023-10-15,309,73,22
126,2026-01-16,754,210,19
127,2023-06-02,32,70,49
128,2026-02-01,943,35,8
129,2024-01-26,462,209,11
130,2025-07-11,693,239,25
131,2023-02-15,481,171,37
132,2024-05-28,681,81,43
133,2024-06-03,439,39,28
134,2024-01-04,798,143,46
135,2023-07-06,465,143,46
136,2024-11-13,972,232,46
137,2025-02-18,576,34,7
138,2025-10-19,166,203,5
139,2025-09-13,567,108,1
140,2024-12-21,145,108,1
141,2024-02-28,347,248,38
142,2023-04-23,346,2,45
143,2023-05-26,186,188,23
144,2025-10-15,925,195,32
145,2024-02-18,182,235,12
146,2023-10-28,147,70,49
147,2024-10-17,981,221,6
148,2024-12-19,955,7,3
149,2024-11-04,61,215,5
150,2024-01-21,3,120,42
151,2023-12-15,797,249,20
152,2023-07-08,118,154,47
153,2023-09-07,448,45,17
154,2025-02-25,629,138,38
155,2026-06-20,158,20,22
156,2023-09-19,556,246,1
157,2025-02-14,200,244,2
158,2023-04-26,451,204,44
159,2026-03-05,900,56,16
160,2025-10-22,830,217,50
161,2025-01-20,861,143,46
162,2024-04-15,453,134,50
163,2025-10-13,907,76,26
164,2024-10-22,922,222,23
165,2023-10-07,312,34,7
166,2025-12-11,547,64,14
167,2025-10-13,554,33,26
168,2025-01-10,795,118,12
169,2023-02-18,185,213,48
170,2024-01-12,974,30,38
171,2023-01-18,130,40,12
172,2026-07-11,479,176,4
173,2026-03-13,992,115,4
174,2023-04-15,165,162,17
175,2023-04-28,547,94,27
176,2025-11-10,332,101,33
177,2025-05-18,690,150,11
178,2025-09-26,423,157,27
179,2023-12-04,454,146,21
180,2023-04-12,734,71,16
181,2023-09-16,446,202,41
182,2026-03-07,218,220,30
183,2023-02-26,616,77,11
184,2025-06-18,546,166,45
185,2026-02-14,182,59,13
186,2024-06-19,662,124,10
187,2023-09-29,478,118,12
188,2023-10-14,815,50,8
189,2023-09-14,576,149,4
190,2024-03-17,264,35,8
191,2023-12-05,713,44,29
192,2025-02-06,913,116,21
193,2026-04-15,133,220,30
194,2026-05-15,784,190,1
195,2023-06-21,689,199,42
196,2023-06-13,438,136,45
197,2024-03-06,758,213,48
198,2023-04-18,521,143,46
199,2023-04-02,29,151,44
200,2023-07-18,782,106,50
201,2026-05-18,604,134,50
202,2023-09-01,952,212,36
203,2024-10-14,583,208,7
204,2023-02-26,219,16,42
205,2026-02-23,617,110,28
206,2025-11-10,345,158,24
207,2025-10-31,581,58,15
208,2025-03-05,175,75,30
209,2025-12-10,871,19,18
210,2024-06-11,642,178,19
211,2025-09-28,343,65,30
212,2025-10-30,920,3,40
213,2023-01-04,593,24,40
214,2023-08-06,410,14,26
215,2024-01-22,640,95,1
216,2026-06-23,407,208,7
217,2024-02-11,273,221,6
218,2025-10-26,617,36,37
219,2025-10-03,769,108,1
220,2024-04-27,166,129,8
221,2025-08-26,395,57,5
222,2025-05-11,709,150,11
223,2023-02-14,791,128,45
224,2025-04-24,945,157,27
225,2023-05-13,735,11,37
226,2024-12-07,763,158,24
227,2023-09-26,294,77,11
228,2026-01-01,452,5,39
229,2023-02-16,996,236,38
230,2024-10-06,657,46,22
231,2023-11-07,294,116,21
232,2024-02-09,748,27,19
233,2024-09-15,705,141,49
234,2023-03-02,207,49,24
235,2023-06-18,221,64,14
236,2023-11-05,447,26,13
237,2023-06-05,705,22,27
238,2026-02-15,54,19,18
239,2025-09-01,705,220,30
240,2025-02-10,29,161,10
241,2023-10-29,552,242,6
242,2023-11-10,28,133,24
243,2024-03-12,652,203,5
244,2026-07-03,126,224,14
245,2024-07-01,616,210,19
246,2026-02-20,451,133,24
247,2025-10-26,225,137,33
248,2023-07-21,57,11,37
249,2024-04-12,214,131,5
250,2026-03-15,974,215,5
251,2023-08-08,673,165,44
252,2025-11-19,784,31,30
253,2025-12-10,778,82,8
254,2026-04-12,371,38,36
255,2025-06-21,453,2,45
256,2023-03-27,157,221,6
257,2025-05-03,457,176,4
258,2024-03-01,731,183,6
259,2024-01-10,200,190,1
260,2025-05-31,401,159,37
261,2023-09-28,871,40,12
262,2025-08-23,479,85,28
263,2026-06-07,213,62,7
264,2024-02-04,110,154,47
265,2025-08-10,992,186,31
266,2023-12-15,794,213,48
267,2025-05-27,752,219,36
268,2023-05-15,931,84,16
269,2025-12-11,42,5,39
270,2024-09-01,34,57,5
271,2023-08-24,147,179,39
272,2023-06-25,44,67,20
273,2024-07-10,244,196,10
274,2025-04-11,374,48,43
275,2023-02-01,398,75,30
276,2024-05-20,210,220,30
277,2026-06-12,667,11,37
278,2025-07-08,773,50,8
279,2025-01-01,328,129,8
280,2023-08-06,788,53,17
281,2023-02-09,505,7,3
282,2023-05-16,807,194,49
283,2025-08-23,515,151,44
284,2023-10-09,311,109,39
285,2023-02-26,451,125,35
286,2024-07-13,186,82,8
287,2026-06-06,774,235,12
288,2024-05-20,266,234,18
289,2024-04-06,247,197,18
290,2024-01-26,6,110,28
291,2026-04-10,341,206,6
292,2025-09-30,457,176,4
293,2025-10-18,751,146,21
294,2023-08-23,723,28,28
295,2026-04-24,753,115,4
296,2026-01-25,928,2,45
297,2026-07-28,779,175,26
298,2025-10-10,833,44,29
299,2023-04-07,5,29,46
300,2025-07-19,638,145,18
301,2024-03-15,349,246,1
302,2025-12-23,268,198,9
303,2025-11-18,188,119,3
304,2025-09-27,488,39,28
305,2024-12-22,865,54,14
306,2025-05-06,817,66,5
307,2024-08-02,850,34,7
308,2024-07-08,513,250,24
309,2025-02-16,168,64,14
310,2026-01-16,221,243,26
311,2024-03-21,229,76,26
312,2024-04-03,448,81,43
313,2025-08-23,744,138,38
314,2024-11-23,764,59,13
315,2025-02-06,188,42,39
316,2026-01-30,401,176,4
317,2026-01-29,251,215,5
318,2023-01-14,518,44,29
319,2023-04-17,290,223,6
320,2025-09-09,904,238,45
321,2023-08-21,684,128,45
322,2025-09-27,150,87,25
323,2023-02-02,936,146,21
324,2024-01-20,141,80,4
325,2026-06-01,365,212,36
326,2025-07-04,514,194,49
327,2024-02-29,997,153,38
328,2023-03-17,93,182,10
329,2023-02-09,104,115,4
330,2024-10-13,772,31,30
331,2024-10-22,865,65,30
332,2023-09-17,863,182,10
333,2024-05-08,59,124,10
334,2024-05-05,932,206,6
335,2025-07-21,860,47,20
336,2025-02-22,477,42,39
337,2023-07-22,555,247,48
338,2025-09-16,514,74,41
339,2026-01-07,604,168,46
340,2023-07-24,842,114,41
341,2024-10-30,103,130,25
342,2023-07-18,373,84,16
343,2023-02-28,512,210,19
344,2023-02-19,870,208,7
345,2025-10-16,935,217,50
346,2024-10-26,328,66,5
347,2026-07-04,610,172,7
348,2023-11-14,967,193,28
349,2026-04-16,128,145,18
350,2023-12-09,130,35,8
351,2024-12-09,374,187,35
352,2024-10-10,992,205,18
353,2026-03-15,814,249,20
354,2026-01-28,835,231,20
355,2025-04-16,152,235,12
356,2025-02-15,666,4,8
357,2026-01-01,300,90,20
358,2024-11-27,996,82,8
359,2023-04-15,760,102,46
360,2025-04-11,968,212,36
361,2023-08-27,590,125,35
362,2026-06-16,828,58,15
363,2023-03-10,331,29,46
364,2024-07-26,824,87,25
365,2023-12-04,902,224,14
366,2023-09-24,511,38,36
367,2026-07-12,383,12,39
368,2024-10-19,111,60,24
369,2025-07-29,98,38,36
370,2025-10-28,394,125,35
371,2026-03-25,696,54,14
372,2023-07-15,289,61,14
373,2023-07-25,304,196,10
374,2024-11-18,625,185,30
375,2024-07-02,229,94,27
376,2026-02-19,962,215,5
377,2025-08-29,75,87,25
378,2023-01-16,572,182,10
379,2024-06-08,968,62,7
380,2024-01-22,689,204,44
381,2026-05-16,277,73,22
382,2025-09-30,267,46,22
383,2024-09-02,712,80,4
384,2025-03-25,880,187,35
385,2024-09-02,51,80,4
386,2024-01-03,202,246,1
387,2025-03-23,637,6,10
388,2026-02-08,522,7,3
389,2023-07-05,499,12,39
390,2026-04-17,212,193,28
391,2026-01-25,246,182,10
392,2026-04-28,255,21,45
393,2023-12-08,47,2,45
394,2024-03-24,254,44,29
395,2026-07-01,517,190,1
396,2024-08-03,385,183,6
397,2026-06-28,804,152,27
398,2024-07-15,483,151,44
399,2023-09-20,381,189,48
400,2024-11-21,198,7,3
401,2025-11-06,919,240,14
402,2025-02-28,39,30,38
403,2024-05-29,730,203,5
404,2026-07-05,576,172,7
405,2026-02-02,374,139,39
406,2023-06-29,92,36,37
407,2023-02-20,572,249,20
408,2025-12-27,155,138,38
409,2024-10-11,543,210,19
410,2024-02-29,627,199,42
411,2024-08-28,627,59,13
412,2024-12-13,17,24,40
413,2024-10-13,671,19,18
414,2023-08-28,449,112,42
415,2024-09-18,618,104,6
416,2024-04-02,373,154,47
417,2026-07-26,30,45,17
418,2023-03-09,82,113,39
419,2024-03-31,35,113,39
420,2025-03-02,146,199,42
421,2024-08-04,370,61,14
422,2025-03-31,82,34,7
423,2023-02-22,730,59,13
424,2025-05-28,507,16,42
425,2026-03-30,750,152,27
426,2026-04-29,81,205,18
427,2025-04-15,689,147,16
428,2026-05-01,612,244,2
429,2024-12-27,653,248,38
430,2025-03-17,922,208,7
431,2024-11-01,972,207,33
432,2025-01-05,602,95,1
433,2025-10-11,756,218,22
434,2024-10-24,319,64,14
435,2024-03-04,95,197,18
436,2023-04-23,37,86,49
437,2025-09-21,230,159,37
438,2024-09-12,344,26,13
439,2026-01-27,530,81,43
440,2025-04-28,603,107,33
441,2023-08-23,137,236,38
442,2025-10-05,13,125,35
443,2026-02-02,372,177,27
444,2023-12-04,269,167,23
445,2023-09-02,952,249,20
446,2024-10-08,818,33,26
447,2026-04-11,779,36,37
448,2026-06-23,370,172,7
449,2026-05-24,728,49,24
450,2025-04-10,721,19,18
451,2023-09-25,336,62,7
452,2023-03-11,82,152,27
453,2026-04-16,190,156,50
454,2023-11-08,905,189,48
455,2024-08-21,88,58,15
456,2024-04-19,226,239,25
457,2026-07-17,769,17,5
458,2023-07-03,116,77,11
459,2026-07-27,563,91,20
460,2025-04-15,541,227,44
461,2026-01-31,401,123,1
462,2023-10-02,768,148,46
463,2026-01-12,158,96,48
464,2024-05-06,859,232,46
465,2026-01-12,902,83,37
466,2024-06-21,800,37,6
467,2023-10-30,953,28,28
468,2025-09-05,851,109,39
469,2025-10-08,428,245,41
470,2023-06-15,522,225,46
471,2023-08-02,756,212,36
472,2023-04-19,21,209,11
473,2025-02-02,826,134,50
474,2023-11-05,790,13,29
475,2023-04-28,205,91,20
476,2023-07-26,623,129,8
477,2024-02-21,157,248,38
478,2024-02-10,541,20,22
479,2023-09-14,289,138,38
480,2023-05-30,663,157,27
481,2026-06-11,705,20,22
482,2026-02-27,668,51,13
483,2025-04-18,766,237,45
484,2024-10-19,944,75,30
485,2025-09-23,442,168,46
486,2024-04-06,822,114,41
487,2025-02-14,671,59,13
488,2025-01-06,184,93,35
489,2023-08-26,471,231,20
490,2023-06-17,367,14,26
491,2024-05-29,498,98,37
492,2023-08-14,102,25,7
493,2025-03-06,929,25,7
494,2025-12-30,680,207,33
495,2024-04-16,949,235,12
496,2024-08-04,446,214,2
497,2023-11-10,4,124,10
498,2024-05-05,86,103,7
499,2026-03-25,517,149,4
500,2023-05-25,756,171,37
501,2023-09-01,747,24,40
502,2024-11-17,384,72,2
503,2023-11-27,678,1,46
504,2023-02-27,635,203,5
505,2025-05-18,548,190,1
506,2024-11-29,52,152,27
507,2025-09-07,718,26,13
508,2025-12-25,241,6,10
509,2023-05-13,434,36,37
510,2025-01-06,807,179,39
511,2024-01-16,385,101,33
512,2026-07-13,300,105,47
513,2025-05-22,695,41,39
514,2024-02-10,41,125,35
515,2023-08-12,310,10,27
516,2026-03-10,185,189,48
517,2024-05-22,135,155,47
518,2025-09-16,815,49,24
519,2025-10-29,853,118,12
520,2024-04-06,962,58,15
521,2025-05-20,640,71,16
522,2023-08-11,971,168,46
523,2024-05-24,574,89,20
524,2024-02-02,681,171,37
525,2024-02-15,520,26,13
526,2025-06-07,365,212,36
527,2024-08-16,863,230,50
528,2026-01-01,366,212,36
529,2024-11-09,737,218,22
530,2023-06-29,210,239,25
531,2026-01-11,397,244,2
532,2025-08-28,44,153,38
533,2023-12-05,249,42,39
534,2023-08-06,86,182,10
535,2025-09-17,380,31,30
536,2025-11-05,637,14,26
537,2023-10-23,300,208,7
538,2025-08-24,996,140,39
539,2023-06-01,3,245,41
540,2024-02-14,148,15,1
541,2023-04-25,823,166,45
542,2023-05-10,151,23,29
543,2023-01-20,419,193,28
544,2026-02-06,458,240,14
545,2024-11-10,996,237,45
546,2023-03-31,80,109,39
547,2023-07-13,86,167,23
548,2023-12-08,578,104,6
549,2023-10-02,700,238,45
550,2026-03-19,979,93,35
551,2025-05-05,826,50,8
552,2024-10-17,191,140,39
553,2026-06-05,981,22,27
554,2026-07-06,801,97,9
555,2023-12-24,397,164,39
556,2025-06-05,100,231,20
557,2023-03-14,730,241,19
558,2023-06-04,591,196,10
559,2026-05-07,70,162,17
560,2023-11-24,796,116,21
561,2025-08-04,395,111,21
562,2024-05-25,383,116,21
563,2023-10-20,69,91,20
564,2025-06-30,33,15,1
565,2025-01-22,604,248,38
566,2023-05-18,536,75,30
567,2026-07-10,416,120,42
568,2024-11-25,584,18,21
569,2024-03-21,563,239,25
570,2025-03-30,31,74,41
571,2024-12-07,610,120,42
572,2023-03-08,588,193,28
573,2025-07-06,682,237,45
574,2023-06-21,580,123,1
575,2024-09-05,269,138,38
576,2024-08-12,497,78,37
577,2023-02-16,941,81,43
578,2024-08-15,519,28,28
579,2025-08-16,548,129,8
580,2023-08-03,591,75,30
581,2025-11-27,667,132,16
582,2026-02-02,569,57,5
583,2026-06-02,344,239,25
584,2023-10-17,676,210,19
585,2024-04-20,508,1,46
586,2023-02-23,697,29,46
587,2023-08-19,923,132,16
588,2023-08-15,53,72,2
589,2024-04-27,630,125,35
590,2023-12-10,469,193,28
591,2023-02-16,953,169,22
592,2023-09-22,458,60,24
593,2023-11-29,364,8,17
594,2023-04-07,500,44,29
595,2025-01-18,136,79,33
596,2025-11-10,344,87,25
597,2026-04-01,800,108,1
598,2026-05-21,15,106,50
599,2025-12-28,672,27,19
600,2025-01-26,235,60,24
601,2025-10-04,461,85,28
602,2024-03-15,872,92,11
603,2026-06-19,773,66,5
604,2025-08-22,230,56,16
605,2025-12-08,75,42,39
606,2025-12-17,639,191,32
607,2023-09-15,269,35,8
608,2026-06-02,305,35,8
609,2025-11-04,25,116,21
610,2025-04-17,431,69,36
611,2024-03-23,96,161,10
612,2026-02-27,302,85,28
613,2025-07-30,380,129,8
614,2024-09-30,867,164,39
615,2025-11-30,956,115,4
616,2023-05-19,600,55,33
617,2025-11-25,414,21,45
618,2025-07-26,346,41,39
619,2025-12-19,321,171,37
620,2025-02-14,809,113,39
621,2026-04-05,876,79,33
622,2023-11-10,477,101,33
623,2024-06-11,187,22,27
624,2024-05-31,985,50,8
625,2025-03-20,802,75,30
626,2026-04-21,579,82,8
627,2026-02-01,762,146,21
628,2024-11-15,792,21,45
629,2025-03-13,86,193,28
630,2024-08-30,214,80,4
631,2026-01-11,95,128,45
632,2023-08-12,632,16,42
633,2024-11-17,453,89,20
634,2025-09-02,391,56,16
635,2023-03-18,412,74,41
636,2023-03-07,183,216,11
637,2026-02-09,196,97,9
638,2023-11-15,257,123,1
639,2023-11-11,961,148,46
640,2023-11-05,497,195,32
641,2024-03-24,722,240,14
642,2023-04-21,470,188,23
643,2025-11-23,404,142,6
644,2025-05-28,883,17,5
645,2023-05-11,339,4,8
646,2023-12-12,806,208,7
647,2025-01-19,53,54,14
648,2026-01-23,32,108,1
649,2023-01-26,472,53,17
650,2025-09-07,297,109,39
651,2025-02-08,585,192,2
652,2026-07-02,593,241,19
653,2023-06-13,505,36,37
654,2024-10-14,621,114,41
655,2023-11-06,28,89,20
656,2025-03-27,384,121,41
657,2023-09-04,969,173,26
658,2023-11-17,309,47,20
659,2025-02-12,452,107,33
660,2025-04-23,749,154,47
661,2023-06-08,420,138,38
662,2025-05-30,998,113,39
663,2024-05-03,144,20,22
664,2024-11-30,190,144,19
665,2023-12-21,742,68,1
666,2023-11-28,730,118,12
667,2023-06-18,963,64,14
668,2025-03-14,949,125,35
669,2025-09-23,685,101,33
670,2025-06-17,782,80,4
671,2024-10-16,601,21,45
672,2025-08-28,620,236,38
673,2025-01-27,2,122,42
674,2026-06-11,556,167,23
675,2024-03-20,24,242,6
676,2023-01-10,391,214,2
677,2024-07-26,615,14,26
678,2024-11-12,525,125,35
679,2024-04-14,991,247,48
680,2026-01-30,745,140,39
681,2025-08-31,548,56,16
682,2024-01-03,703,148,46
683,2024-05-07,978,31,30
684,2026-07-05,481,94,27
685,2026-02-17,286,171,37
686,2025-05-20,759,50,8
687,2024-05-08,964,98,37
688,2025-09-25,507,201,40
689,2026-05-03,248,46,22
690,2023-02-12,663,191,32
691,2023-05-15,626,156,50
692,2023-10-21,182,204,44
693,2025-01-06,402,196,10
694,2023-11-05,362,145,18
695,2025-08-01,971,178,19
696,2026-05-09,583,1,46
697,2023-09-02,617,17,5
698,2025-03-17,211,54,14
699,2023-10-23,326,236,38
700,2026-01-14,693,123,1
701,2023-05-07,390,115,4
702,2025-01-31,987,24,40
703,2024-10-08,492,18,21
704,2023-07-18,152,172,7
705,2024-06-28,921,223,6
706,2023-08-31,38,130,25
707,2026-01-22,438,192,2
708,2023-04-13,698,5,39
709,2023-09-08,928,189,48
710,2023-08-26,313,88,36
711,2025-09-11,394,53,17
712,2023-07-26,632,57,5
713,2026-03-09,384,10,27
714,2025-01-16,401,179,39
715,2023-01-05,694,105,47
716,2025-03-13,727,104,6
717,2025-08-30,626,202,41
718,2025-12-28,97,9,28
719,2023-07-25,654,241,19
720,2025-11-20,484,46,22
721,2023-04-06,688,5,39
722,2023-04-01,658,69,36
723,2025-11-27,378,45,17
724,2024-11-22,453,225,46
725,2026-01-09,525,38,36
726,2026-05-19,821,8,17
727,2024-04-17,537,232,46
728,2023-07-31,83,1,46
729,2025-08-01,926,178,19
730,2024-11-30,564,166,45
731,2025-09-24,953,25,7
732,2024-12-23,250,1,46
733,2024-02-01,472,70,49
734,2026-03-27,910,133,24
735,2024-05-07,317,15,1
736,2025-08-26,844,226,21
737,2025-05-28,444,90,20
738,2025-05-09,64,31,30
739,2023-12-13,109,90,20
740,2026-02-25,632,72,2
741,2024-10-22,124,142,6
742,2024-03-08,429,116,21
743,2025-04-09,585,77,11
744,2023-01-26,728,207,33
745,2023-10-13,78,157,27
746,2026-05-30,833,68,1
747,2025-10-01,870,92,11
748,2026-02-27,482,173,26
749,2023-08-15,230,33,26
750,2024-07-06,316,44,29
751,2026-04-05,926,112,42
752,2023-12-19,266,222,23
753,2025-10-22,984,180,18
754,2023-07-11,739,170,21
755,2023-01-16,690,226,21
756,2026-05-07,386,211,12
757,2024-01-09,434,70,49
758,2026-06-01,306,127,10
759,2023-04-05,881,171,37
760,2026-04-06,32,78,37
761,2025-11-18,169,131,5
762,2025-11-21,124,87,25
763,2023-09-14,966,70,49
764,2024-04-23,309,41,39
765,2023-03-19,926,158,24
766,2025-07-16,315,44,29
767,2024-09-02,150,7,3
768,2025-03-08,576,212,36
769,2025-07-08,356,79,33
770,2023-03-15,82,41,39
771,2025-03-07,832,129,8
772,2026-07-17,917,116,21
773,2024-05-24,645,70,49
774,2024-12-30,624,126,22
775,2025-10-04,379,228,48
776,2025-07-08,441,247,48
777,2023-02-01,298,35,8
778,2023-02-13,299,203,5
779,2024-06-09,763,217,50
780,2025-10-25,933,75,30
781,2023-08-07,31,4,8
782,2025-12-03,603,103,7
783,2023-11-27,480,125,35
784,2024-05-11,57,82,8
785,2023-06-04,884,65,30
786,2026-01-28,922,227,44
787,2026-05-15,298,112,42
788,2024-03-17,736,165,44
789,2024-09-06,593,62,7
790,2025-06-23,336,156,50
791,2025-12-18,572,164,39
792,2024-10-29,616,119,3
793,2024-10-13,768,51,13
794,2025-12-02,969,90,20
795,2025-03-23,11,25,7
796,2025-07-30,581,16,42
797,2024-02-06,822,167,23
798,2024-12-21,661,203,5
799,2024-11-10,174,79,33
800,2024-10-11,379,107,33
801,2025-12-22,112,183,6
802,2026-07-02,555,216,11
803,2024-01-16,172,249,20
804,2023-08-20,66,39,28
805,2024-08-17,151,194,49
806,2023-12-18,510,104,6
807,2023-06-25,639,130,25
808,2025-11-07,854,65,30
809,2025-11-05,271,18,21
810,2024-06-11,574,184,37
811,2023-10-16,341,56,16
812,2024-03-18,366,210,19
813,2023-11-20,38,180,18
814,2023-06-06,141,69,36
815,2024-09-05,482,156,50
816,2023-10-20,751,150,11
817,2023-10-03,832,127,10
818,2025-01-23,402,19,18
819,2023-06-26,216,106,50
820,2025-10-18,843,148,46
821,2024-04-01,272,106,50
822,2024-08-01,771,39,28
823,2025-07-23,883,208,7
824,2023-01-21,661,164,39
825,2025-05-14,579,150,11
826,2026-03-01,225,218,22
827,2025-04-10,151,63,38
828,2024-02-29,320,64,14
829,2023-05-14,275,209,11
830,2024-06-01,350,78,37
831,2026-01-26,588,98,37
832,2023-10-22,308,40,12
833,2023-08-02,183,47,20
834,2024-02-24,686,114,41
835,2025-08-11,986,230,50
836,2026-05-23,696,66,5
837,2024-09-29,59,241,19
838,2023-01-03,237,151,44
839,2025-03-24,132,39,28
840,2025-01-20,648,53,17
841,2023-08-29,993,94,27
842,2023-04-24,708,36,37
843,2024-04-10,516,167,23
844,2023-06-03,386,159,37
845,2023-08-26,517,207,33
846,2025-03-06,166,182,10
847,2026-06-20,267,146,21
848,2025-06-27,975,175,26
849,2024-11-22,889,21,45
850,2026-01-18,347,118,12
851,2023-05-12,501,99,42
852,2025-08-06,164,166,45
853,2025-08-16,997,127,10
854,2025-02-27,256,183,6
855,2024-01-13,173,172,7
856,2025-08-08,550,249,20
857,2025-02-22,824,109,39
858,2024-04-07,427,58,15
859,2026-07-31,453,43,30
860,2023-11-05,502,171,37
861,2024-08-15,307,174,6
862,2024-03-20,239,186,31
863,2024-07-15,392,138,38
864,2025-10-20,432,24,40
865,2023-01-12,246,100,14
866,2025-09-17,88,54,14
867,2025-09-09,377,138,38
868,2024-03-30,808,223,6
869,2023-10-21,251,232,46
870,2024-04-29,99,239,25
871,2023-09-20,465,29,46
872,2025-08-27,587,93,35
873,2024-01-10,389,158,24
874,2023-02-08,881,189,48
875,2024-05-18,385,42,39
876,2025-05-08,233,163,32
877,2024-09-20,717,80,4
878,2026-06-04,335,77,11
879,2024-04-14,691,120,42
880,2025-04-03,649,249,20
881,2024-07-11,980,153,38
882,2023-05-04,653,93,35
883,2026-04-20,801,12,39
884,2025-05-25,106,210,19
885,2024-05-30,18,62,7
886,2025-06-07,819,136,45
887,2023-06-29,97,16,42
888,2024-03-06,777,205,18
889,2024-02-06,578,49,24
890,2024-05-12,676,68,1
891,2023-09-21,774,8,17
892,2024-07-03,388,105,47
893,2025-04-21,365,161,10
894,2025-12-25,51,215,5
895,2025-02-15,692,38,36
896,2025-06-29,724,3,40
897,2026-01-14,46,81,43
898,2026-02-10,502,158,24
899,2024-11-03,167,188,23
900,2025-04-01,415,234,18
901,2023-07-13,295,64,14
902,2024-04-04,839,186,31
903,2024-11-11,669,111,21
904,2025-09-17,812,133,24
905,2024-06-07,948,236,38
906,2024-04-02,559,9,28
907,2026-03-10,59,153,38
908,2023-04-16,866,33,26
909,2025-12-03,942,229,47
910,2025-09-10,382,22,27
911,2024-02-29,966,142,6
912,2024-05-05,431,191,32
913,2024-07-10,282,198,9
914,2023-02-25,577,110,28
915,2024-05-18,756,195,32
916,2025-01-27,326,213,48
917,2024-08-20,417,189,48
918,2023-08-06,201,111,21
919,2023-03-28,648,186,31
920,2025-08-19,980,171,37
921,2024-07-03,676,55,33
922,2025-08-25,859,67,20
923,2023-03-29,853,116,21
924,2024-07-12,910,218,22
925,2026-02-04,343,178,19
926,2024-05-23,902,87,25
927,2024-05-14,745,31,30
928,2025-01-12,576,105,47
929,2024-06-02,307,25,7
930,2025-08-12,428,33,26
931,2023-03-03,477,181,41
932,2025-07-31,338,144,19
933,2025-01-24,523,225,46
934,2023-07-27,539,131,5
935,2024-09-29,815,116,21
936,2024-07-20,503,147,16
937,2024-09-10,177,207,33
938,2023-06-25,253,224,14
939,2024-10-21,178,146,21
940,2024-07-28,766,110,28
941,2024-05-03,437,54,14
942,2023-12-19,899,190,1
943,2024-01-21,966,25,7
944,2024-11-06,665,242,6
945,2026-03-01,114,138,38
946,2023-03-02,411,115,4
947,2026-01-07,693,228,48
948,2024-12-06,508,72,2
949,2026-04-29,724,154,47
950,2024-04-15,783,240,14
951,2023-05-12,142,108,1
952,2023-01-17,165,246,1
953,2026-06-08,696,20,22
954,2023-02-02,322,123,1
955,2025-07-09,557,195,32
956,2023-05-09,937,218,22
957,2025-11-09,548,21,45
958,2024-09-17,853,173,26
959,2023-07-17,194,45,17
960,2025-01-27,276,21,45
961,2023-02-19,444,3,40
962,2026-04-12,516,150,11
963,2024-05-22,808,19,18
964,2024-05-02,138,241,19
965,2026-07-17,909,163,32
966,2025-04-12,560,154,47
967,2023-06-29,725,70,49
968,2025-05-26,353,111,21
969,2025-07-08,253,40,12
970,2023-08-22,258,168,46
971,2024-12-22,72,35,8
972,2026-07-28,867,1,46
973,2024-04-07,174,194,49
974,2026-05-22,879,103,7
975,2025-01-03,219,213,48
976,2024-04-09,892,104,6
977,2026-02-08,944,233,47
978,2025-06-23,733,1,46
979,2024-08-08,259,91,20
980,2025-05-28,3,243,26
981,2026-07-27,634,128,45
982,2026-01-06,233,79,33
983,2023-01-28,332,116,21
984,2025-01-07,504,72,2
985,2024-09-03,44,65,30
986,2025-03-25,973,103,7
987,2023-09-19,431,55,33
988,2023-12-28,535,198,9
989,2023-10-23,815,100,14
990,2024-12-28,133,240,14
991,2024-11-06,354,111,21
992,2026-06-05,754,115,4
993,2023-11-29,623,25,7
994,2023-05-09,544,247,48
995,2023-07-17,831,121,41
996,2023-11-02,243,80,4
997,2024-07-26,799,149,4
998,2024-10-22,543,96,48
999,2025-04-22,65,6,10
1000,2025-08-05,858,31,30
1001,2023-01-09,125,201,40
1002,2023-10-26,273,29,46
1003,2025-09-14,638,163,32
1004,2023-08-08,528,163,32
1005,2023-11-02,928,207,33
1006,2024-08-17,943,84,16
1007,2025-10-20,151,233,47
1008,2025-11-11,539,84,16
1009,2025-05-06,534,27,19
1010,2025-08-31,121,155,47
1011,2025-05-03,749,248,38
1012,2023-06-27,616,38,36
1013,2024-11-18,172,189,48
1014,2024-02-06,781,31,30
1015,2024-10-18,588,140,39
1016,2025-06-16,327,135,5
1017,2025-03-05,825,204,44
1018,2025-07-10,735,156,50
1019,2024-04-22,221,143,46
1020,2023-12-13,439,213,48
1021,2025-07-21,611,205,18
1022,2024-08-22,336,163,32
1023,2024-09-09,232,103,7
1024,2023-08-11,256,230,50
1025,2025-04-15,866,71,16
1026,2026-05-15,337,49,24
1027,2023-10-12,927,234,18
1028,2026-01-27,485,57,5
1029,2025-01-30,159,44,29
1030,2024-08-29,58,211,12
1031,2023-12-27,944,139,39
1032,2026-05-04,969,90,20
1033,2024-10-29,195,95,1
1034,2024-08-16,686,246,1
1035,2023-03-16,990,223,6
1036,2023-08-27,237,133,24
1037,2023-05-01,176,194,49
1038,2023-05-22,127,173,26
1039,2026-01-06,64,69,36
1040,2026-05-16,30,164,39
1041,2025-03-11,447,157,27
1042,2023-11-27,414,164,39
1043,2024-12-30,66,148,46
1044,2023-03-30,88,9,28
1045,2023-09-23,570,103,7
1046,2023-10-14,720,26,13
1047,2023-08-17,38,17,5
1048,2023-01-20,711,151,44
1049,2023-05-26,763,102,46
1050,2023-08-12,160,14,26
1051,2026-06-06,237,125,35
1052,2023-10-28,311,193,28
1053,2023-09-26,616,205,18
1054,2025-06-28,178,8,17
1055,2024-07-11,827,72,2
1056,2024-05-16,838,248,38
1057,2023-05-13,271,141,49
1058,2024-05-23,335,94,27
1059,2023-01-18,714,46,22
1060,2024-11-04,590,158,24
1061,2024-02-08,932,41,39
1062,2023-03-01,197,9,28
1063,2023-02-01,342,124,10
1064,2024-10-15,599,231,20
1065,2023-10-04,573,208,7
1066,2023-10-20,821,187,35
1067,2024-05-31,443,50,8
1068,2023-08-05,619,69,36
1069,2025-07-06,223,4,8
1070,2023-12-14,623,124,10
1071,2024-06-26,741,13,29
1072,2023-09-11,27,41,39
1073,2025-04-08,378,192,2
1074,2025-07-02,552,133,24
1075,2023-12-23,256,125,35
1076,2024-09-28,441,55,33
1077,2025-09-11,788,130,25
1078,2026-01-21,454,54,14
1079,2025-07-09,126,16,42
1080,2025-12-26,67,6,10
1081,2024-12-16,998,184,37
1082,2023-05-08,898,55,33
1083,2024-04-25,181,72,2
1084,2023-01-07,948,11,37
1085,2025-06-02,703,131,5
1086,2024-06-13,617,76,26
1087,2023-03-25,638,105,47
1088,2023-02-21,365,193,28
1089,2024-06-14,826,199,42
1090,2024-03-08,35,124,10
1091,2025-02-12,500,100,14
1092,2024-11-20,374,63,38
1093,2023-03-09,170,250,24
1094,2023-11-24,555,18,21
1095,2023-12-16,965,7,3
1096,2024-03-03,859,163,32
1097,2025-06-09,309,179,39
1098,2024-05-26,251,235,12
1099,2026-06-01,153,160,40
1100,2024-04-26,105,93,35
1101,2025-03-08,382,244,2
1102,2025-12-26,9,103,7
1103,2024-09-03,153,102,46
1104,2024-11-09,416,76,26
1105,2024-11-22,202,181,41
1106,2026-04-07,297,75,30
1107,2025-08-01,549,100,14
1108,2026-05-10,99,151,44
1109,2023-11-30,836,224,14
1110,2026-06-12,173,105,47
1111,2026-02-18,674,75,30
1112,2024-09-23,160,156,50
1113,2025-02-13,408,230,50
1114,2024-12-23,647,247,48
1115,2024-04-24,888,175,26
1116,2026-07-06,834,185,30
1117,2026-01-05,794,13,29
1118,2024-12-30,627,84,16
1119,2025-07-20,883,159,37
1120,2024-10-05,661,46,22
1121,2026-02-01,105,161,10
1122,2024-11-17,836,238,45
1123,2023-10-14,183,69,36
1124,2026-03-25,525,221,6
1125,2024-07-15,436,211,12
1126,2024-01-21,675,247,48
1127,2024-01-24,445,115,4
1128,2026-06-19,488,101,33
1129,2025-05-03,574,54,14
1130,2023-07-11,858,205,18
1131,2023-11-29,405,63,38
1132,2024-02-05,337,45,17
1133,2024-09-18,747,129,8
1134,2025-01-18,322,99,42
1135,2024-09-02,594,134,50
1136,2025-08-01,541,88,36
1137,2026-04-02,595,93,35
1138,2024-10-16,469,22,27
1139,2024-11-25,275,208,7
1140,2024-04-15,26,128,45
1141,2025-10-09,101,55,33
1142,2024-03-02,788,98,37
1143,2023-03-23,727,165,44
1144,2024-11-16,814,185,30
1145,2026-06-26,444,226,21
1146,2024-02-22,737,181,41
1147,2023-04-27,21,109,39
1148,2026-06-17,342,21,45
1149,2024-03-18,458,178,19
1150,2023-05-09,777,171,37
1151,2025-12-29,735,213,48
1152,2026-04-28,514,12,39
1153,2025-10-21,462,220,30
1154,2025-07-25,506,152,27
1155,2023-04-13,160,38,36
1156,2025-08-23,700,127,10
1157,2024-09-22,647,202,41
1158,2025-12-14,623,166,45
1159,2025-11-21,13,143,46
1160,2024-12-30,529,19,18
1161,2024-09-24,339,183,6
1162,2024-12-17,655,105,47
1163,2025-04-14,628,136,45
1164,2023-01-02,206,212,36
1165,2023-05-16,394,189,48
1166,2026-07-31,74,149,4
1167,2026-06-27,758,205,18
1168,2025-09-06,862,248,38
1169,2025-10-16,9,4,8
1170,2024-05-09,253,193,28
1171,2026-04-30,497,138,38
1172,2023-09-10,195,58,15
1173,2025-10-15,774,27,19
1174,2025-11-15,471,80,4
1175,2024-06-15,32,20,22
1176,2024-02-08,506,173,26
1177,2026-03-01,783,101,33
1178,2023-07-26,712,34,7
1179,2023-02-28,16,154,47
1180,2025-08-07,276,162,17
1181,2024-09-21,537,159,37
1182,2023-08-14,643,75,30
1183,2023-04-07,632,60,24
1184,2024-11-23,746,104,6
1185,2025-04-18,33,137,33
1186,2023-03-31,399,75,30
1187,2024-10-27,331,107,33
1188,2024-11-21,590,250,24
1189,2023-06-06,493,198,9
1190,2025-04-12,181,172,7
1191,2024-02-28,711,88,36
1192,2026-03-29,852,45,17
1193,2024-05-10,846,64,14
1194,2024-05-20,920,218,22
1195,2026-01-28,659,55,33
1196,2024-04-02,196,107,33
1197,2024-06-12,883,227,44
1198,2024-06-16,147,167,23
1199,2024-08-17,595,140,39
1200,2026-03-07,444,53,17
1201,2024-09-08,370,182,10
1202,2023-05-11,235,154,47
1203,2024-03-01,834,108,1
1204,2023-05-23,556,214,2
1205,2023-04-02,931,160,40
1206,2026-04-10,930,191,32
1207,2025-07-09,364,164,39
1208,2023-01-28,67,200,23
1209,2023-01-15,389,68,1
1210,2024-04-15,633,63,38
1211,2025-12-25,965,115,4
1212,2024-03-20,568,25,7
1213,2023-03-22,796,76,26
1214,2024-07-31,147,15,1
1215,2026-03-27,105,27,19
1216,2026-07-08,962,28,28
1217,2024-02-14,13,22,27
1218,2024-08-29,260,16,42
1219,2023-12-01,810,39,28
1220,2025-06-29,129,207,33
1221,2025-11-11,8,115,4
1222,2023-07-19,876,228,48
1223,2026-01-24,609,22,27
1224,2025-11-07,582,30,38
1225,2024-06-29,640,243,26
1226,2023-11-10,470,196,10
1227,2025-11-26,938,159,37
1228,2025-11-11,901,229,47
1229,2026-01-05,362,41,39
1230,2025-04-03,94,51,13
1231,2023-08-03,474,18,21
1232,2024-09-26,778,92,11
1233,2024-04-03,874,209,11
1234,2024-08-29,973,6,10
1235,2025-11-05,723,151,44
1236,2024-04-25,355,231,20
1237,2025-12-08,473,45,17
1238,2025-10-26,908,210,19
1239,2024-03-09,707,43,30
1240,2026-02-09,374,154,47
1241,2026-05-30,402,5,39
1242,2024-02-26,375,200,23
1243,2026-02-17,152,76,26
1244,2024-02-07,463,154,47
1245,2024-08-01,980,157,27
1246,2025-06-21,622,69,36
1247,2024-12-21,786,223,6
1248,2025-02-15,875,108,1
1249,2025-03-27,496,26,13
1250,2026-05-18,324,73,22
1251,2023-03-21,283,91,20
1252,2025-10-07,613,111,21
1253,2024-04-27,331,21,45
1254,2025-04-25,583,152,27
1255,2026-03-23,410,23,29
1256,2024-07-15,965,96,48
1257,2024-09-18,133,171,37
1258,2026-07-25,514,144,19
1259,2025-06-09,850,220,30
1260,2024-02-08,730,130,25
1261,2025-02-15,853,249,20
1262,2025-03-07,285,122,42
1263,2025-02-17,302,215,5
1264,2026-01-06,531,156,50
1265,2023-04-29,877,47,20
1266,2024-11-20,797,151,44
1267,2026-03-19,56,26,13
1268,2025-07-04,219,140,39
1269,2023-06-24,419,100,14
1270,2024-02-12,43,154,47
1271,2025-07-20,295,144,19
1272,2025-09-26,884,83,37
1273,2025-10-31,656,22,27
1274,2025-03-27,177,20,22
1275,2023-10-29,311,183,6
1276,2023-05-09,199,156,50
1277,2025-05-27,410,13,29
1278,2024-07-11,150,237,45
1279,2024-11-21,805,245,41
1280,2023-02-05,795,187,35
1281,2026-04-07,2,194,49
1282,2024-02-29,988,193,28
1283,2026-01-21,354,140,39
1284,2025-01-23,474,29,46
1285,2026-04-28,648,42,39
1286,2023-10-23,514,239,25
1287,2025-11-17,163,10,27
1288,2023-03-31,827,72,2
1289,2023-04-16,309,75,30
1290,2025-07-23,159,91,20
1291,2024-05-24,778,131,5
1292,2023-02-07,961,27,19
1293,2025-03-05,775,197,18
1294,2023-06-23,511,237,45
1295,2025-09-17,688,57,5
1296,2023-07-12,948,195,32
1297,2024-07-05,930,212,36
1298,2023-06-04,398,108,1
1299,2026-03-25,625,176,4
1300,2024-12-19,978,8,17
1301,2023-07-10,975,42,39
1302,2024-07-03,283,99,42
1303,2024-03-23,75,82,8
1304,2023-04-04,641,35,8
1305,2023-03-04,961,46,22
1306,2026-06-21,48,188,23
1307,2025-12-18,245,114,41
1308,2024-08-09,12,4,8
1309,2026-01-27,513,32,37
1310,2025-07-19,341,233,47
1311,2024-01-01,493,139,39
1312,2023-03-27,462,18,21
1313,2024-09-03,157,89,20
1314,2023-07-07,539,13,29
1315,2026-03-15,570,42,39
1316,2023-07-17,650,197,18
1317,2024-11-14,718,16,42
1318,2025-07-29,284,29,46
1319,2025-08-28,78,118,12
1320,2025-08-22,410,222,23
1321,2024-09-21,802,150,11
1322,2023-05-08,59,68,1
1323,2024-08-30,879,169,22
1324,2024-11-02,869,10,27
1325,2024-12-10,92,38,36
1326,2024-08-29,715,212,36
1327,2025-08-13,85,181,41
1328,2023-01-31,32,106,50
1329,2025-08-06,377,168,46
1330,2026-02-12,671,145,18
1331,2026-04-11,296,139,39
1332,2023-09-18,285,71,16
1333,2023-06-14,184,142,6
1334,2023-03-14,54,85,28
1335,2023-08-27,796,80,4
1336,2025-05-23,97,248,38
1337,2025-11-27,402,21,45
1338,2025-03-15,803,200,23
1339,2023-06-19,789,165,44
1340,2023-04-11,960,68,1
1341,2023-06-26,125,127,10
1342,2025-08-07,121,186,31
1343,2024-01-19,722,153,38
1344,2023-11-22,839,91,20
1345,2023-11-11,720,124,10
1346,2024-05-07,419,85,28
1347,2023-08-12,184,91,20
1348,2024-02-13,350,99,42
1349,2023-04-02,327,212,36
1350,2023-11-20,39,3,40
1351,2023-07-14,929,234,18
1352,2023-12-22,505,90,20
1353,2023-09-27,447,78,37
1354,2024-02-06,608,176,4
1355,2024-07-06,673,102,46
1356,2025-11-05,857,246,1
1357,2024-05-11,117,145,18
1358,2024-06-16,641,93,35
1359,2023-03-13,896,141,49
1360,2024-12-31,282,241,19
1361,2025-07-07,634,122,42
1362,2023-05-08,140,225,46
1363,2023-07-23,283,228,48
1364,2024-12-05,231,134,50
1365,2024-01-12,799,151,44
1366,2025-08-15,144,168,46
1367,2023-03-23,415,172,7
1368,2023-06-13,138,78,37
1369,2023-08-17,222,61,14
1370,2024-04-29,467,181,41
1371,2023-01-26,133,159,37
1372,2025-02-15,427,220,30
1373,2024-08-12,836,148,46
1374,2024-03-17,338,218,22
1375,2025-09-20,669,245,41
1376,2025-12-29,265,168,46
1377,2025-09-01,570,61,14
1378,2024-08-17,440,16,42
1379,2025-12-22,725,52,20
1380,2023-04-04,273,128,45
1381,2023-11-09,665,92,11
1382,2023-10-27,640,161,10
1383,2023-11-29,500,46,22
1384,2023-12-16,687,246,1
1385,2024-11-18,482,46,22
1386,2026-06-21,460,3,40
1387,2025-06-20,581,196,10
1388,2025-09-19,367,121,41
1389,2024-04-13,185,201,40
1390,2025-06-06,774,72,2
1391,2025-10-15,667,15,1
1392,2026-04-10,576,164,39
1393,2026-05-16,998,229,47
1394,2023-08-07,208,35,8
1395,2023-04-22,834,119,3
1396,2023-09-18,998,74,41
1397,2023-06-17,221,131,5
1398,2026-03-12,150,212,36
1399,2025-10-18,78,212,36
1400,2023-04-12,560,4,8
1401,2023-04-07,313,180,18
1402,2025-01-20,807,90,20
1403,2025-10-28,270,186,31
1404,2023-09-17,712,147,16
1405,2023-12-07,393,220,30
1406,2025-12-12,584,38,36
1407,2023-01-29,563,1,46
1408,2024-04-21,372,6,10
1409,2026-01-31,96,215,5
1410,2025-01-01,175,31,30
1411,2025-11-10,665,31,30
1412,2023-11-25,462,250,24
1413,2023-09-12,235,194,49
1414,2023-01-13,316,139,39
1415,2025-09-27,121,126,22
1416,2024-02-29,344,134,50
1417,2025-05-08,804,59,13
1418,2024-02-13,505,51,13
1419,2023-09-07,801,45,17
1420,2024-04-21,582,118,12
1421,2025-02-02,399,227,44
1422,2023-06-02,217,53,17
1423,2023-05-01,45,210,19
1424,2025-05-21,1,79,33
1425,2023-08-04,412,81,43
1426,2023-03-18,574,75,30
1427,2025-06-05,246,220,30
1428,2024-09-09,581,70,49
1429,2024-11-10,629,60,24
1430,2024-02-04,918,87,25
1431,2026-05-03,789,150,11
1432,2026-04-17,288,112,42
1433,2023-02-06,63,130,25
1434,2026-06-07,149,101,33
1435,2023-09-06,90,136,45
1436,2024-05-03,154,208,7
1437,2025-06-13,983,23,29
1438,2024-06-26,512,116,21
1439,2024-03-12,986,106,50
1440,2026-01-21,19,183,6
1441,2024-12-30,955,225,46
1442,2025-01-18,428,143,46
1443,2023-04-13,701,233,47
1444,2023-07-14,60,68,1
1445,2026-06-15,968,244,2
1446,2025-01-13,880,13,29
1447,2026-03-27,675,144,19
1448,2024-10-18,305,3,40
1449,2023-10-05,903,127,10
1450,2024-05-29,784,240,14
1451,2023-11-27,153,150,11
1452,2023-07-25,175,102,46
1453,2024-04-18,97,246,1
1454,2025-06-11,131,115,4
1455,2024-12-09,336,83,37
1456,2023-06-07,971,119,3
1457,2025-11-05,414,110,28
1458,2024-04-22,258,25,7
1459,2023-04-13,134,143,46
1460,2026-03-25,222,117,41
1461,2024-12-28,504,221,6
1462,2024-09-25,735,166,45
1463,2023-12-07,552,240,14
1464,2023-03-09,681,22,27
1465,2023-09-01,850,83,37
1466,2025-06-25,958,64,14
1467,2025-03-11,508,163,32
1468,2025-08-28,811,234,18
1469,2024-01-18,876,225,46
1470,2023-11-01,800,75,30
1471,2026-02-21,539,25,7
1472,2023-02-12,785,124,10
1473,2026-01-28,569,187,35
1474,2024-08-07,785,195,32
1475,2023-07-25,217,58,15
1476,2025-10-14,242,28,28
1477,2024-03-10,164,93,35
1478,2025-07-15,854,167,23
1479,2025-12-09,587,149,4
1480,2023-05-13,350,213,48
1481,2024-01-01,528,128,45
1482,2023-04-02,209,69,36
1483,2024-07-28,645,14,26
1484,2024-09-20,472,72,2
1485,2023-01-14,543,249,20
1486,2023-07-05,115,2,45
1487,2024-07-14,171,146,21
1488,2023-09-26,270,216,11
1489,2024-03-20,310,185,30
1490,2024-05-27,943,165,44
1491,2025-12-09,971,120,42
1492,2023-06-03,913,35,8
1493,2026-07-08,321,68,1
1494,2023-09-19,323,146,21
1495,2025-01-07,386,205,18
1496,2023-11-23,457,171,37
1497,2026-07-29,387,77,11
1498,2023-11-10,241,250,24
1499,2024-08-07,462,154,47
1500,2024-01-16,163,40,12
1501,2024-12-11,455,219,36
1502,2026-02-27,514,30,38
1503,2023-10-31,453,129,8
1504,2026-05-15,698,121,41
1505,2023-10-05,499,123,1
1506,2024-05-22,871,106,50
1507,2026-07-11,341,148,46
1508,2024-02-02,454,146,21
1509,2023-11-28,558,223,6
1510,2026-04-13,944,4,8
1511,2026-03-03,663,46,22
1512,2023-03-02,860,194,49
1513,2026-05-08,626,199,42
1514,2023-11-01,225,52,20
1515,2023-04-30,720,69,36
1516,2023-05-21,393,60,24
1517,2026-02-16,884,216,11
1518,2024-08-03,317,91,20
1519,2025-11-10,829,72,2
1520,2023-07-05,796,38,36
1521,2024-11-05,535,41,39
1522,2026-03-08,695,207,33
1523,2026-05-21,179,225,46
1524,2026-06-14,345,167,23
1525,2024-03-31,983,82,8
1526,2025-08-10,729,122,42
1527,2025-05-27,455,99,42
1528,2025-02-06,520,130,25
1529,2025-12-02,495,229,47
1530,2024-07-27,651,59,13
1531,2023-07-01,63,42,39
1532,2023-09-27,241,1,46
1533,2024-12-08,22,51,13
1534,2023-01-30,520,35,8
1535,2025-06-26,557,229,47
1536,2023-05-02,126,170,21
1537,2023-05-03,296,188,23
1538,2025-09-23,328,14,26
1539,2023-08-02,666,24,40
1540,2025-10-19,953,246,1
1541,2023-12-16,538,111,21
1542,2023-12-28,201,166,45
1543,2024-06-05,380,204,44
1544,2023-03-21,500,119,3
1545,2023-05-23,149,191,32
1546,2023-03-31,75,116,21
1547,2025-01-03,543,72,2
1548,2025-12-31,334,220,30
1549,2026-06-28,726,137,33
1550,2025-11-30,548,162,17
1551,2025-02-24,677,91,20
1552,2024-10-19,976,155,47
1553,2023-09-18,837,2,45
1554,2026-07-15,221,166,45
1555,2025-02-24,881,88,36
1556,2023-01-31,949,202,41
1557,2026-06-17,372,162,17
1558,2023-03-02,883,65,30
1559,2024-11-11,145,134,50
1560,2024-04-03,866,122,42
1561,2026-07-13,718,146,21
1562,2025-08-16,309,6,10
1563,2025-02-01,513,185,30
1564,2023-01-05,894,165,44
1565,2024-03-16,748,219,36
1566,2025-02-25,621,139,39
1567,2024-08-02,786,64,14
1568,2023-04-22,493,103,7
1569,2025-01-31,639,126,22
1570,2024-05-06,948,243,26
1571,2025-08-20,571,111,21
1572,2023-11-04,105,160,40
1573,2024-11-28,196,27,19
1574,2025-08-12,466,148,46
1575,2023-02-17,740,72,2
1576,2023-08-10,997,90,20
1577,2025-08-29,915,74,41
1578,2023-11-16,8,198,9
1579,2026-02-24,450,134,50
1580,2025-05-18,113,89,20
1581,2026-02-06,384,43,30
1582,2023-05-03,210,150,11
1583,2025-09-08,571,85,28
1584,2023-10-21,779,91,20
1585,2023-02-04,718,100,14
1586,2026-03-23,733,92,11
1587,2023-07-11,654,36,37
1588,2023-03-14,167,45,17
1589,2026-07-08,518,54,14
1590,2023-07-23,312,20,22
1591,2024-05-22,536,229,47
1592,2023-04-26,633,2,45
1593,2026-05-10,270,184,37
1594,2025-05-02,301,34,7
1595,2024-04-08,809,236,38
1596,2025-01-19,555,160,40
1597,2026-07-12,418,212,36
1598,2024-06-28,66,199,42
1599,2024-08-19,595,28,28
1600,2026-07-31,636,77,11
1601,2024-04-04,504,236,38
1602,2023-04-17,555,132,16
1603,2026-04-19,430,144,19
1604,2023-11-10,737,163,32
1605,2026-05-29,481,10,27
1606,2023-11-23,253,130,25
1607,2023-02-12,108,149,4
1608,2026-06-16,327,11,37
1609,2023-06-29,836,161,10
1610,2026-04-02,565,124,10
1611,2025-01-08,984,76,26
1612,2025-09-18,792,106,50
1613,2024-10-20,798,72,2
1614,2026-06-20,396,39,28
1615,2026-02-07,487,123,1
1616,2023-02-09,351,58,15
1617,2026-01-06,230,120,42
1618,2025-03-07,530,95,1
1619,2023-09-13,932,124,10
1620,2025-05-04,533,5,39
1621,2023-02-24,907,91,20
1622,2024-07-08,783,58,15
1623,2023-11-22,884,92,11
1624,2024-07-31,808,192,2
1625,2023-04-08,550,228,48
1626,2025-06-10,795,122,42
1627,2025-06-17,644,1,46
1628,2026-07-10,435,17,5
1629,2025-12-05,181,25,7
1630,2023-05-18,627,232,46
1631,2024-10-17,664,162,17
1632,2025-07-17,15,104,6
1633,2024-12-03,52,55,33
1634,2025-04-17,717,127,10
1635,2024-01-19,413,48,43
1636,2025-09-15,48,30,38
1637,2023-09-19,783,205,18
1638,2024-01-24,70,61,14
1639,2025-10-03,273,138,38
1640,2024-01-13,811,55,33
1641,2024-07-08,396,243,26
1642,2024-07-11,164,131,5
1643,2024-04-25,454,229,47
1644,2025-04-22,355,218,22
1645,2024-07-21,278,181,41
1646,2025-07-10,596,100,14
1647,2025-01-24,131,227,44
1648,2025-07-26,236,156,50
1649,2023-07-17,251,207,33
1650,2025-07-18,255,79,33
1651,2024-09-15,778,163,32
1652,2023-07-12,98,177,27
1653,2024-09-28,64,90,20
1654,2025-02-24,540,223,6
1655,2025-09-20,956,19,18
1656,2024-09-14,953,213,48
1657,2023-10-18,625,191,32
1658,2023-11-05,34,86,49
1659,2025-11-12,244,151,44
1660,2024-07-13,313,195,32
1661,2023-01-29,204,56,16
1662,2024-11-04,443,43,30
1663,2024-03-31,758,242,6
1664,2024-05-14,772,86,49
1665,2025-04-01,576,134,50
1666,2024-07-03,663,197,18
1667,2025-01-17,296,191,32
1668,2026-05-03,682,141,49
1669,2025-05-13,265,247,48
1670,2025-10-04,847,136,45
1671,2024-09-17,287,52,20
1672,2023-03-24,590,241,19
1673,2025-12-23,767,44,29
1674,2023-09-24,601,63,38
1675,2024-06-09,956,181,41
1676,2025-09-09,146,227,44
1677,2024-05-05,421,35,8
1678,2023-08-05,685,90,20
1679,2026-01-27,85,55,33
1680,2025-11-14,933,9,28
1681,2024-06-06,986,190,1
1682,2026-03-12,57,134,50
1683,2024-08-26,993,136,45
1684,2024-02-06,460,37,6
1685,2026-07-23,179,67,20
1686,2026-01-26,967,94,27
1687,2024-12-01,476,194,49
1688,2024-06-21,983,46,22
1689,2023-01-27,682,156,50
1690,2024-02-03,79,41,39
1691,2025-02-10,72,55,33
1692,2023-10-26,695,133,24
1693,2023-03-25,877,77,11
1694,2026-01-11,789,135,5
1695,2026-04-16,498,101,33
1696,2025-06-26,288,120,42
1697,2024-01-01,417,70,49
1698,2023-06-09,57,176,4
1699,2023-04-22,722,93,35
1700,2024-07-12,317,146,21
1701,2025-03-26,446,79,33
1702,2025-02-01,34,111,21
1703,2024-08-14,696,100,14
1704,2024-10-09,470,191,32
1705,2026-06-03,463,39,28
1706,2025-11-10,893,57,5
1707,2025-09-09,886,92,11
1708,2023-01-02,736,151,44
1709,2026-05-07,709,24,40
1710,2023-12-03,736,22,27
1711,2023-02-15,466,114,41
1712,2025-07-16,962,31,30
1713,2026-04-13,881,77,11
1714,2023-09-07,34,63,38
1715,2026-06-06,212,246,1
1716,2023-10-19,548,120,42
1717,2023-12-03,604,92,11
1718,2026-05-30,580,59,13
1719,2023-04-24,522,121,41
1720,2026-01-09,876,150,11
1721,2023-11-24,370,95,1
1722,2023-06-22,71,33,26
1723,2023-08-19,652,31,30
1724,2023-10-03,90,115,4
1725,2025-01-17,635,49,24
1726,2024-10-30,426,221,6
1727,2024-05-22,886,243,26
1728,2026-06-17,621,104,6
1729,2024-08-13,791,186,31
1730,2024-06-10,75,160,40
1731,2024-04-07,136,72,2
1732,2025-01-09,416,62,7
1733,2024-01-17,545,36,37
1734,2026-07-23,660,66,5
1735,2024-10-04,408,94,27
1736,2024-05-07,150,54,14
1737,2024-05-14,256,104,6
1738,2024-01-23,487,222,23
1739,2024-09-12,339,27,19
1740,2025-12-12,812,138,38
1741,2023-08-16,425,21,45
1742,2026-01-11,854,207,33
1743,2024-02-12,902,184,37
1744,2025-07-05,673,90,20
1745,2026-02-21,720,191,32
1746,2025-12-14,909,138,38
1747,2025-03-18,523,105,47
1748,2025-01-01,115,118,12
1749,2025-03-25,748,73,22
1750,2025-09-18,830,107,33
1751,2024-10-12,687,27,19
1752,2024-04-01,492,42,39
1753,2023-10-15,129,152,27
1754,2026-03-28,104,47,20
1755,2024-12-18,702,11,37
1756,2025-07-21,489,175,26
1757,2024-12-04,990,23,29
1758,2023-10-07,184,138,38
1759,2024-12-05,772,48,43
1760,2025-08-04,669,137,33
1761,2025-12-21,994,40,12
1762,2026-01-23,362,164,39
1763,2025-03-05,912,231,20
1764,2025-06-18,761,46,22
1765,2026-05-17,221,115,4
1766,2024-02-06,711,131,5
1767,2025-05-15,747,237,45
1768,2024-12-18,186,203,5
1769,2026-01-03,318,76,26
1770,2024-10-06,646,216,11
1771,2023-07-13,822,85,28
1772,2023-05-11,351,143,46
1773,2023-02-03,205,123,1
1774,2023-10-20,800,95,1
1775,2024-08-15,41,141,49
1776,2023-04-30,868,245,41
1777,2023-10-19,633,67,20
1778,2023-07-03,26,189,48
1779,2025-02-18,238,137,33
1780,2024-03-29,844,207,33
1781,2025-08-07,154,62,7
1782,2024-03-18,149,76,26
1783,2025-11-28,844,47,20
1784,2025-01-02,303,243,26
1785,2026-02-21,86,190,1
1786,2025-02-14,886,90,20
1787,2023-09-12,121,85,28
1788,2025-08-27,617,72,2
1789,2023-02-03,254,94,27
1790,2025-10-01,83,43,30
1791,2025-05-23,742,210,19
1792,2023-05-26,23,227,44
1793,2023-05-23,753,67,20
1794,2023-09-09,892,228,48
1795,2023-02-23,894,170,21
1796,2024-04-04,347,142,6
1797,2025-08-07,504,35,8
1798,2025-04-17,550,69,36
1799,2024-03-28,917,129,8
1800,2026-05-21,558,53,17
1801,2023-12-05,176,223,6
1802,2025-07-06,775,103,7
1803,2023-07-26,135,127,10
1804,2025-10-25,560,189,48
1805,2023-02-28,351,187,35
1806,2023-04-18,947,183,6
1807,2023-04-28,624,100,14
1808,2025-04-13,710,120,42
1809,2023-09-27,341,139,39
1810,2023-05-25,416,138,38
1811,2025-01-14,642,109,39
1812,2023-10-29,163,165,44
1813,2024-02-24,731,250,24
1814,2024-12-05,728,58,15
1815,2023-01-03,808,140,39
1816,2025-05-12,464,191,32
1817,2023-09-24,773,214,2
1818,2025-03-03,45,73,22
1819,2024-06-16,774,246,1
1820,2025-07-27,934,164,39
1821,2023-05-17,932,138,38
1822,2026-05-02,540,98,37
1823,2023-12-03,639,109,39
1824,2023-03-08,235,226,21
1825,2023-04-08,868,41,39
1826,2025-09-29,601,36,37
1827,2026-03-23,512,97,9
1828,2023-12-27,551,33,26
1829,2024-06-27,173,1,46
1830,2026-03-05,164,199,42
1831,2024-01-07,639,209,11
1832,2024-05-14,666,36,37
1833,2024-07-28,439,154,47
1834,2025-10-20,958,50,8
1835,2026-06-25,726,136,45
1836,2025-03-18,919,92,11
1837,2025-07-29,916,146,21
1838,2023-08-09,5,3,40
1839,2025-02-03,410,109,39
1840,2026-01-10,85,57,5
1841,2026-02-12,503,218,22
1842,2026-06-15,895,120,42
1843,2023-11-10,667,132,16
1844,2023-09-22,484,157,27
1845,2023-04-16,700,66,5
1846,2024-05-08,88,4,8
1847,2023-05-01,932,182,10
1848,2023-08-11,426,90,20
1849,2025-06-29,480,124,10
1850,2025-05-06,727,152,27
1851,2025-04-08,139,155,47
1852,2026-07-20,370,198,9
1853,2025-01-23,135,132,16
1854,2024-11-25,913,170,21
1855,2024-02-23,885,53,17
1856,2026-01-05,204,128,45
1857,2026-06-28,326,238,45
1858,2026-01-28,842,99,42
1859,2026-03-08,866,95,1
1860,2024-02-10,542,19,18
1861,2026-05-05,879,72,2
1862,2026-05-31,291,160,40
1863,2024-03-25,933,143,46
1864,2026-04-28,139,183,6
1865,2025-07-15,787,112,42
1866,2025-03-11,680,2,45
1867,2026-06-20,915,146,21
1868,2025-11-13,20,207,33
1869,2023-11-13,825,3,40
1870,2026-03-31,250,75,30
1871,2025-01-30,487,154,47
1872,2023-01-27,699,212,36
1873,2023-06-11,204,46,22
1874,2025-08-02,334,123,1
1875,2025-01-01,756,237,45
1876,2023-03-10,504,43,30
1877,2023-06-16,408,15,1
1878,2026-02-20,131,221,6
1879,2026-06-20,338,203,5
1880,2023-12-28,518,143,46
1881,2023-04-20,836,215,5
1882,2023-06-21,205,61,14
1883,2023-09-19,407,44,29
1884,2025-05-11,568,96,48
1885,2023-03-15,485,111,21
1886,2025-05-09,187,27,19
1887,2024-06-20,377,73,22
1888,2025-03-28,452,142,6
1889,2026-06-30,207,51,13
1890,2025-02-27,865,214,2
1891,2023-03-15,854,135,5
1892,2026-03-24,739,191,32
1893,2024-11-16,785,134,50
1894,2023-06-27,343,52,20
1895,2024-07-09,199,116,21
1896,2025-01-21,824,73,22
1897,2024-08-11,868,173,26
1898,2023-09-02,126,2,45
1899,2025-06-16,376,178,19
1900,2025-10-07,953,212,36
1901,2025-01-11,414,78,37
1902,2025-11-18,541,205,18
1903,2025-04-07,656,17,5
1904,2024-07-30,214,141,49
1905,2023-09-12,240,166,45
1906,2024-10-25,509,187,35
1907,2024-08-06,126,160,40
1908,2024-07-28,798,31,30
1909,2024-12-20,800,203,5
1910,2023-03-08,521,28,28
1911,2023-07-07,765,155,47
1912,2024-07-18,948,172,7
1913,2025-01-30,713,37,6
1914,2025-03-26,12,14,26
1915,2023-06-05,793,246,1
1916,2023-05-20,569,162,17
1917,2025-02-03,426,106,50
1918,2025-05-09,427,2,45
1919,2024-02-25,353,171,37
1920,2025-05-29,105,35,8
1921,2024-07-23,540,88,36
1922,2025-10-14,244,240,14
1923,2024-11-16,207,244,2
1924,2023-01-15,59,167,23
1925,2024-03-11,725,134,50
1926,2024-06-16,365,10,27
1927,2025-07-19,990,134,50
1928,2024-10-31,556,228,48
1929,2025-12-28,251,181,41
1930,2026-06-10,854,182,10
1931,2025-10-27,324,57,5
1932,2025-02-28,539,191,32
1933,2024-06-15,389,158,24
1934,2025-10-27,457,148,46
1935,2024-02-19,19,200,23
1936,2023-12-03,189,147,16
1937,2026-05-12,772,190,1
1938,2026-03-17,458,84,16
1939,2023-08-16,818,159,37
1940,2023-09-22,265,17,5
1941,2024-05-23,475,53,17
1942,2024-07-21,259,89,20
1943,2023-03-07,805,51,13
1944,2023-04-22,245,109,39
1945,2023-05-27,476,125,35
1946,2024-03-14,66,6,10
1947,2025-08-09,534,11,37
1948,2025-11-12,533,127,10
1949,2025-11-30,803,210,19
1950,2026-02-24,446,94,27
1951,2026-05-21,793,97,9
1952,2024-09-30,218,89,20
1953,2025-12-03,561,188,23
1954,2025-12-26,394,47,20
1955,2023-04-11,589,106,50
1956,2025-08-06,142,103,7
1957,2024-05-02,100,1,46
1958,2023-12-09,965,65,30
1959,2025-10-18,233,62,7
1960,2026-07-23,207,143,46
1961,2026-03-10,928,65,30
1962,2025-05-23,354,141,49
1963,2026-03-18,910,21,45
1964,2026-02-10,374,81,43
1965,2023-04-11,327,58,15
1966,2024-05-27,508,81,43
1967,2024-02-13,245,182,10
1968,2025-10-30,712,16,42
1969,2023-06-23,687,163,32
1970,2026-07-05,470,199,42
1971,2026-04-21,44,191,32
1972,2026-03-18,310,249,20
1973,2025-10-24,277,22,27
1974,2026-07-19,922,226,21
1975,2024-04-28,208,20,22
1976,2025-11-10,981,116,21
1977,2024-05-07,385,116,21
1978,2025-07-29,351,225,46
1979,2024-03-30,953,22,27
1980,2023-05-21,326,206,6
1981,2025-08-06,36,176,4
1982,2025-02-13,596,2,45
1983,2023-08-05,596,114,41
1984,2026-07-09,533,200,23
1985,2025-07-29,883,172,7
1986,2025-07-04,939,90,20
1987,2023-10-27,538,2,45
1988,2024-05-24,291,95,1
1989,2025-03-13,418,89,20
1990,2024-04-20,659,19,18
1991,2024-08-19,54,123,1
1992,2026-06-04,703,50,8
1993,2023-01-05,258,156,50
1994,2024-05-11,237,246,1
1995,2024-01-04,246,136,45
1996,2024-07-27,118,229,47
1997,2024-02-13,195,73,22
1998,2026-06-06,453,222,23
1999,2025-02-13,35,234,18
2000,2023-11-16,220,55,33
2001,2024-12-26,957,215,5
2002,2026-03-29,818,172,7
2003,2024-12-04,556,148,46
2004,2025-11-30,943,126,22
2005,2026-03-24,778,54,14
2006,2023-12-26,733,233,47
2007,2026-06-07,45,121,41
2008,2023-09-15,643,83,37
2009,2024-02-01,677,149,4
2010,2023-04-06,498,158,24
2011,2023-11-10,524,95,1
2012,2025-09-21,514,133,24
2013,2023-07-03,216,140,39
2014,2026-05-26,52,215,5
2015,2025-03-31,234,49,24
2016,2025-02-27,973,84,16
2017,2023-03-18,992,218,22
2018,2023-10-29,943,42,39
2019,2024-10-18,692,55,33
2020,2024-03-30,355,65,30
2021,2025-11-13,257,101,33
2022,2023-09-14,244,156,50
2023,2024-07-17,830,66,5
2024,2024-02-04,445,36,37
2025,2025-08-15,242,185,30
2026,2024-04-24,612,128,45
2027,2023-10-06,72,249,20
2028,2026-01-31,904,207,33
2029,2024-10-02,413,109,39
2030,2024-01-09,416,30,38
2031,2024-02-11,296,142,6
2032,2024-02-07,400,199,42
2033,2025-08-03,256,37,6
2034,2024-07-06,888,210,19
2035,2024-03-03,63,183,6
2036,2024-09-04,153,34,7
2037,2025-02-10,690,88,36
2038,2023-01-21,781,160,40
2039,2025-11-08,375,129,8
2040,2023-04-08,984,62,7
2041,2026-05-08,982,182,10
2042,2026-04-05,966,208,7
2043,2026-01-08,321,1,46
2044,2025-01-31,905,117,41
2045,2024-02-03,575,122,42
2046,2026-05-18,27,217,50
2047,2023-02-14,80,186,31
2048,2023-05-10,673,99,42
2049,2026-01-29,454,118,12
2050,2023-11-06,660,134,50
2051,2023-10-11,560,209,11
2052,2023-12-21,101,179,39
2053,2024-11-10,165,239,25
2054,2023-05-05,266,68,1
2055,2024-04-22,691,2,45
2056,2024-09-09,648,57,5
2057,2024-01-29,669,29,46
2058,2024-03-31,159,134,50
2059,2023-01-10,930,4,8
2060,2024-11-16,128,159,37
2061,2026-03-31,805,229,47
2062,2026-05-01,133,238,45
2063,2025-05-11,886,21,45
2064,2024-03-02,271,8,17
2065,2023-04-26,723,131,5
2066,2023-06-14,66,28,28
2067,2025-01-13,639,49,24
2068,2025-04-30,692,169,22
2069,2024-11-03,403,163,32
2070,2023-06-14,96,197,18
2071,2026-05-12,732,129,8
2072,2024-09-22,550,122,42
2073,2026-05-14,283,175,26
2074,2024-09-20,900,120,42
2075,2023-12-03,774,235,12
2076,2025-03-06,729,196,10
2077,2024-05-28,51,189,48
2078,2025-07-19,62,11,37
2079,2025-06-28,938,141,49
2080,2023-01-12,697,103,7
2081,2025-09-09,734,196,10
2082,2024-08-12,868,85,28
2083,2023-04-06,268,245,41
2084,2023-01-04,373,67,20
2085,2026-04-26,813,195,32
2086,2023-03-03,523,114,41
2087,2025-08-29,293,74,41
2088,2025-11-10,877,207,33
2089,2023-02-10,818,202,41
2090,2024-05-16,568,51,13
2091,2024-03-14,251,229,47
2092,2026-05-05,704,189,48
2093,2024-10-15,130,226,21
2094,2025-10-12,479,144,19
2095,2024-05-12,662,119,3
2096,2026-04-21,608,51,13
2097,2023-04-24,577,123,1
2098,2026-03-31,368,169,22
2099,2025-02-28,300,4,8
2100,2023-05-23,514,23,29
2101,2024-12-19,773,191,32
2102,2026-04-12,859,66,5
2103,2024-05-26,296,172,7
2104,2023-07-07,27,190,1
2105,2026-01-13,489,112,42
2106,2023-04-28,370,30,38
2107,2024-02-13,175,147,16
2108,2024-08-28,3,221,6
2109,2026-07-25,843,36,37
2110,2025-05-29,705,30,38
2111,2024-06-20,259,5,39
2112,2023-04-20,460,132,16
2113,2025-01-11,492,36,37
2114,2024-10-27,774,148,46
2115,2023-07-25,326,119,3
2116,2026-05-11,379,122,42
2117,2026-03-09,137,111,21
2118,2025-02-28,119,56,16
2119,2023-09-07,761,111,21
2120,2025-01-02,510,137,33
2121,2023-05-01,104,8,17
2122,2025-11-22,973,102,46
2123,2025-12-03,110,112,42
2124,2024-12-13,887,159,37
2125,2025-10-11,604,146,21
2126,2024-04-20,974,35,8
2127,2025-08-23,715,226,21
2128,2026-06-22,701,90,20
2129,2024-02-17,377,208,7
2130,2026-02-14,230,105,47
2131,2025-01-02,961,123,1
2132,2024-07-23,279,249,20
2133,2024-01-18,373,45,17
2134,2025-12-07,850,27,19
2135,2023-11-01,476,116,21
2136,2025-07-05,628,93,35
2137,2024-10-06,899,159,37
2138,2023-11-11,581,157,27
2139,2025-11-03,713,101,33
2140,2025-08-10,32,46,22
2141,2023-06-02,924,124,10
2142,2023-02-27,333,71,16
2143,2026-04-15,376,98,37
2144,2024-03-13,686,79,33
2145,2024-01-26,904,70,49
2146,2023-10-11,457,247,48
2147,2023-06-14,346,57,5
2148,2025-09-02,623,233,47
2149,2026-03-15,420,3,40
2150,2023-11-02,181,189,48
2151,2025-12-27,728,249,20
2152,2023-01-21,764,119,3
2153,2025-09-28,244,153,38
2154,2024-09-24,517,5,39
2155,2024-03-13,188,131,5
2156,2023-02-28,344,182,10
2157,2023-01-20,737,107,33
2158,2025-09-27,923,241,19
2159,2024-05-20,381,168,46
2160,2025-04-28,421,196,10
2161,2024-09-07,627,99,42
2162,2023-03-26,699,118,12
2163,2026-02-19,927,226,21
2164,2023-06-10,211,98,37
2165,2023-11-22,46,30,38
2166,2025-12-05,6,140,39
2167,2024-09-28,661,18,21
2168,2026-02-10,489,7,3
2169,2024-12-08,550,21,45
2170,2025-09-03,920,210,19
2171,2025-04-21,225,17,5
2172,2026-01-27,830,209,11
2173,2023-05-01,445,109,39
2174,2023-11-16,141,213,48
2175,2024-05-31,496,45,17
2176,2025-06-03,791,98,37
2177,2024-03-15,60,26,13
2178,2024-12-15,428,202,41
2179,2025-08-06,281,119,3
2180,2023-04-19,109,136,45
2181,2025-06-23,30,129,8
2182,2025-07-31,808,128,45
2183,2025-05-12,640,245,41
2184,2025-07-02,711,205,18
2185,2023-05-29,110,112,42
2186,2024-02-11,670,166,45
2187,2024-06-25,572,70,49
2188,2023-04-03,989,180,18
2189,2023-09-02,877,175,26
2190,2024-04-09,715,234,18
2191,2025-05-28,89,34,7
2192,2024-06-18,894,21,45
2193,2023-04-10,426,45,17
2194,2026-04-25,663,123,1
2195,2026-07-30,139,58,15
2196,2025-06-14,994,208,7
2197,2023-02-04,746,77,11
2198,2024-10-11,867,96,48
2199,2023-06-27,890,61,14
2200,2025-07-05,565,240,14
2201,2024-11-25,572,29,46
2202,2025-01-28,769,26,13
2203,2026-01-31,693,62,7
2204,2026-04-21,248,127,10
2205,2023-04-10,286,202,41
2206,2023-09-24,556,78,37
2207,2023-05-12,157,183,6
2208,2025-12-20,75,52,20
2209,2024-06-20,334,24,40
2210,2023-11-25,390,188,23
2211,2025-01-15,82,12,39
2212,2024-07-07,632,96,48
2213,2025-06-23,511,34,7
2214,2023-12-06,208,223,6
2215,2026-01-09,839,248,38
2216,2025-09-02,94,75,30
2217,2024-03-14,838,197,18
2218,2024-08-09,573,166,45
2219,2024-05-15,211,212,36
2220,2026-07-04,3,79,33
2221,2025-03-18,459,232,46
2222,2024-08-11,119,220,30
2223,2026-05-19,718,117,41
2224,2024-10-05,499,116,21
2225,2025-07-11,42,208,7
2226,2026-07-02,324,207,33
2227,2024-04-25,699,163,32
2228,2025-03-28,632,106,50
2229,2024-03-10,847,82,8
2230,2025-09-10,949,176,4
2231,2023-02-06,927,187,35
2232,2023-11-04,151,166,45
2233,2025-07-10,483,130,25
2234,2024-09-09,518,25,7
2235,2023-06-05,404,219,36
2236,2023-02-04,500,8,17
2237,2023-02-23,149,120,42
2238,2024-10-10,553,168,46
2239,2025-12-01,135,178,19
2240,2023-04-16,819,69,36
2241,2025-09-06,47,172,7
2242,2023-01-08,526,71,16
2243,2023-11-27,674,153,38
2244,2024-04-27,221,213,48
2245,2024-07-21,534,148,46
2246,2023-03-26,998,227,44
2247,2023-09-27,86,72,2
2248,2025-01-31,31,120,42
2249,2025-10-01,857,225,46
2250,2024-04-10,477,213,48
2251,2026-04-14,291,197,18
2252,2024-12-30,196,11,37
2253,2024-09-04,930,146,21
2254,2025-09-15,159,122,42
2255,2025-10-31,482,132,16
2256,2023-07-04,824,224,14
2257,2025-09-16,922,85,28
2258,2025-10-31,65,142,6
2259,2025-03-16,264,79,33
2260,2026-07-15,707,35,8
2261,2024-06-26,580,119,3
2262,2023-07-24,32,50,8
2263,2024-10-03,375,231,20
2264,2024-10-21,588,248,38
2265,2023-02-02,152,78,37
2266,2025-11-03,326,117,41
2267,2025-11-19,190,138,38
2268,2025-03-22,653,24,40
2269,2023-07-04,460,35,8
2270,2024-03-04,942,83,37
2271,2024-08-08,95,78,37
2272,2023-04-03,679,195,32
2273,2025-02-27,976,130,25
2274,2023-02-21,228,125,35
2275,2024-10-29,824,102,46
2276,2025-01-14,750,29,46
2277,2024-11-24,463,14,26
2278,2023-04-28,368,155,47
2279,2025-10-10,467,143,46
2280,2025-04-26,424,8,17
2281,2024-12-23,318,232,46
2282,2024-10-11,617,118,12
2283,2024-04-14,790,33,26
2284,2025-10-07,848,212,36
2285,2023-08-08,969,1,46
2286,2023-09-20,889,193,28
2287,2024-12-11,828,220,30
2288,2023-07-30,801,181,41
2289,2025-01-30,40,172,7
2290,2026-04-21,219,131,5
2291,2024-01-10,882,65,30
2292,2024-02-27,656,13,29
2293,2024-01-01,490,56,16
2294,2026-06-05,637,169,22
2295,2026-07-22,390,103,7
2296,2023-05-23,626,178,19
2297,2025-08-18,65,57,5
2298,2025-05-08,920,115,4
2299,2023-03-12,358,64,14
2300,2026-05-01,197,139,39
2301,2023-07-16,262,77,11
2302,2025-11-02,294,16,42
2303,2023-11-20,410,92,11
2304,2026-03-09,614,143,46
2305,2025-03-05,615,22,27
2306,2024-01-15,537,27,19
2307,2026-03-11,666,227,44
2308,2025-09-27,363,163,32
2309,2023-05-13,632,158,24
2310,2026-02-26,465,246,1
2311,2023-11-10,55,240,14
2312,2026-05-19,154,61,14
2313,2026-02-13,911,14,26
2314,2026-03-16,712,232,46
2315,2024-08-29,869,238,45
2316,2025-09-17,524,109,39
2317,2023-04-09,543,128,45
2318,2025-10-25,999,175,26
2319,2024-06-23,220,101,33
2320,2023-12-27,731,114,41
2321,2023-12-13,869,11,37
2322,2023-02-27,100,212,36
2323,2026-01-07,639,91,20
2324,2026-03-11,406,77,11
2325,2026-06-20,24,10,27
2326,2026-05-04,450,214,2
2327,2025-11-22,406,146,21
2328,2025-12-24,767,183,6
2329,2025-08-15,758,8,17
2330,2023-01-25,859,241,19
2331,2024-04-06,827,135,5
2332,2025-11-12,789,112,42
2333,2024-08-08,367,205,18
2334,2023-08-30,294,163,32
2335,2026-01-29,924,209,11
2336,2025-12-17,685,177,27
2337,2024-02-08,505,55,33
2338,2026-05-08,30,64,14
2339,2025-07-23,33,235,12
2340,2025-10-18,968,20,22
2341,2023-11-11,830,197,18
2342,2026-04-20,467,215,5
2343,2023-11-20,759,171,37
2344,2026-05-04,785,22,27
2345,2026-05-31,335,111,21
2346,2024-05-21,910,150,11
2347,2026-03-17,539,43,30
2348,2025-05-02,497,58,15
2349,2025-02-06,488,7,3
2350,2023-01-04,159,127,10
2351,2026-02-10,129,29,46
2352,2025-05-14,956,215,5
2353,2023-01-20,930,3,40
2354,2024-08-25,629,214,2
2355,2024-12-04,564,200,23
2356,2023-01-29,415,105,47
2357,2024-09-05,188,239,25
2358,2023-08-27,318,143,46
2359,2025-07-28,777,12,39
2360,2025-01-30,957,143,46
2361,2024-08-30,702,81,43
2362,2024-02-17,603,196,10
2363,2024-11-13,347,81,43
2364,2024-03-13,987,122,42
2365,2023-01-27,113,208,7
2366,2025-09-30,52,144,19
2367,2024-01-22,806,210,19
2368,2025-01-10,370,92,11
2369,2025-09-27,94,77,11
2370,2023-05-19,866,237,45
2371,2024-09-08,483,16,42
2372,2025-01-31,486,12,39
2373,2023-07-08,391,86,49
2374,2024-01-07,539,230,50
2375,2023-02-12,901,157,27
2376,2025-10-19,231,105,47
2377,2024-08-26,764,44,29
2378,2025-10-09,824,11,37
2379,2023-06-03,52,237,45
2380,2024-01-13,763,110,28
2381,2026-02-28,257,208,7
2382,2023-09-03,279,197,18
2383,2024-02-18,905,56,16
2384,2026-05-16,107,241,19
2385,2025-11-04,191,191,32
2386,2025-11-01,986,71,16
2387,2024-05-24,532,189,48
2388,2024-03-12,157,169,22
2389,2024-01-31,345,200,23
2390,2026-07-01,753,3,40
2391,2024-11-15,260,114,41
2392,2026-01-10,700,82,8
2393,2024-09-03,830,242,6
2394,2026-07-03,125,30,38
2395,2025-05-07,658,70,49
2396,2023-01-21,168,109,39
2397,2026-07-15,309,66,5
2398,2024-02-08,444,217,50
2399,2025-07-05,387,167,23
2400,2026-03-04,493,241,19
2401,2025-07-29,648,165,44
2402,2023-03-28,452,165,44
2403,2025-02-03,958,243,26
2404,2024-07-28,698,59,13
2405,2026-07-30,906,49,24
2406,2024-06-06,99,125,35
2407,2026-03-28,208,96,48
2408,2024-08-25,882,200,23
2409,2023-03-07,150,241,19
2410,2024-04-21,15,125,35
2411,2023-06-23,216,207,33
2412,2023-12-24,821,8,17
2413,2023-02-15,678,38,36
2414,2023-06-07,872,177,27
2415,2026-03-24,975,157,27
2416,2024-10-02,162,49,24
2417,2023-01-29,807,190,1
2418,2026-01-17,479,181,41
2419,2023-07-03,724,248,38
2420,2023-02-28,280,153,38
2421,2026-01-18,167,6,10
2422,2026-03-31,841,236,38
2423,2023-09-11,396,29,46
2424,2025-12-11,453,159,37
2425,2024-05-19,407,172,7
2426,2023-09-24,900,67,20
2427,2025-04-03,682,116,21
2428,2025-11-05,88,100,14
2429,2025-06-17,232,59,13
2430,2023-04-25,252,137,33
2431,2025-06-27,377,4,8
2432,2025-11-16,891,224,14
2433,2023-10-27,216,41,39
2434,2024-05-02,592,32,37
2435,2023-10-22,734,183,6
2436,2024-01-29,515,71,16
2437,2023-11-25,614,66,5
2438,2025-08-30,926,98,37
2439,2023-09-12,166,54,14
2440,2025-07-03,339,117,41
2441,2023-09-12,38,180,18
2442,2026-04-15,354,37,6
2443,2024-03-21,372,54,14
2444,2023-03-05,639,6,10
2445,2025-06-18,163,196,10
2446,2025-07-20,209,13,29
2447,2025-04-06,942,129,8
2448,2026-06-11,18,63,38
2449,2024-02-19,267,100,14
2450,2025-04-16,39,54,14
2451,2023-12-16,342,54,14
2452,2025-07-30,728,179,39
2453,2023-06-27,449,172,7
2454,2025-07-28,289,208,7
2455,2026-03-25,250,210,19
2456,2023-01-10,28,201,40
2457,2025-09-17,55,15,1
2458,2024-02-26,617,217,50
2459,2024-03-15,725,141,49
2460,2026-05-06,693,96,48
2461,2023-01-26,83,145,18
2462,2025-09-28,292,194,49
2463,2024-11-09,264,156,50
2464,2025-06-03,110,44,29
2465,2025-09-02,424,174,6
2466,2025-02-19,294,16,42
2467,2025-10-28,588,104,6
2468,2023-05-09,126,176,4
2469,2024-03-03,237,124,10
2470,2024-05-12,517,20,22
2471,2023-12-02,652,204,44
2472,2024-06-13,281,209,11
2473,2024-05-24,848,26,13
2474,2026-07-16,859,40,12
2475,2023-04-08,110,23,29
2476,2026-06-30,950,223,6
2477,2026-06-03,99,166,45
2478,2025-10-19,496,83,37
2479,2024-06-27,675,28,28
2480,2024-05-19,546,49,24
2481,2026-06-14,438,213,48
2482,2025-05-18,46,147,16
2483,2025-06-25,610,9,28
2484,2025-05-08,572,137,33
2485,2024-04-14,73,64,14
2486,2023-01-07,230,55,33
2487,2024-06-05,18,193,28
2488,2024-08-31,740,62,7
2489,2025-06-16,69,162,17
2490,2025-07-27,824,148,46
2491,2023-01-04,619,128,45
2492,2025-03-24,624,244,2
2493,2024-12-01,201,61,14
2494,2026-07-25,952,230,50
2495,2024-01-19,496,43,30
2496,2024-10-24,102,202,41
2497,2023-11-17,910,80,4
2498,2023-06-01,416,203,5
2499,2026-01-20,470,177,27
2500,2023-03-02,671,227,44
2501,2026-06-17,909,139,39
2502,2024-10-31,915,160,40
2503,2023-06-29,300,151,44
2504,2024-10-29,733,86,49
2505,2024-07-12,604,212,36
2506,2026-03-27,468,51,13
2507,2025-07-06,331,21,45
2508,2023-02-04,148,1,46
2509,2025-08-03,120,49,24
2510,2026-02-13,879,110,28
2511,2023-08-25,439,167,23
2512,2024-12-12,239,128,45
2513,2026-06-05,868,230,50
2514,2026-02-15,20,161,10
2515,2024-07-21,644,158,24
2516,2023-08-29,442,154,47
2517,2025-10-12,700,169,22
2518,2025-09-22,424,203,5
2519,2025-09-19,179,120,42
2520,2024-06-27,855,6,10
2521,2026-03-14,366,10,27
2522,2026-07-28,273,62,7
2523,2026-03-16,965,97,9
2524,2024-04-02,78,188,23
2525,2024-01-20,179,159,37
2526,2025-05-11,221,57,5
2527,2023-07-11,762,35,8
2528,2023-06-20,484,75,30
2529,2024-04-21,29,132,16
2530,2024-10-19,853,242,6
2531,2026-03-16,233,32,37
2532,2023-08-29,179,4,8
2533,2024-02-08,59,46,22
2534,2024-01-27,234,75,30
2535,2025-03-14,28,177,27
2536,2026-05-21,351,186,31
2537,2025-11-09,181,76,26
2538,2023-09-22,976,16,42
2539,2023-03-16,758,96,48
2540,2024-05-28,844,165,44
2541,2023-09-14,462,165,44
2542,2023-08-08,76,209,11
2543,2026-06-09,869,169,22
2544,2025-01-11,641,31,30
2545,2024-01-01,527,164,39
2546,2023-01-23,910,193,28
2547,2026-07-13,293,51,13
2548,2023-03-08,979,41,39
2549,2026-06-01,701,58,15
2550,2026-07-02,283,13,29
2551,2025-09-19,227,55,33
2552,2025-07-28,482,128,45
2553,2024-10-08,170,20,22
2554,2026-04-14,579,40,12
2555,2026-04-10,644,232,46
2556,2023-10-22,84,176,4
2557,2023-01-16,865,132,16
2558,2024-09-25,773,3,40
2559,2024-09-23,409,150,11
2560,2024-04-21,319,147,16
2561,2026-06-05,695,125,35
2562,2023-12-17,887,200,23
2563,2025-10-12,449,219,36
2564,2024-04-13,126,100,14
2565,2026-02-25,40,45,17
2566,2023-03-04,804,3,40
2567,2023-09-19,654,115,4
2568,2023-01-13,409,166,45
2569,2024-10-26,862,98,37
2570,2024-09-13,129,181,41
2571,2024-05-08,790,139,39
2572,2024-10-16,752,182,10
2573,2023-01-11,947,53,17
2574,2024-04-18,387,173,26
2575,2023-08-27,742,201,40
2576,2023-12-23,232,201,40
2577,2024-07-26,553,80,4
2578,2023-06-18,873,250,24
2579,2023-04-29,815,229,47
2580,2023-02-19,151,44,29
2581,2023-10-19,272,180,18
2582,2025-11-19,890,216,11
2583,2023-02-11,584,56,16
2584,2025-03-27,485,206,6
2585,2025-08-26,350,25,7
2586,2025-12-27,280,121,41
2587,2026-02-15,753,107,33
2588,2025-10-30,935,226,21
2589,2025-07-05,35,144,19
2590,2024-04-15,750,41,39
2591,2025-11-04,18,214,2
2592,2025-11-01,766,155,47
2593,2023-10-31,356,87,25
2594,2023-02-03,90,123,1
2595,2024-03-19,49,248,38
2596,2026-05-07,167,212,36
2597,2024-09-28,403,197,18
2598,2025-10-23,730,162,17
2599,2024-02-16,620,119,3
2600,2023-12-01,372,234,18
2601,2026-01-23,463,152,27
2602,2025-09-02,895,159,37
2603,2025-04-20,632,21,45
2604,2026-03-14,25,106,50
2605,2026-06-24,474,192,2
2606,2023-01-08,510,183,6
2607,2025-03-05,276,235,12
2608,2026-01-09,521,213,48
2609,2025-09-23,48,148,46
2610,2023-04-03,561,86,49
2611,2023-12-08,980,129,8
2612,2024-05-11,852,80,4
2613,2024-04-26,961,10,27
2614,2026-04-01,184,41,39
2615,2025-11-04,646,168,46
2616,2024-07-19,189,244,2
2617,2023-06-23,206,43,30
2618,2026-06-19,110,223,6
2619,2024-10-27,720,248,38
2620,2026-01-20,286,201,40
2621,2026-03-26,878,158,24
2622,2025-08-08,415,65,30
2623,2025-12-28,550,3,40
2624,2024-08-04,147,109,39
2625,2024-10-23,80,112,42
2626,2024-01-02,535,112,42
2627,2026-04-30,874,230,50
2628,2024-01-26,502,249,20
2629,2023-02-28,730,109,39
2630,2023-01-28,554,247,48
2631,2024-04-21,329,157,27
2632,2024-06-23,967,8,17
2633,2025-09-28,743,40,12
2634,2024-05-12,325,211,12
2635,2026-01-11,920,111,21
2636,2026-07-20,551,131,5
2637,2025-12-14,117,148,46
2638,2023-07-04,786,208,7
2639,2025-05-25,642,171,37
2640,2024-08-30,660,91,20
2641,2024-10-05,62,156,50
2642,2023-09-17,417,214,2
2643,2024-02-01,715,128,45
2644,2026-07-30,62,81,43
2645,2023-10-27,730,150,11
2646,2023-01-20,129,80,4
2647,2025-01-19,598,65,30
2648,2024-07-31,251,178,19
2649,2024-10-04,506,207,33
2650,2025-01-09,462,166,45
2651,2025-08-15,212,154,47
2652,2023-07-27,798,186,31
2653,2023-04-23,111,84,16
2654,2025-10-09,961,206,6
2655,2023-06-21,879,94,27
2656,2023-12-11,12,218,22
2657,2024-03-17,34,86,49
2658,2023-01-24,40,83,37
2659,2024-12-18,982,29,46
2660,2025-08-13,682,234,18
2661,2024-02-04,267,98,37
2662,2023-02-11,983,193,28
2663,2023-05-09,100,205,18
2664,2025-07-09,135,244,2
2665,2025-12-29,795,53,17
2666,2026-01-16,369,84,16
2667,2023-11-17,893,140,39
2668,2023-04-21,780,163,32
2669,2025-07-23,65,249,20
2670,2023-06-01,867,226,21
2671,2025-11-19,132,205,18
2672,2026-05-04,720,66,5
2673,2025-09-28,416,248,38
2674,2025-06-08,503,214,2
2675,2025-02-13,459,225,46
2676,2024-11-02,477,176,4
2677,2023-11-15,783,209,11
2678,2024-02-04,800,76,26
2679,2023-03-30,37,152,27
2680,2025-11-12,61,171,37
2681,2025-08-17,207,207,33
2682,2023-01-28,414,38,36
2683,2024-03-27,136,19,18
2684,2025-03-16,419,114,41
2685,2023-01-22,269,171,37
2686,2024-01-27,449,236,38
2687,2024-05-15,771,32,37
2688,2025-06-16,39,213,48
2689,2026-02-20,932,93,35
2690,2023-09-25,44,1,46
2691,2025-01-30,261,110,28
2692,2025-12-09,156,93,35
2693,2026-01-07,741,199,42
2694,2024-10-23,468,109,39
2695,2025-04-17,90,23,29
2696,2023-12-21,42,77,11
2697,2025-04-20,401,80,4
2698,2026-01-07,78,90,20
2699,2025-12-17,177,246,1
2700,2025-03-20,730,129,8
2701,2023-10-13,666,210,19
2702,2023-06-28,866,106,50
2703,2024-11-23,587,197,18
2704,2024-09-26,279,48,43
2705,2024-12-20,840,221,6
2706,2023-06-08,371,196,10
2707,2024-01-29,75,45,17
2708,2025-11-10,276,66,5
2709,2025-12-14,471,65,30
2710,2024-11-20,16,64,14
2711,2024-09-04,157,61,14
2712,2024-06-26,736,170,21
2713,2023-04-19,406,42,39
2714,2023-01-30,612,194,49
2715,2024-10-12,364,81,43
2716,2024-08-15,120,125,35
2717,2024-02-11,987,197,18
2718,2025-05-13,932,234,18
2719,2024-02-10,8,65,30
2720,2024-11-27,846,199,42
2721,2024-05-09,335,141,49
2722,2025-11-12,902,144,19
2723,2025-08-02,10,63,38
2724,2025-08-27,700,233,47
2725,2026-06-24,782,133,24
2726,2023-02-08,107,125,35
2727,2025-08-08,641,241,19
2728,2025-01-18,203,240,14
2729,2026-01-06,876,143,46
2730,2025-04-20,856,239,25
2731,2023-05-31,849,167,23
2732,2025-09-18,18,143,46
2733,2023-10-18,354,101,33
2734,2025-03-18,965,229,47
2735,2024-10-05,33,175,26
2736,2023-03-10,394,26,13
2737,2025-07-23,716,185,30
2738,2023-02-12,411,201,40
2739,2023-06-03,670,150,11
2740,2024-05-11,658,7,3
2741,2023-02-27,98,158,24
2742,2024-08-18,132,170,21
2743,2025-10-27,924,45,17
2744,2025-11-02,525,26,13
2745,2024-06-22,989,107,33
2746,2024-07-20,356,215,5
2747,2023-08-23,334,88,36
2748,2025-01-13,395,25,7
2749,2023-09-26,469,132,16
2750,2025-12-28,409,219,36
2751,2024-06-09,962,185,30
2752,2026-01-29,863,122,42
2753,2025-02-22,654,216,11
2754,2023-03-19,130,2,45
2755,2023-05-24,428,54,14
2756,2025-12-09,978,177,27
2757,2026-03-09,896,180,18
2758,2025-12-07,830,220,30
2759,2023-09-30,630,225,46
2760,2023-12-16,725,217,50
2761,2024-09-10,448,230,50
2762,2023-01-01,931,187,35
2763,2024-07-09,73,131,5
2764,2024-11-16,748,109,39
2765,2025-12-30,596,152,27
2766,2024-12-20,73,235,12
2767,2023-08-13,797,245,41
2768,2025-03-22,367,248,38
2769,2024-10-22,56,84,16
2770,2024-07-02,370,8,17
2771,2024-02-22,687,211,12
2772,2023-02-28,93,137,33
2773,2026-05-21,336,58,15
2774,2025-09-09,29,27,19
2775,2026-01-13,818,59,13
2776,2025-05-15,800,9,28
2777,2024-04-21,651,129,8
2778,2026-05-16,135,68,1
2779,2025-05-30,927,42,39
2780,2026-02-21,774,121,41
2781,2025-11-01,429,3,40
2782,2024-08-19,762,55,33
2783,2026-01-14,544,33,26
2784,2024-04-12,97,148,46
2785,2024-05-03,493,208,7
2786,2025-05-01,526,23,29
2787,2025-07-23,1000,63,38
2788,2024-12-07,211,19,18
2789,2026-05-14,152,125,35
2790,2026-07-10,736,59,13
2791,2024-07-21,534,180,18
2792,2024-11-26,686,249,20
2793,2024-01-01,34,49,24
2794,2026-03-03,523,207,33
2795,2025-12-01,850,181,41
2796,2025-07-12,869,9,28
2797,2025-10-11,935,231,20
2798,2024-03-11,371,131,5
2799,2024-11-27,513,132,16
2800,2023-11-08,871,191,32
2801,2024-07-11,687,14,26
2802,2025-11-27,911,204,44
2803,2023-03-16,971,182,10
2804,2025-10-21,384,85,28
2805,2024-09-01,946,154,47
2806,2025-03-06,336,129,8
2807,2025-04-05,444,244,2
2808,2024-06-01,3,111,21
2809,2026-01-02,457,117,41
2810,2025-08-28,832,247,48
2811,2023-06-27,975,52,20
2812,2025-10-07,508,215,5
2813,2024-09-25,677,239,25
2814,2025-07-09,762,97,9
2815,2023-07-14,602,10,27
2816,2024-10-18,869,83,37
2817,2025-03-26,171,180,18
2818,2023-06-03,950,35,8
2819,2026-07-10,738,29,46
2820,2024-03-24,224,6,10
2821,2026-07-26,846,202,41
2822,2025-06-20,30,52,20
2823,2023-03-20,234,118,12
2824,2023-05-19,647,2,45
2825,2024-12-27,917,211,12
2826,2023-03-17,476,65,30
2827,2024-06-28,436,173,26
2828,2026-06-12,767,153,38
2829,2023-02-01,818,132,16
2830,2026-04-11,691,171,37
2831,2026-06-28,731,218,22
2832,2026-04-29,828,5,39
2833,2023-10-27,330,213,48
2834,2024-06-18,334,35,8
2835,2025-12-08,299,35,8
2836,2024-07-02,46,222,23
2837,2023-10-26,465,47,20
2838,2023-05-25,116,38,36
2839,2023-11-02,454,167,23
2840,2024-12-18,961,192,2
2841,2023-05-21,134,42,39
2842,2025-06-03,267,67,20
2843,2026-06-01,805,244,2
2844,2024-10-07,125,162,17
2845,2023-07-23,538,84,16
2846,2026-04-13,49,68,1
2847,2024-05-31,172,139,39
2848,2025-01-31,35,158,24
2849,2024-01-24,465,181,41
2850,2026-02-01,654,84,16
2851,2025-03-27,507,185,30
2852,2025-03-19,920,5,39
2853,2023-08-08,432,74,41
2854,2023-01-28,29,56,16
2855,2025-03-14,963,217,50
2856,2023-01-16,850,31,30
2857,2024-05-17,530,108,1
2858,2026-03-20,43,19,18
2859,2023-05-23,882,243,26
2860,2023-07-01,918,35,8
2861,2024-12-07,929,78,37
2862,2023-02-01,78,24,40
2863,2024-07-05,165,155,47
2864,2026-06-29,636,180,18
2865,2024-04-25,35,217,50
2866,2025-11-18,282,237,45
2867,2023-09-30,930,118,12
2868,2024-07-18,579,172,7
2869,2023-08-26,255,178,19
2870,2023-07-19,804,86,49
2871,2025-07-14,352,214,2
2872,2023-12-27,10,215,5
2873,2026-03-19,984,210,19
2874,2023-11-04,106,180,18
2875,2024-04-30,14,50,8
2876,2026-01-08,721,142,6
2877,2025-11-02,637,225,46
2878,2023-07-12,515,51,13
2879,2024-11-29,617,235,12
2880,2024-11-12,628,1,46
2881,2026-01-24,894,92,11
2882,2024-05-19,755,211,12
2883,2023-10-30,343,179,39
2884,2025-03-10,386,20,22
2885,2026-03-03,964,174,6
2886,2025-07-10,209,36,37
2887,2023-04-06,520,21,45
2888,2025-10-13,527,151,44
2889,2023-05-24,139,132,16
2890,2024-11-21,561,114,41
2891,2023-10-22,3,217,50
2892,2023-02-03,830,178,19
2893,2023-08-22,415,10,27
2894,2023-03-06,273,63,38
2895,2025-07-25,66,152,27
2896,2024-09-14,712,46,22
2897,2026-06-24,504,233,47
2898,2025-11-01,970,237,45
2899,2025-08-30,957,161,10
2900,2024-06-06,433,4,8
2901,2024-03-24,578,217,50
2902,2023-10-09,189,39,28
2903,2025-08-30,778,111,21
2904,2026-04-01,49,206,6
2905,2024-06-13,825,151,44
2906,2024-06-26,93,91,20
2907,2025-06-13,964,221,6
2908,2026-01-13,104,214,2
2909,2024-04-22,139,66,5
2910,2025-07-25,378,131,5
2911,2026-02-27,967,114,41
2912,2023-01-22,521,111,21
2913,2024-09-12,146,161,10
2914,2024-10-19,243,206,6
2915,2025-04-30,629,232,46
2916,2025-12-24,739,99,42
2917,2024-08-14,649,68,1
2918,2025-07-24,24,4,8
2919,2023-04-17,556,45,17
2920,2025-02-02,96,229,47
2921,2025-07-10,550,143,46
2922,2026-01-18,341,51,13
2923,2024-12-15,224,143,46
2924,2026-03-02,139,55,33
2925,2025-04-01,281,108,1
2926,2025-12-27,500,127,10
2927,2024-04-25,752,111,21
2928,2026-04-22,457,56,16
2929,2024-03-18,326,40,12
2930,2024-06-10,954,133,24
2931,2026-03-02,470,227,44
2932,2023-07-20,917,140,39
2933,2023-04-26,193,30,38
2934,2024-10-28,660,121,41
2935,2023-12-26,516,40,12
2936,2023-01-31,698,238,45
2937,2023-02-17,229,36,37
2938,2025-05-01,21,232,46
2939,2023-08-31,977,20,22
2940,2024-09-12,587,232,46
2941,2025-05-02,448,41,39
2942,2026-03-27,477,174,6
2943,2026-01-26,777,188,23
2944,2023-05-02,744,106,50
2945,2023-09-21,997,229,47
2946,2025-04-11,45,146,21
2947,2023-03-17,521,187,35
2948,2025-10-29,620,199,42
2949,2023-07-26,169,234,18
2950,2024-05-06,162,197,18
2951,2023-01-29,147,214,2
2952,2024-03-03,730,209,11
2953,2023-11-14,538,98,37
2954,2023-05-04,73,21,45
2955,2024-11-17,38,51,13
2956,2026-04-01,992,88,36
2957,2023-02-02,55,117,41
2958,2024-02-05,299,104,6
2959,2023-06-21,884,173,26
2960,2024-07-31,25,123,1
2961,2023-06-15,275,99,42
2962,2023-07-04,734,196,10
2963,2025-12-01,185,146,21
2964,2024-03-19,320,36,37
2965,2024-11-09,831,5,39
2966,2025-05-22,962,212,36
2967,2026-07-25,475,25,7
2968,2023-04-07,899,75,30
2969,2024-06-02,44,213,48
2970,2026-04-23,592,50,8
2971,2023-06-03,278,110,28
2972,2025-07-15,343,125,35
2973,2025-01-08,927,3,40
2974,2023-06-27,863,100,14
2975,2026-07-15,232,55,33
2976,2024-03-08,40,197,18
2977,2025-06-06,121,75,30
2978,2023-05-15,337,109,39
2979,2023-12-10,199,128,45
2980,2023-06-08,851,31,30
2981,2024-01-22,1,209,11
2982,2025-03-20,41,33,26
2983,2024-10-25,821,123,1
2984,2025-08-28,460,230,50
2985,2023-02-07,302,110,28
2986,2023-06-11,533,120,42
2987,2023-09-03,707,109,39
2988,2025-02-26,145,196,10
2989,2025-03-15,588,185,30
2990,2026-06-13,606,62,7
2991,2023-06-10,789,235,12
2992,2025-04-30,398,196,10
2993,2025-04-14,612,16,42
2994,2025-11-27,489,190,1
2995,2025-09-07,824,16,42
2996,2023-10-29,236,169,22
2997,2025-08-08,285,112,42
2998,2025-04-24,933,147,16
2999,2023-01-15,117,50,8
3000,2023-01-25,989,100,14
3001,2024-01-16,457,213,48
3002,2024-08-14,170,127,10
3003,2023-08-06,717,71,16
3004,2023-12-12,945,202,41
3005,2026-04-29,280,175,26
3006,2025-10-17,264,170,21
3007,2023-10-05,108,228,48
3008,2025-02-15,691,75,30
3009,2026-04-06,280,154,47
3010,2025-07-11,406,122,42
3011,2024-11-11,291,202,41
3012,2026-06-07,502,59,13
3013,2025-06-17,34,141,49
3014,2023-05-10,131,250,24
3015,2024-07-14,284,242,6
3016,2025-09-07,142,213,48
3017,2025-05-12,512,117,41
3018,2026-06-04,580,121,41
3019,2026-03-16,907,30,38
3020,2024-09-16,284,245,41
3021,2024-06-22,917,72,2
3022,2023-09-13,50,84,16
3023,2025-11-07,407,64,14
3024,2023-07-26,684,33,26
3025,2023-08-16,543,99,42
3026,2025-01-13,999,45,17
3027,2023-06-24,222,162,17
3028,2024-12-17,596,222,23
3029,2024-11-28,47,14,26
3030,2023-01-11,52,68,1
3031,2024-04-28,355,79,33
3032,2023-08-28,390,169,22
3033,2023-12-30,113,92,11
3034,2024-04-06,110,61,14
3035,2024-08-15,849,187,35
3036,2024-04-19,178,214,2
3037,2025-12-11,45,237,45
3038,2023-12-09,393,202,41
3039,2024-01-24,57,237,45
3040,2026-03-29,104,64,14
3041,2025-12-30,406,20,22
3042,2023-02-23,196,223,6
3043,2023-07-01,256,84,16
3044,2023-02-25,575,14,26
3045,2024-06-13,435,65,30
3046,2026-07-02,313,80,4
3047,2024-12-04,649,201,40
3048,2023-04-06,378,99,42
3049,2025-02-17,290,127,10
3050,2023-03-01,394,136,45
3051,2024-12-29,537,167,23
3052,2025-03-04,133,49,24
3053,2023-08-03,725,109,39
3054,2026-07-02,946,159,37
3055,2024-02-12,85,114,41
3056,2024-10-28,783,241,19
3057,2025-05-02,966,37,6
3058,2023-10-22,101,22,27
3059,2026-06-21,754,94,27
3060,2023-08-11,646,225,46
3061,2025-11-14,657,144,19
3062,2023-11-09,10,151,44
3063,2023-03-19,420,128,45
3064,2025-09-02,258,206,6
3065,2025-05-04,890,149,4
3066,2026-02-22,276,45,17
3067,2023-09-30,359,121,41
3068,2023-07-30,437,68,1
3069,2025-07-28,839,203,5
3070,2025-12-03,541,107,33
3071,2025-05-03,593,153,38
3072,2024-04-25,364,231,20
3073,2023-07-02,531,133,24
3074,2025-03-23,140,228,48
3075,2025-08-24,815,151,44
3076,2024-07-23,993,35,8
3077,2026-03-23,191,208,7
3078,2024-11-14,517,134,50
3079,2024-08-10,412,210,19
3080,2025-06-09,606,11,37
3081,2023-10-12,702,17,5
3082,2023-07-15,224,168,46
3083,2024-09-02,855,123,1
3084,2024-10-05,490,53,17
3085,2024-08-07,923,146,21
3086,2026-06-06,399,181,41
3087,2023-04-18,772,213,48
3088,2023-05-02,657,15,1
3089,2025-11-12,469,162,17
3090,2023-08-26,147,113,39
3091,2024-12-15,118,103,7
3092,2023-12-17,493,34,7
3093,2025-03-21,239,56,16
3094,2025-06-09,30,244,2
3095,2026-07-05,253,26,13
3096,2023-02-27,246,171,37
3097,2025-01-11,950,186,31
3098,2024-09-03,437,21,45
3099,2025-11-16,522,237,45
3100,2025-11-30,711,15,1
3101,2025-08-06,249,242,6
3102,2024-04-25,201,20,22
3103,2024-04-14,889,73,22
3104,2024-02-27,965,21,45
3105,2025-03-25,40,180,18
3106,2024-01-02,830,12,39
3107,2026-06-06,233,12,39
3108,2023-11-30,375,185,30
3109,2026-06-11,641,91,20
3110,2024-01-19,498,40,12
3111,2023-05-19,201,197,18
3112,2026-04-23,357,117,41
3113,2023-10-15,49,39,28
3114,2024-09-01,198,104,6
3115,2024-01-29,661,64,14
3116,2026-06-26,708,220,30
3117,2024-09-01,154,133,24
3118,2023-06-23,135,250,24
3119,2024-09-16,619,179,39
3120,2023-05-07,475,173,26
3121,2025-09-12,829,210,19
3122,2025-02-20,817,132,16
3123,2026-05-29,237,243,26
3124,2025-12-02,541,241,19
3125,2024-09-11,475,133,24
3126,2025-03-18,776,5,39
3127,2025-11-18,6,243,26
3128,2025-04-04,768,156,50
3129,2024-09-02,437,122,42
3130,2023-10-08,108,118,12
3131,2023-06-10,572,210,19
3132,2023-07-11,65,217,50
3133,2024-12-09,409,61,14
3134,2025-01-28,617,60,24
3135,2025-05-24,957,244,2
3136,2023-08-20,69,101,33
3137,2023-07-19,386,90,20
3138,2024-04-12,805,105,47
3139,2024-12-04,1,42,39
3140,2023-07-22,535,241,19
3141,2025-06-30,512,6,10
3142,2023-06-19,784,211,12
3143,2026-05-15,995,227,44
3144,2023-09-06,867,5,39
3145,2024-03-11,691,154,47
3146,2023-01-06,151,229,47
3147,2025-10-18,461,28,28
3148,2023-04-29,994,33,26
3149,2026-04-05,767,53,17
3150,2025-02-08,892,107,33
3151,2024-12-07,561,242,6
3152,2023-11-27,895,14,26
3153,2024-02-24,736,155,47
3154,2025-03-03,721,135,5
3155,2024-10-15,536,36,37
3156,2024-09-23,132,114,41
3157,2026-05-09,147,46,22
3158,2026-01-28,335,167,23
3159,2024-12-06,764,84,16
3160,2024-11-23,792,101,33
3161,2026-04-01,358,200,23
3162,2025-04-03,753,135,5
3163,2023-02-22,747,73,22
3164,2023-11-25,990,100,14
3165,2025-04-19,449,32,37
3166,2024-08-20,631,204,44
3167,2024-07-13,810,133,24
3168,2026-06-09,277,96,48
3169,2024-05-20,70,246,1
3170,2025-09-27,466,75,30
3171,2024-09-02,253,123,1
3172,2023-06-21,704,220,30
3173,2024-11-05,895,116,21
3174,2024-12-09,987,207,33
3175,2024-04-08,938,101,33
3176,2023-04-08,491,228,48
3177,2025-10-20,354,8,17
3178,2024-08-07,589,205,18
3179,2026-07-24,981,82,8
3180,2026-04-27,789,80,4
3181,2025-04-16,678,48,43
3182,2025-05-31,396,147,16
3183,2024-09-08,760,151,44
3184,2025-03-19,62,11,37
3185,2023-09-23,99,113,39
3186,2024-05-17,11,73,22
3187,2024-10-18,162,227,44
3188,2023-04-22,84,188,23
3189,2025-06-19,979,194,49
3190,2023-04-03,114,195,32
3191,2026-02-08,42,232,46
3192,2024-09-20,633,63,38
3193,2024-07-31,345,114,41
3194,2024-11-25,418,162,17
3195,2025-12-08,59,23,29
3196,2025-05-27,930,188,23
3197,2026-07-17,19,124,10
3198,2024-07-12,928,67,20
3199,2023-06-08,389,145,18
3200,2026-05-31,238,161,10
3201,2025-09-16,953,4,8
3202,2023-05-25,147,3,40
3203,2026-06-17,360,229,47
3204,2025-03-12,568,210,19
3205,2025-03-26,413,22,27
3206,2023-08-18,382,105,47
3207,2023-11-23,562,165,44
3208,2024-09-06,941,1,46
3209,2026-03-19,800,161,10
3210,2024-09-02,668,34,7
3211,2023-02-17,317,47,20
3212,2023-11-16,374,142,6
3213,2025-12-08,816,165,44
3214,2024-06-09,957,4,8
3215,2026-07-29,241,199,42
3216,2023-04-07,908,99,42
3217,2024-08-30,505,43,30
3218,2025-10-30,269,94,27
3219,2026-04-05,482,102,46
3220,2024-09-10,293,204,44
3221,2024-08-13,420,219,36
3222,2025-05-23,486,183,6
3223,2023-01-28,943,27,19
3224,2024-12-12,652,127,10
3225,2026-05-09,553,235,12
3226,2023-11-30,565,232,46
3227,2023-02-26,713,121,41
3228,2024-06-19,629,111,21
3229,2025-05-15,519,68,1
3230,2024-10-06,43,82,8
3231,2024-07-30,478,214,2
3232,2025-07-12,142,242,6
3233,2025-12-30,239,171,37
3234,2024-06-28,667,132,16
3235,2026-02-23,290,25,7
3236,2025-09-11,81,159,37
3237,2025-11-24,71,37,6
3238,2024-07-15,365,226,21
3239,2025-07-29,418,65,30
3240,2025-05-10,156,182,10
3241,2023-07-08,637,43,30
3242,2023-11-07,704,216,11
3243,2023-06-09,732,204,44
3244,2023-04-09,23,59,13
3245,2025-03-18,428,189,48
3246,2024-07-21,298,40,12
3247,2024-02-21,699,227,44
3248,2023-12-20,566,5,39
3249,2023-10-16,224,151,44
3250,2024-07-05,341,248,38
3251,2025-08-10,381,136,45
3252,2023-04-23,472,72,2
3253,2026-03-04,618,177,27
3254,2025-09-25,313,184,37
3255,2025-02-25,338,245,41
3256,2024-08-23,679,1,46
3257,2023-04-21,321,181,41
3258,2025-05-15,534,31,30
3259,2024-07-16,683,169,22
3260,2026-03-22,632,245,41
3261,2023-04-30,236,70,49
3262,2025-07-17,384,230,50
3263,2023-10-04,926,194,49
3264,2023-06-28,848,3,40
3265,2025-07-29,577,172,7
3266,2023-03-05,25,184,37
3267,2023-02-01,889,24,40
3268,2023-06-29,981,207,33
3269,2026-03-23,48,146,21
3270,2023-03-26,948,245,41
3271,2025-06-26,516,212,36
3272,2025-01-09,763,34,7
3273,2026-01-21,308,202,41
3274,2025-02-07,17,58,15
3275,2025-12-05,290,34,7
3276,2025-11-10,617,241,19
3277,2025-08-08,847,165,44
3278,2024-05-12,660,200,23
3279,2025-01-07,465,140,39
3280,2023-07-15,761,8,17
3281,2023-08-23,735,200,23
3282,2024-07-09,242,226,21
3283,2024-02-16,975,117,41
3284,2025-06-11,906,89,20
3285,2026-04-28,790,69,36
3286,2025-12-19,184,2,45
3287,2024-03-13,521,179,39
3288,2024-02-26,340,206,6
3289,2026-05-23,660,165,44
3290,2024-02-12,462,99,42
3291,2023-11-20,981,204,44
3292,2025-08-06,646,10,27
3293,2026-04-04,485,250,24
3294,2023-11-10,101,93,35
3295,2023-08-13,431,218,22
3296,2026-07-18,910,102,46
3297,2025-07-08,208,246,1
3298,2025-09-24,823,23,29
3299,2025-08-30,547,2,45
3300,2026-02-10,821,203,5
3301,2025-09-28,199,237,45
3302,2024-01-26,474,93,35
3303,2024-02-28,631,242,6
3304,2026-06-18,699,16,42
3305,2023-04-20,353,74,41
3306,2023-12-31,386,76,26
3307,2025-05-07,113,3,40
3308,2024-06-28,519,48,43
3309,2025-11-09,509,7,3
3310,2025-08-23,166,26,13
3311,2025-08-25,36,59,13
3312,2024-04-15,344,53,17
3313,2025-04-01,787,243,26
3314,2024-05-16,74,67,20
3315,2025-08-07,531,100,14
3316,2024-09-29,791,96,48
3317,2025-11-06,707,209,11
3318,2025-06-20,855,61,14
3319,2024-05-22,878,164,39
3320,2024-06-12,919,58,15
3321,2024-01-21,794,4,8
3322,2024-10-20,747,198,9
3323,2024-03-03,95,8,17
3324,2024-05-09,754,137,33
3325,2023-05-13,508,146,21
3326,2023-04-19,606,140,39
3327,2026-04-17,521,72,2
3328,2026-02-22,883,41,39
3329,2025-04-11,97,145,18
3330,2024-01-03,752,27,19
3331,2023-01-06,913,11,37
3332,2023-09-08,582,201,40
3333,2023-04-05,305,233,47
3334,2025-10-27,495,8,17
3335,2024-12-18,793,49,24
3336,2024-02-16,788,229,47
3337,2025-06-09,282,218,22
3338,2023-08-18,891,216,11
3339,2023-12-12,455,225,46
3340,2024-07-01,840,6,10
3341,2025-11-12,29,47,20
3342,2023-01-12,204,49,24
3343,2025-01-31,974,107,33
3344,2023-04-25,518,158,24
3345,2026-05-18,645,180,18
3346,2024-11-26,811,224,14
3347,2025-07-31,981,172,7
3348,2025-11-11,43,211,12
3349,2025-03-07,31,73,22
3350,2023-01-08,380,101,33
3351,2024-07-16,46,41,39
3352,2023-09-10,258,83,37
3353,2025-04-14,407,15,1
3354,2025-03-24,424,115,4
3355,2024-11-10,204,180,18
3356,2024-09-14,194,143,46
3357,2025-09-30,703,122,42
3358,2023-01-09,240,243,26
3359,2024-06-16,643,129,8
3360,2023-04-23,439,156,50
3361,2025-03-03,411,144,19
3362,2024-03-13,506,92,11
3363,2023-05-02,297,207,33
3364,2025-03-23,734,161,10
3365,2023-09-07,10,110,28
3366,2023-05-11,758,39,28
3367,2024-01-18,825,224,14
3368,2024-08-31,143,128,45
3369,2026-07-22,462,28,28
3370,2023-04-28,876,103,7
3371,2023-05-13,595,84,16
3372,2025-11-11,243,236,38
3373,2025-03-16,993,27,19
3374,2025-08-22,202,130,25
3375,2025-08-20,342,120,42
3376,2024-06-06,265,120,42
3377,2024-08-15,331,3,40
3378,2023-04-10,888,29,46
3379,2024-02-06,158,205,18
3380,2025-10-04,110,187,35
3381,2025-05-08,210,233,47
3382,2024-04-09,116,155,47
3383,2024-03-18,856,48,43
3384,2023-08-12,675,42,39
3385,2026-06-25,347,103,7
3386,2024-07-12,430,148,46
3387,2023-01-14,538,76,26
3388,2025-08-10,154,201,40
3389,2023-12-06,353,231,20
3390,2025-02-19,381,59,13
3391,2026-01-27,445,54,14
3392,2024-10-11,504,66,5
3393,2023-09-07,420,176,4
3394,2023-02-28,269,216,11
3395,2025-08-12,337,65,30
3396,2025-05-29,959,155,47
3397,2024-06-05,337,142,6
3398,2023-09-03,113,202,41
3399,2025-07-28,578,211,12
3400,2023-08-14,762,78,37
3401,2025-08-21,456,177,27
3402,2025-06-25,850,213,48
3403,2023-03-29,372,130,25
3404,2026-04-15,429,224,14
3405,2024-10-17,100,172,7
3406,2024-04-27,58,181,41
3407,2026-03-02,847,159,37
3408,2024-01-04,183,64,14
3409,2024-01-28,811,166,45
3410,2026-04-03,390,115,4
3411,2025-04-27,795,249,20
3412,2024-06-29,191,216,11
3413,2023-03-10,524,227,44
3414,2023-08-03,334,87,25
3415,2023-02-11,461,126,22
3416,2023-03-25,52,33,26
3417,2023-12-02,994,245,41
3418,2026-02-03,937,235,12
3419,2024-07-14,842,161,10
3420,2025-07-30,55,79,33
3421,2023-03-09,330,118,12
3422,2023-11-06,18,2,45
3423,2024-03-10,136,98,37
3424,2023-09-06,1000,34,7
3425,2025-07-10,844,48,43
3426,2024-05-15,794,158,24
3427,2023-02-18,261,183,6
3428,2024-04-26,698,7,3
3429,2025-12-20,889,104,6
3430,2026-03-13,739,109,39
3431,2024-07-22,955,63,38
3432,2026-07-22,263,213,48
3433,2025-12-31,100,250,24
3434,2023-10-03,479,43,30
3435,2024-02-12,24,51,13
3436,2025-09-22,885,207,33
3437,2024-08-08,539,8,17
3438,2025-06-13,424,204,44
3439,2025-03-21,633,206,6
3440,2024-04-29,945,44,29
3441,2025-02-20,363,164,39
3442,2024-05-13,594,113,39
3443,2024-01-02,856,219,36
3444,2025-11-10,11,6,10
3445,2025-11-09,415,138,38
3446,2023-06-12,757,231,20
3447,2023-04-21,187,9,28
3448,2023-01-13,168,131,5
3449,2024-09-22,460,122,42
3450,2025-01-23,500,104,6
3451,2026-02-24,460,34,7
3452,2023-02-05,525,48,43
3453,2024-07-25,185,72,2
3454,2026-06-22,500,152,27
3455,2023-03-18,212,184,37
3456,2025-12-24,442,19,18
3457,2026-02-01,484,54,14
3458,2025-07-06,149,30,38
3459,2026-01-30,76,120,42
3460,2024-06-15,700,147,16
3461,2026-05-20,793,186,31
3462,2023-09-09,914,160,40
3463,2024-08-28,332,152,27
3464,2024-03-23,334,15,1
3465,2025-08-03,956,99,42
3466,2025-05-28,963,177,27
3467,2025-09-28,688,93,35
3468,2023-04-24,157,75,30
3469,2026-06-10,712,39,28
3470,2025-10-07,478,215,5
3471,2025-07-17,901,246,1
3472,2023-01-29,269,194,49
3473,2026-04-20,596,172,7
3474,2025-09-15,578,171,37
3475,2024-02-22,625,30,38
3476,2023-07-28,921,39,28
3477,2026-03-18,952,74,41
3478,2025-03-17,980,134,50
3479,2025-12-06,640,112,42
3480,2024-06-28,251,237,45
3481,2026-02-18,719,19,18
3482,2023-02-12,646,63,38
3483,2026-04-03,165,237,45
3484,2023-06-09,739,46,22
3485,2025-10-14,514,186,31
3486,2026-01-25,523,108,1
3487,2024-07-13,132,10,27
3488,2024-11-14,311,70,49
3489,2025-02-20,864,44,29
3490,2024-03-30,144,102,46
3491,2023-06-02,82,190,1
3492,2023-10-26,632,196,10
3493,2023-08-07,551,198,9
3494,2024-11-27,807,243,26
3495,2023-11-27,241,15,1
3496,2023-06-09,852,97,9
3497,2023-02-18,481,149,4
3498,2026-02-17,918,136,45
3499,2023-01-04,44,126,22
3500,2023-12-13,102,43,30
3501,2025-05-25,209,183,6
3502,2026-06-26,589,90,20
3503,2025-02-26,637,25,7
3504,2025-01-30,293,91,20
3505,2024-09-09,316,167,23
3506,2023-08-08,709,205,18
3507,2025-01-04,191,70,49
3508,2023-03-28,321,202,41
3509,2024-11-11,655,148,46
3510,2026-04-19,584,131,5
3511,2024-06-03,538,237,45
3512,2025-01-20,18,42,39
3513,2026-04-13,134,177,27
3514,2024-08-25,583,164,39
3515,2023-06-09,731,118,12
3516,2023-06-29,364,105,47
3517,2026-04-28,497,165,44
3518,2023-05-30,640,171,37
3519,2026-03-03,188,19,18
3520,2024-10-26,843,230,50
3521,2025-11-21,439,21,45
3522,2024-09-04,354,131,5
3523,2026-02-10,294,233,47
3524,2024-01-27,522,138,38
3525,2024-07-23,324,250,24
3526,2023-02-15,678,161,10
3527,2024-04-04,875,173,26
3528,2026-02-18,974,120,42
3529,2023-07-06,226,20,22
3530,2025-09-18,788,169,22
3531,2025-02-07,371,88,36
3532,2024-07-09,684,135,5
3533,2025-08-25,548,230,50
3534,2025-02-06,713,161,10
3535,2024-07-29,389,65,30
3536,2024-09-09,563,82,8
3537,2024-09-24,43,54,14
3538,2024-01-21,386,2,45
3539,2023-09-17,435,6,10
3540,2024-01-15,941,110,28
3541,2024-11-03,262,26,13
3542,2024-03-06,283,14,26
3543,2023-02-04,842,128,45
3544,2025-07-09,288,55,33
3545,2025-07-15,963,238,45
3546,2024-08-01,445,154,47
3547,2023-07-21,304,125,35
3548,2024-03-18,827,99,42
3549,2024-05-23,557,212,36
3550,2023-10-24,764,174,6
3551,2025-07-28,956,148,46
3552,2023-06-11,935,212,36
3553,2026-02-19,816,71,16
3554,2024-04-23,607,136,45
3555,2025-12-11,795,58,15
3556,2023-09-30,147,51,13
3557,2024-05-29,344,9,28
3558,2023-06-17,414,210,19
3559,2025-12-14,495,125,35
3560,2024-03-05,278,166,45
3561,2025-11-23,691,141,49
3562,2024-09-22,288,22,27
3563,2025-05-17,953,80,4
3564,2025-05-28,424,164,39
3565,2024-08-17,30,11,37
3566,2024-05-06,756,247,48
3567,2024-06-20,952,36,37
3568,2023-07-14,678,162,17
3569,2024-02-24,99,44,29
3570,2024-12-08,297,112,42
3571,2025-09-03,835,167,23
3572,2025-05-17,586,45,17
3573,2024-08-25,411,136,45
3574,2023-07-01,259,59,13
3575,2024-06-08,23,180,18
3576,2023-09-09,307,177,27
3577,2026-02-09,218,188,23
3578,2025-11-11,272,15,1
3579,2023-11-28,880,25,7
3580,2024-01-10,266,138,38
3581,2025-05-10,920,170,21
3582,2024-08-07,418,198,9
3583,2026-01-15,660,103,7
3584,2024-01-09,196,55,33
3585,2023-11-10,745,190,1
3586,2025-01-01,864,71,16
3587,2024-09-09,984,81,43
3588,2024-03-25,932,205,18
3589,2025-07-02,720,111,21
3590,2026-03-07,418,90,20
3591,2023-12-29,387,25,7
3592,2024-01-27,210,208,7
3593,2026-03-07,525,170,21
3594,2026-07-22,118,188,23
3595,2024-01-06,828,178,19
3596,2023-12-20,301,56,16
3597,2023-07-14,292,167,23
3598,2026-05-16,542,141,49
3599,2024-05-11,776,222,23
3600,2023-07-12,337,23,29
3601,2024-07-28,80,226,21
3602,2023-09-08,699,14,26
3603,2023-02-08,237,53,17
3604,2025-02-16,211,7,3
3605,2025-11-15,37,35,8
3606,2023-05-30,148,226,21
3607,2023-11-19,662,83,37
3608,2024-05-20,276,183,6
3609,2024-05-12,598,182,10
3610,2026-05-05,596,60,24
3611,2025-03-23,379,35,8
3612,2025-04-03,192,90,20
3613,2026-07-20,134,97,9
3614,2026-04-15,836,101,33
3615,2026-02-02,708,34,7
3616,2023-02-01,685,215,5
3617,2026-07-27,411,79,33
3618,2023-05-04,430,160,40
3619,2024-11-03,712,17,5
3620,2023-05-24,38,187,35
3621,2023-01-31,24,250,24
3622,2024-05-01,452,71,16
3623,2023-04-07,352,21,45
3624,2025-05-24,146,229,47
3625,2025-06-01,210,177,27
3626,2024-12-10,680,6,10
3627,2024-08-17,371,242,6
3628,2024-10-29,490,214,2
3629,2024-03-15,19,152,27
3630,2023-01-02,448,188,23
3631,2026-02-17,887,111,21
3632,2026-04-15,655,108,1
3633,2024-12-19,789,157,27
3634,2024-01-06,376,184,37
3635,2023-08-20,231,194,49
3636,2024-08-21,922,17,5
3637,2024-08-09,467,215,5
3638,2026-05-23,116,30,38
3639,2026-07-12,716,43,30
3640,2024-11-04,265,235,12
3641,2026-06-19,726,183,6
3642,2026-01-30,534,13,29
3643,2023-04-28,830,86,49
3644,2025-01-04,571,214,2
3645,2023-04-27,766,122,42
3646,2023-03-22,862,94,27
3647,2023-01-30,366,26,13
3648,2025-05-16,679,86,49
3649,2026-06-21,602,85,28
3650,2023-04-26,724,31,30
3651,2024-04-29,852,178,19
3652,2026-07-20,500,190,1
3653,2023-12-25,181,18,21
3654,2025-04-10,785,184,37
3655,2023-12-01,880,26,13
3656,2025-10-19,288,188,23
3657,2024-02-20,800,46,22
3658,2025-10-23,40,44,29
3659,2026-06-30,799,23,29
3660,2025-03-08,809,84,16
3661,2023-01-11,129,151,44
3662,2025-02-17,163,5,39
3663,2025-09-06,438,71,16
3664,2025-01-22,987,118,12
3665,2025-08-22,70,86,49
3666,2026-06-17,733,12,39
3667,2023-08-20,601,125,35
3668,2023-03-20,153,57,5
3669,2023-06-14,597,6,10
3670,2024-01-09,986,16,42
3671,2023-12-03,672,59,13
3672,2025-05-17,690,196,10
3673,2025-09-11,636,40,12
3674,2023-01-25,500,57,5
3675,2025-02-04,858,98,37
3676,2024-05-29,954,87,25
3677,2024-11-03,440,169,22
3678,2025-05-05,369,4,8
3679,2025-01-16,829,78,37
3680,2023-01-16,539,129,8
3681,2023-12-15,183,69,36
3682,2024-05-23,75,61,14
3683,2026-03-07,891,30,38
3684,2023-08-03,149,69,36
3685,2024-06-14,183,203,5
3686,2025-06-05,63,95,1
3687,2026-01-17,860,33,26
3688,2025-03-25,224,39,28
3689,2024-06-20,147,24,40
3690,2024-03-16,396,207,33
3691,2026-02-18,112,105,47
3692,2025-03-12,171,245,41
3693,2026-01-27,171,166,45
3694,2024-04-06,907,182,10
3695,2025-01-04,850,148,46
3696,2024-06-08,579,29,46
3697,2024-05-24,651,112,42
3698,2024-07-17,265,56,16
3699,2026-02-23,40,236,38
3700,2026-04-26,934,219,36
3701,2023-11-17,159,155,47
3702,2024-12-03,506,109,39
3703,2025-12-16,11,65,30
3704,2023-08-08,371,4,8
3705,2025-11-28,711,241,19
3706,2025-01-28,287,134,50
3707,2023-09-03,642,248,38
3708,2024-07-12,578,110,28
3709,2023-09-20,528,107,33
3710,2025-08-06,92,150,11
3711,2023-06-03,42,77,11
3712,2023-08-22,941,17,5
3713,2023-01-31,386,225,46
3714,2023-02-05,657,186,31
3715,2025-09-24,127,179,39
3716,2023-01-25,296,31,30
3717,2025-07-29,892,50,8
3718,2024-06-16,538,233,47
3719,2023-03-13,188,28,28
3720,2025-06-22,936,49,24
3721,2025-07-22,690,177,27
3722,2024-02-27,102,230,50
3723,2024-06-17,381,72,2
3724,2024-06-10,583,22,27
3725,2023-03-14,854,11,37
3726,2023-11-26,853,117,41
3727,2025-02-15,5,148,46
3728,2025-02-17,456,200,23
3729,2023-06-24,343,108,1
3730,2024-06-05,38,59,13
3731,2024-01-11,141,71,16
3732,2023-12-26,653,176,4
3733,2025-07-25,451,152,27
3734,2025-03-01,566,135,5
3735,2023-10-20,502,208,7
3736,2026-01-03,77,13,29
3737,2024-03-01,740,1,46
3738,2025-04-19,884,236,38
3739,2025-01-23,409,93,35
3740,2024-03-22,133,183,6
3741,2023-12-23,325,30,38
3742,2026-04-11,745,67,20
3743,2023-06-07,976,116,21
3744,2024-10-27,494,107,33
3745,2023-08-18,912,153,38
3746,2025-03-09,291,95,1
3747,2024-03-17,703,249,20
3748,2024-11-22,95,176,4
3749,2025-10-25,446,105,47
3750,2024-08-06,17,26,13
3751,2025-07-25,332,130,25
3752,2026-01-01,371,129,8
3753,2023-04-29,458,36,37
3754,2024-11-23,481,92,11
3755,2023-06-07,76,77,11
3756,2024-06-11,15,194,49
3757,2026-07-09,124,31,30
3758,2026-04-20,304,25,7
3759,2026-06-21,277,189,48
3760,2024-05-09,373,195,32
3761,2024-10-04,944,198,9
3762,2023-10-04,623,100,14
3763,2023-11-23,212,30,38
3764,2025-09-16,212,133,24
3765,2025-02-13,231,25,7
3766,2023-05-10,839,170,21
3767,2025-07-26,550,180,18
3768,2024-04-21,93,156,50
3769,2023-09-12,652,27,19
3770,2024-04-09,455,130,25
3771,2023-07-01,154,147,16
3772,2023-10-07,305,60,24
3773,2024-02-09,5,120,42
3774,2026-02-03,546,178,19
3775,2025-02-02,999,217,50
3776,2025-06-04,262,199,42
3777,2025-12-11,611,135,5
3778,2024-02-13,487,187,35
3779,2024-06-09,278,80,4
3780,2024-01-25,910,145,18
3781,2024-09-08,977,105,47
3782,2024-06-09,735,238,45
3783,2026-03-06,993,245,41
3784,2025-11-12,207,41,39
3785,2023-11-29,822,250,24
3786,2023-10-03,549,30,38
3787,2023-06-10,306,6,10
3788,2024-06-30,319,115,4
3789,2025-10-16,261,92,11
3790,2023-01-22,841,191,32
3791,2026-04-17,950,244,2
3792,2025-03-02,317,81,43
3793,2023-01-30,73,117,41
3794,2025-05-21,576,67,20
3795,2025-10-11,637,204,44
3796,2023-02-13,182,14,26
3797,2024-11-21,881,56,16
3798,2025-11-22,753,194,49
3799,2025-10-21,669,105,47
3800,2023-01-09,180,76,26
3801,2023-10-12,284,88,36
3802,2024-07-20,79,194,49
3803,2023-02-05,32,177,27
3804,2024-07-23,108,33,26
3805,2025-08-23,657,115,4
3806,2023-12-25,694,47,20
3807,2026-04-30,649,171,37
3808,2025-02-15,986,185,30
3809,2023-05-06,773,193,28
3810,2024-06-29,484,55,33
3811,2024-12-09,221,104,6
3812,2024-05-24,358,15,1
3813,2026-04-05,324,139,39
3814,2024-04-09,64,168,46
3815,2024-10-20,18,227,44
3816,2025-12-04,75,183,6
3817,2024-08-15,95,58,15
3818,2025-01-22,235,157,27
3819,2023-05-24,908,219,36
3820,2025-08-06,899,219,36
3821,2025-12-12,942,31,30
3822,2026-07-18,694,248,38
3823,2025-12-03,391,137,33
3824,2023-08-19,737,66,5
3825,2026-02-15,617,45,17
3826,2025-08-31,61,35,8
3827,2025-02-03,506,31,30
3828,2024-09-26,883,44,29
3829,2025-06-24,414,185,30
3830,2023-11-28,389,186,31
3831,2025-06-12,699,157,27
3832,2024-11-27,296,248,38
3833,2023-06-15,538,52,20
3834,2023-03-03,384,163,32
3835,2024-11-05,39,55,33
3836,2024-05-01,586,129,8
3837,2026-06-18,3,118,12
3838,2023-09-21,117,244,2
3839,2024-11-23,136,185,30
3840,2026-07-01,20,124,10
3841,2024-08-01,25,100,14
3842,2025-06-16,603,170,21
3843,2023-05-27,546,53,17
3844,2025-08-03,284,249,20
3845,2023-12-23,975,9,28
3846,2026-01-29,904,104,6
3847,2023-08-16,746,156,50
3848,2023-03-08,643,144,19
3849,2023-12-24,196,159,37
3850,2023-11-30,200,150,11
3851,2023-11-05,81,138,38
3852,2023-03-22,523,128,45
3853,2023-12-03,315,145,18
3854,2025-05-25,151,137,33
3855,2025-01-02,603,43,30
3856,2025-07-09,37,67,20
3857,2025-12-22,871,95,1
3858,2026-07-23,312,242,6
3859,2023-04-05,459,96,48
3860,2025-07-27,554,203,5
3861,2024-06-06,481,206,6
3862,2023-07-28,411,152,27
3863,2026-07-11,929,145,18
3864,2025-06-13,51,85,28
3865,2023-11-20,168,24,40
3866,2025-08-19,657,96,48
3867,2023-02-25,566,6,10
3868,2024-02-07,783,135,5
3869,2024-07-08,264,219,36
3870,2025-03-09,887,13,29
3871,2025-08-20,807,125,35
3872,2023-05-25,816,181,41
3873,2025-08-24,288,90,20
3874,2024-11-07,461,52,20
3875,2023-04-21,857,207,33
3876,2024-01-19,85,186,31
3877,2024-10-13,625,50,8
3878,2023-12-19,205,50,8
3879,2023-12-03,464,107,33
3880,2025-11-02,932,214,2
3881,2024-03-03,505,166,45
3882,2023-11-29,232,86,49
3883,2024-03-23,988,168,46
3884,2026-07-16,180,135,5
3885,2025-09-20,755,76,26
3886,2023-10-13,857,204,44
3887,2023-10-24,171,178,19
3888,2025-04-05,821,80,4
3889,2023-05-26,148,41,39
3890,2025-10-31,726,169,22
3891,2026-04-20,482,88,36
3892,2025-08-02,698,208,7
3893,2023-07-03,446,231,20
3894,2025-01-06,501,61,14
3895,2023-07-19,316,132,16
3896,2025-02-25,449,61,14
3897,2025-04-26,187,4,8
3898,2025-04-23,875,190,1
3899,2023-01-27,510,11,37
3900,2024-09-16,832,195,32
3901,2025-03-02,91,72,2
3902,2024-10-06,627,111,21
3903,2026-01-14,117,185,30
3904,2024-02-04,139,108,1
3905,2023-09-30,587,116,21
3906,2023-07-02,345,159,37
3907,2026-07-22,396,57,5
3908,2025-05-18,160,27,19
3909,2025-01-15,219,58,15
3910,2024-10-02,221,118,12
3911,2026-07-17,583,147,16
3912,2023-03-16,381,224,14
3913,2025-10-13,768,49,24
3914,2025-12-27,866,159,37
3915,2025-11-03,345,228,48
3916,2025-02-17,617,15,1
3917,2023-12-07,450,217,50
3918,2025-04-01,360,59,13
3919,2025-07-29,331,192,2
3920,2024-12-03,592,73,22
3921,2024-02-02,6,89,20
3922,2026-02-23,637,197,18
3923,2025-03-01,44,114,41
3924,2026-03-01,992,28,28
3925,2023-03-10,101,184,37
3926,2024-11-29,654,125,35
3927,2023-06-24,862,131,5
3928,2025-06-21,792,123,1
3929,2023-08-30,899,68,1
3930,2025-06-20,922,246,1
3931,2025-07-14,913,146,21
3932,2026-02-02,503,238,45
3933,2026-07-24,128,43,30
3934,2024-06-08,194,156,50
3935,2025-01-02,987,88,36
3936,2025-04-19,771,141,49
3937,2024-11-25,562,194,49
3938,2023-03-03,949,162,17
3939,2024-09-27,450,229,47
3940,2023-09-23,541,178,19
3941,2024-02-26,723,43,30
3942,2025-07-05,994,59,13
3943,2025-05-02,713,58,15
3944,2026-06-19,331,22,27
3945,2024-11-22,571,49,24
3946,2026-02-23,46,230,50
3947,2023-12-24,234,80,4
3948,2026-03-13,883,39,28
3949,2024-08-09,243,127,10
3950,2025-01-02,575,93,35
3951,2023-12-04,534,54,14
3952,2024-07-03,5,205,18
3953,2026-02-15,568,143,46
3954,2024-04-26,424,92,11
3955,2026-03-01,206,193,28
3956,2026-04-22,300,161,10
3957,2025-06-28,726,73,22
3958,2023-05-07,78,249,20
3959,2025-08-04,751,230,50
3960,2023-04-20,16,35,8
3961,2025-01-03,63,226,21
3962,2025-12-29,134,136,45
3963,2025-06-03,756,170,21
3964,2023-02-03,523,33,26
3965,2024-06-27,174,13,29
3966,2024-03-19,873,56,16
3967,2025-11-12,258,159,37
3968,2026-05-18,814,115,4
3969,2025-11-06,539,124,10
3970,2025-04-17,692,217,50
3971,2025-08-18,251,190,1
3972,2024-11-18,575,238,45
3973,2026-01-12,906,70,49
3974,2023-04-29,739,22,27
3975,2025-03-17,543,186,31
3976,2026-03-19,779,37,6
3977,2023-10-07,48,198,9
3978,2026-03-22,217,167,23
3979,2026-04-14,216,143,46
3980,2023-08-10,831,85,28
3981,2023-04-12,715,121,41
3982,2023-10-06,747,41,39
3983,2024-11-18,19,187,35
3984,2026-03-06,215,163,32
3985,2023-04-16,701,147,16
3986,2025-01-16,671,158,24
3987,2023-12-09,694,25,7
3988,2024-04-04,885,162,17
3989,2026-06-23,142,26,13
3990,2025-12-05,125,54,14
3991,2023-05-15,175,71,16
3992,2023-06-09,154,197,18
3993,2024-06-25,455,85,28
3994,2026-07-17,706,194,49
3995,2024-11-06,802,173,26
3996,2026-01-07,315,60,24
3997,2026-06-08,26,195,32
3998,2025-08-16,914,163,32
3999,2023-12-04,535,217,50
4000,2023-09-07,603,88,36
4001,2025-02-24,168,242,6
4002,2026-06-08,210,181,41
4003,2023-07-30,956,232,46
4004,2024-05-17,306,153,38
4005,2025-06-19,555,80,4
4006,2025-02-26,597,164,39
4007,2023-02-25,191,179,39
4008,2024-08-30,17,208,7
4009,2023-11-27,743,75,30
4010,2023-10-27,829,211,12
4011,2023-03-12,195,156,50
4012,2023-03-02,556,6,10
4013,2024-06-28,574,129,8
4014,2026-07-15,131,67,20
4015,2024-03-15,122,138,38
4016,2024-04-11,887,212,36
4017,2024-02-23,806,20,22
4018,2024-06-15,618,152,27
4019,2025-09-18,514,60,24
4020,2026-03-23,39,70,49
4021,2025-08-28,21,85,28
4022,2026-02-19,285,191,32
4023,2024-04-02,973,141,49
4024,2025-06-25,954,33,26
4025,2026-05-27,179,182,10
4026,2024-05-12,157,209,11
4027,2024-06-24,950,106,50
4028,2023-08-11,225,104,6
4029,2023-03-23,494,117,41
4030,2025-01-19,201,199,42
4031,2024-02-05,842,39,28
4032,2025-07-10,150,203,5
4033,2023-03-11,741,209,11
4034,2023-11-12,974,57,5
4035,2023-02-09,435,44,29
4036,2023-11-23,248,89,20
4037,2023-05-11,127,80,4
4038,2025-05-31,510,75,30
4039,2024-03-06,561,226,21
4040,2025-02-06,629,139,39
4041,2023-06-06,174,182,10
4042,2026-07-03,512,211,12
4043,2023-06-04,199,201,40
4044,2023-01-20,479,42,39
4045,2025-12-22,481,22,27
4046,2025-05-05,87,93,35
4047,2025-03-28,866,150,11
4048,2024-06-05,324,142,6
4049,2023-11-16,306,23,29
4050,2026-05-03,864,41,39
4051,2025-05-16,573,233,47
4052,2023-11-30,814,163,32
4053,2025-11-14,372,23,29
4054,2025-12-28,528,19,18
4055,2023-01-09,238,5,39
4056,2023-05-02,816,77,11
4057,2023-06-13,90,130,25
4058,2023-05-04,648,101,33
4059,2025-06-27,587,106,50
4060,2024-06-22,584,27,19
4061,2024-10-09,275,220,30
4062,2024-12-23,641,118,12
4063,2026-05-14,305,233,47
4064,2026-06-08,765,41,39
4065,2026-05-02,559,47,20
4066,2023-05-29,926,246,1
4067,2024-11-30,381,34,7
4068,2023-12-11,264,140,39
4069,2023-11-09,418,73,22
4070,2023-12-07,49,93,35
4071,2023-01-29,335,148,46
4072,2024-01-29,722,130,25
4073,2026-05-05,579,67,20
4074,2026-03-25,425,77,11
4075,2025-08-25,900,43,30
4076,2026-01-13,638,80,4
4077,2025-05-12,482,61,14
4078,2023-07-17,641,168,46
4079,2024-01-03,746,56,16
4080,2025-12-03,757,18,21
4081,2023-11-01,247,244,2
4082,2023-02-17,702,128,45
4083,2023-11-21,281,101,33
4084,2023-12-19,468,244,2
4085,2026-04-20,254,67,20
4086,2025-12-25,239,245,41
4087,2025-07-21,672,124,10
4088,2025-08-19,985,250,24
4089,2024-03-18,425,229,47
4090,2025-12-21,772,237,45
4091,2025-10-06,994,51,13
4092,2026-01-24,440,73,22
4093,2026-01-11,950,113,39
4094,2025-01-10,920,212,36
4095,2025-03-11,517,90,20
4096,2025-09-01,362,128,45
4097,2023-07-12,909,226,21
4098,2023-10-16,954,238,45
4099,2023-11-04,912,238,45
4100,2025-07-09,972,75,30
4101,2025-10-31,206,17,5
4102,2024-02-20,632,1,46
4103,2025-10-21,155,163,32
4104,2024-06-07,162,146,21
4105,2025-04-20,218,138,38
4106,2024-08-16,486,185,30
4107,2024-05-06,853,52,20
4108,2026-03-24,84,235,12
4109,2023-01-25,866,210,19
4110,2024-01-17,103,220,30
4111,2026-01-24,226,1,46
4112,2026-04-02,229,15,1
4113,2023-12-29,473,128,45
4114,2023-04-25,890,3,40
4115,2024-01-14,595,120,42
4116,2024-06-13,655,70,49
4117,2023-09-24,699,246,1
4118,2026-05-11,882,25,7
4119,2024-05-05,802,157,27
4120,2023-03-04,262,86,49
4121,2023-08-30,579,104,6
4122,2025-08-10,646,226,21
4123,2023-07-24,347,42,39
4124,2024-05-08,292,234,18
4125,2025-12-14,375,82,8
4126,2024-04-07,512,62,7
4127,2023-10-04,381,224,14
4128,2023-11-30,756,195,32
4129,2024-08-15,692,198,9
4130,2025-05-04,96,226,21
4131,2025-05-10,534,67,20
4132,2024-09-02,645,245,41
4133,2026-03-11,243,226,21
4134,2026-03-02,494,17,5
4135,2025-11-14,46,34,7
4136,2025-02-02,951,136,45
4137,2025-08-05,560,94,27
4138,2023-11-28,631,148,46
4139,2023-08-29,156,121,41
4140,2024-02-19,581,22,27
4141,2023-02-03,218,72,2
4142,2026-03-25,166,194,49
4143,2023-02-02,655,40,12
4144,2023-03-12,675,46,22
4145,2024-08-27,722,118,12
4146,2025-08-20,594,149,4
4147,2025-01-21,308,238,45
4148,2025-01-06,854,16,42
4149,2024-04-20,493,79,33
4150,2026-07-27,64,57,5
4151,2026-04-14,874,190,1
4152,2023-06-10,790,30,38
4153,2024-05-29,686,123,1
4154,2024-04-15,943,105,47
4155,2026-03-13,704,197,18
4156,2026-06-12,994,158,24
4157,2024-10-01,461,44,29
4158,2025-02-21,287,74,41
4159,2026-05-10,335,25,7
4160,2024-02-06,527,189,48
4161,2025-08-20,771,89,20
4162,2025-05-10,181,152,27
4163,2024-01-21,492,105,47
4164,2025-08-08,659,211,12
4165,2025-07-11,149,86,49
4166,2025-12-17,645,218,22
4167,2024-02-09,145,48,43
4168,2025-02-26,329,212,36
4169,2023-01-18,937,60,24
4170,2025-03-07,883,190,1
4171,2023-06-22,516,242,6
4172,2023-02-04,738,238,45
4173,2026-06-29,99,168,46
4174,2025-12-27,192,89,20
4175,2025-09-29,440,46,22
4176,2024-08-12,149,48,43
4177,2025-10-01,197,194,49
4178,2024-10-31,336,31,30
4179,2024-10-28,884,74,41
4180,2025-04-12,197,122,42
4181,2024-03-05,807,59,13
4182,2024-04-27,133,93,35
4183,2023-09-19,334,24,40
4184,2026-07-14,857,166,45
4185,2025-07-14,32,33,26
4186,2026-05-03,609,117,41
4187,2025-03-17,398,70,49
4188,2024-09-23,374,192,2
4189,2026-02-13,646,222,23
4190,2024-06-17,353,2,45
4191,2025-05-18,586,240,14
4192,2024-07-15,519,183,6
4193,2026-06-22,772,238,45
4194,2023-10-24,374,24,40
4195,2024-05-24,541,129,8
4196,2024-12-16,384,179,39
4197,2025-07-13,860,45,17
4198,2025-01-23,305,54,14
4199,2023-11-03,301,214,2
4200,2023-06-02,7,179,39
4201,2024-07-02,890,58,15
4202,2025-04-01,935,167,23
4203,2023-08-01,866,108,1
4204,2023-08-03,769,17,5
4205,2023-01-07,735,78,37
4206,2023-01-14,93,152,27
4207,2024-04-26,14,228,48
4208,2024-11-20,338,119,3
4209,2025-01-12,89,83,37
4210,2024-03-04,240,236,38
4211,2025-01-23,755,6,10
4212,2023-05-31,303,233,47
4213,2026-01-15,330,21,45
4214,2025-05-28,74,98,37
4215,2026-03-26,506,238,45
4216,2024-02-27,368,175,26
4217,2026-07-26,611,237,45
4218,2023-11-10,804,186,31
4219,2025-07-17,606,174,6
4220,2024-06-05,818,153,38
4221,2023-10-08,762,208,7
4222,2024-01-21,52,151,44
4223,2025-12-22,681,172,7
4224,2023-09-30,188,30,38
4225,2025-03-18,60,93,35
4226,2024-08-17,875,183,6
4227,2023-09-12,751,17,5
4228,2024-02-16,819,246,1
4229,2024-11-01,865,111,21
4230,2026-02-03,894,130,25
4231,2023-02-25,464,20,22
4232,2023-01-24,834,134,50
4233,2026-05-26,521,102,46
4234,2023-06-05,33,79,33
4235,2026-01-14,262,2,45
4236,2024-10-31,109,247,48
4237,2024-12-21,705,205,18
4238,2024-12-01,922,232,46
4239,2023-06-12,7,26,13
4240,2023-10-21,363,240,14
4241,2025-06-14,279,7,3
4242,2023-10-04,791,189,48
4243,2023-07-27,391,102,46
4244,2023-10-10,354,192,2
4245,2023-10-06,519,96,48
4246,2024-06-27,355,188,23
4247,2024-02-15,368,190,1
4248,2026-07-14,982,238,45
4249,2026-06-01,177,172,7
4250,2025-11-13,404,85,28
4251,2025-07-16,539,163,32
4252,2025-03-18,469,169,22
4253,2025-06-25,157,246,1
4254,2025-08-03,132,222,23
4255,2023-08-03,68,56,16
4256,2026-05-24,654,26,13
4257,2023-01-23,192,216,11
4258,2026-06-19,843,26,13
4259,2023-04-19,796,33,26
4260,2023-07-28,975,132,16
4261,2023-01-03,772,103,7
4262,2024-08-13,786,127,10
4263,2023-08-09,244,169,22
4264,2023-01-19,868,58,15
4265,2025-02-06,195,114,41
4266,2025-01-13,848,73,22
4267,2026-02-11,540,198,9
4268,2024-11-12,82,174,6
4269,2026-04-30,738,87,25
4270,2024-08-11,579,135,5
4271,2023-02-11,905,69,36
4272,2025-01-03,777,188,23
4273,2026-07-21,972,47,20
4274,2025-05-22,574,52,20
4275,2023-01-30,974,165,44
4276,2026-02-14,454,120,42
4277,2026-03-23,566,213,48
4278,2026-07-21,705,150,11
4279,2024-03-24,401,82,8
4280,2024-01-11,683,76,26
4281,2025-01-02,465,1,46
4282,2026-01-22,180,132,16
4283,2024-02-12,574,193,28
4284,2023-01-10,38,214,2
4285,2024-04-11,656,90,20
4286,2024-12-01,294,107,33
4287,2025-10-21,688,16,42
4288,2024-06-05,23,130,25
4289,2025-07-21,116,225,46
4290,2023-09-26,973,44,29
4291,2023-08-24,796,241,19
4292,2024-06-23,669,225,46
4293,2024-06-15,979,1,46
4294,2025-04-02,550,145,18
4295,2023-01-14,735,64,14
4296,2025-12-30,176,141,49
4297,2026-03-10,858,111,21
4298,2023-03-24,138,208,7
4299,2023-06-27,949,182,10
4300,2023-03-17,96,6,10
4301,2025-08-28,483,183,6
4302,2024-11-30,47,49,24
4303,2026-02-04,430,191,32
4304,2025-08-13,349,131,5
4305,2026-07-24,495,69,36
4306,2026-06-15,101,224,14
4307,2025-09-13,726,211,12
4308,2025-01-31,268,64,14
4309,2026-01-26,694,43,30
4310,2024-08-06,716,234,18
4311,2025-08-12,678,156,50
4312,2023-10-28,32,243,26
4313,2023-11-25,323,66,5
4314,2024-05-01,279,154,47
4315,2026-06-22,581,59,13
4316,2024-06-15,144,212,36
4317,2023-06-19,167,152,27
4318,2024-04-30,997,66,5
4319,2025-05-15,382,150,11
4320,2026-06-03,355,112,42
4321,2024-05-31,313,133,24
4322,2026-01-05,562,145,18
4323,2023-01-28,178,84,16
4324,2023-01-04,739,89,20
4325,2025-05-03,216,196,10
4326,2023-09-08,649,101,33
4327,2026-05-14,233,68,1
4328,2023-10-09,916,49,24
4329,2024-04-12,638,175,26
4330,2025-06-11,821,71,16
4331,2024-03-03,592,61,14
4332,2023-07-17,821,163,32
4333,2023-12-11,482,33,26
4334,2025-06-23,236,207,33
4335,2024-10-20,751,166,45
4336,2024-11-10,802,247,48
4337,2024-07-15,433,29,46
4338,2023-08-23,907,138,38
4339,2023-07-22,168,229,47
4340,2026-03-16,522,237,45
4341,2024-05-20,456,9,28
4342,2026-06-20,807,100,14
4343,2025-11-03,506,22,27
4344,2023-02-26,489,201,40
4345,2023-05-29,203,159,37
4346,2023-02-02,177,24,40
4347,2023-04-22,452,250,24
4348,2023-10-05,391,208,7
4349,2023-03-15,75,86,49
4350,2023-04-08,142,162,17
4351,2023-03-11,361,110,28
4352,2026-06-09,983,6,10
4353,2025-12-19,215,250,24
4354,2024-09-18,249,44,29
4355,2025-12-30,689,217,50
4356,2026-04-04,986,226,21
4357,2026-06-12,141,125,35
4358,2026-05-25,598,77,11
4359,2026-01-02,8,43,30
4360,2023-11-04,710,217,50
4361,2026-02-28,176,141,49
4362,2024-09-12,180,143,46
4363,2023-09-15,938,111,21
4364,2024-05-30,937,209,11
4365,2024-01-12,601,250,24
4366,2026-01-18,966,248,38
4367,2026-03-22,672,162,17
4368,2024-09-20,465,116,21
4369,2024-06-03,50,176,4
4370,2025-06-15,674,25,7
4371,2023-10-08,673,124,10
4372,2024-05-02,806,184,37
4373,2026-06-25,589,231,20
4374,2025-11-03,867,145,18
4375,2026-06-28,753,159,37
4376,2025-05-27,958,138,38
4377,2024-06-03,803,215,5
4378,2024-10-27,452,119,3
4379,2025-06-13,893,69,36
4380,2024-12-10,123,135,5
4381,2025-11-15,80,137,33
4382,2023-12-29,453,248,38
4383,2023-09-15,551,57,5
4384,2026-04-23,671,4,8
4385,2025-03-05,200,73,22
4386,2025-01-20,397,21,45
4387,2025-11-29,899,146,21
4388,2024-04-25,402,120,42
4389,2024-06-16,141,123,1
4390,2025-01-08,375,16,42
4391,2024-03-10,146,75,30
4392,2024-08-30,168,17,5
4393,2025-02-23,648,223,6
4394,2024-01-27,498,174,6
4395,2025-05-15,856,101,33
4396,2024-02-16,233,70,49
4397,2026-07-04,158,205,18
4398,2025-07-26,385,135,5
4399,2025-07-02,373,210,19
4400,2023-12-23,691,4,8
4401,2025-10-09,239,199,42
4402,2024-02-17,303,71,16
4403,2025-11-15,866,174,6
4404,2026-06-16,385,64,14
4405,2025-09-14,146,50,8
4406,2024-07-28,218,128,45
4407,2025-05-08,83,48,43
4408,2023-07-09,557,109,39
4409,2026-01-15,600,29,46
4410,2023-02-25,765,88,36
4411,2025-03-23,492,139,39
4412,2023-08-28,291,81,43
4413,2025-06-12,788,84,16
4414,2025-10-08,528,176,4
4415,2025-09-25,615,226,21
4416,2024-10-07,166,39,28
4417,2024-03-19,124,80,4
4418,2023-03-25,153,205,18
4419,2025-07-14,806,118,12
4420,2023-04-20,610,77,11
4421,2025-01-09,314,145,18
4422,2026-02-25,30,124,10
4423,2024-03-05,829,59,13
4424,2025-12-13,979,183,6
4425,2024-12-31,564,150,11
4426,2023-07-05,347,9,28
4427,2023-12-13,989,132,16
4428,2024-01-16,372,234,18
4429,2024-02-19,123,3,40
4430,2024-09-15,36,154,47
4431,2023-10-11,722,226,21
4432,2025-04-10,685,1,46
4433,2024-03-29,919,243,26
4434,2024-03-24,461,28,28
4435,2024-01-18,591,97,9
4436,2025-06-12,345,105,47
4437,2024-09-11,923,176,4
4438,2025-09-03,587,90,20
4439,2026-02-17,92,177,27
4440,2024-05-05,608,88,36
4441,2023-08-04,762,123,1
4442,2025-11-24,830,57,5
4443,2025-03-16,853,72,2
4444,2023-05-15,530,94,27
4445,2023-11-16,662,113,39
4446,2023-05-25,742,65,30
4447,2024-09-27,161,43,30
4448,2026-03-31,569,63,38
4449,2024-03-06,863,56,16
4450,2025-06-21,9,35,8
4451,2023-06-14,939,159,37
4452,2023-03-09,190,211,12
4453,2025-10-27,875,7,3
4454,2023-10-26,246,129,8
4455,2026-04-12,734,199,42
4456,2026-04-24,822,219,36
4457,2023-07-24,198,131,5
4458,2023-01-10,135,5,39
4459,2023-11-12,682,90,20
4460,2025-10-19,992,73,22
4461,2023-12-04,552,202,41
4462,2023-05-27,848,89,20
4463,2026-03-09,859,246,1
4464,2025-06-28,310,112,42
4465,2024-12-29,551,135,5
4466,2024-06-06,283,151,44
4467,2023-02-26,492,90,20
4468,2024-07-10,408,240,14
4469,2025-07-10,48,73,22
4470,2023-03-30,673,238,45
4471,2024-07-27,636,204,44
4472,2024-02-21,508,159,37
4473,2023-05-16,662,208,7
4474,2026-06-20,771,237,45
4475,2025-04-21,638,244,2
4476,2024-10-14,984,74,41
4477,2023-06-23,673,75,30
4478,2024-10-25,453,22,27
4479,2023-08-07,950,247,48
4480,2025-10-01,513,59,13
4481,2023-04-24,22,91,20
4482,2025-10-11,389,111,21
4483,2025-12-05,149,79,33
4484,2024-10-26,445,213,48
4485,2024-10-09,536,189,48
4486,2024-11-29,496,34,7
4487,2023-10-19,981,237,45
4488,2024-07-30,366,145,18
4489,2024-11-28,569,41,39
4490,2023-10-26,824,217,50
4491,2023-09-18,641,152,27
4492,2024-12-19,322,131,5
4493,2026-06-30,422,172,7
4494,2025-07-22,410,242,6
4495,2025-09-30,109,6,10
4496,2023-11-19,331,78,37
4497,2023-10-12,3,210,19
4498,2025-12-25,643,207,33
4499,2023-11-20,801,140,39
4500,2023-11-24,947,83,37
4501,2025-06-26,547,21,45
4502,2023-07-05,777,43,30
4503,2025-01-24,366,113,39
4504,2025-10-09,632,152,27
4505,2023-11-18,24,160,40
4506,2025-08-02,877,243,26
4507,2025-02-10,178,241,19
4508,2025-10-06,20,221,6
4509,2024-09-23,718,73,22
4510,2024-09-01,297,127,10
4511,2023-02-08,467,33,26
4512,2023-02-23,76,59,13
4513,2024-09-11,25,113,39
4514,2025-02-06,188,124,10
4515,2024-05-03,445,149,4
4516,2025-07-24,164,12,39
4517,2026-04-12,812,125,35
4518,2023-01-11,996,227,44
4519,2024-08-22,256,24,40
4520,2023-12-26,329,126,22
4521,2025-04-10,465,102,46
4522,2024-03-04,699,1,46
4523,2023-07-31,774,216,11
4524,2023-03-01,177,170,21
4525,2025-12-04,505,234,18
4526,2023-12-15,132,75,30
4527,2024-12-20,23,77,11
4528,2024-05-26,27,51,13
4529,2024-07-28,298,77,11
4530,2025-02-17,215,118,12
4531,2023-06-08,320,119,3
4532,2025-11-24,349,84,16
4533,2025-07-07,341,140,39
4534,2025-09-22,957,21,45
4535,2023-04-15,64,49,24
4536,2023-11-10,913,140,39
4537,2025-04-25,245,66,5
4538,2024-06-26,695,49,24
4539,2025-10-29,262,126,22
4540,2024-10-13,772,109,39
4541,2024-01-24,318,227,44
4542,2026-02-17,371,9,28
4543,2026-07-14,291,195,32
4544,2024-02-24,993,19,18
4545,2025-12-13,885,98,37
4546,2023-08-23,81,106,50
4547,2025-06-23,99,71,16
4548,2025-02-16,554,207,33
4549,2023-01-27,917,242,6
4550,2023-05-10,634,207,33
4551,2023-09-08,783,80,4
4552,2024-10-10,477,111,21
4553,2025-02-17,868,75,30
4554,2025-11-26,90,190,1
4555,2026-03-05,605,199,42
4556,2025-12-13,382,173,26
4557,2025-03-15,775,135,5
4558,2026-02-28,759,78,37
4559,2026-01-17,883,84,16
4560,2026-03-21,515,245,41
4561,2026-04-10,134,72,2
4562,2025-01-12,612,197,18
4563,2024-04-20,307,224,14
4564,2024-06-15,942,12,39
4565,2023-09-04,279,185,30
4566,2025-05-22,799,102,46
4567,2025-02-10,421,129,8
4568,2023-09-03,92,9,28
4569,2024-10-16,232,88,36
4570,2023-06-03,54,78,37
4571,2024-07-23,142,18,21
4572,2026-03-31,921,189,48
4573,2023-05-22,425,119,3
4574,2023-03-31,297,27,19
4575,2024-10-13,660,150,11
4576,2024-12-31,221,171,37
4577,2025-02-13,283,217,50
4578,2025-01-07,206,60,24
4579,2023-09-23,348,70,49
4580,2025-06-03,355,192,2
4581,2025-11-20,716,84,16
4582,2023-06-27,605,208,7
4583,2025-07-18,848,165,44
4584,2023-01-25,199,162,17
4585,2024-06-19,633,204,44
4586,2024-04-03,878,15,1
4587,2023-09-29,871,109,39
4588,2023-03-20,644,65,30
4589,2025-08-24,192,24,40
4590,2024-05-14,200,238,45
4591,2023-08-26,813,112,42
4592,2023-12-25,784,96,48
4593,2023-07-31,408,211,12
4594,2023-12-26,585,87,25
4595,2025-03-07,797,3,40
4596,2025-09-26,680,78,37
4597,2024-09-24,615,109,39
4598,2026-07-16,296,67,20
4599,2024-08-28,831,223,6
4600,2025-12-08,413,169,22
4601,2023-09-23,825,223,6
4602,2026-03-04,737,211,12
4603,2025-12-10,538,58,15
4604,2026-07-25,58,135,5
4605,2023-09-19,284,42,39
4606,2023-06-15,103,201,40
4607,2023-11-07,781,21,45
4608,2024-06-08,458,57,5
4609,2023-01-19,647,140,39
4610,2025-11-15,950,52,20
4611,2026-07-16,721,150,11
4612,2025-10-27,798,169,22
4613,2026-07-12,806,87,25
4614,2024-12-29,880,204,44
4615,2024-06-09,168,45,17
4616,2025-03-10,311,28,28
4617,2024-09-19,152,86,49
4618,2023-11-02,622,232,46
4619,2023-08-30,224,186,31
4620,2024-06-14,231,203,5
4621,2024-06-28,678,204,44
4622,2024-07-07,421,247,48
4623,2024-12-17,355,202,41
4624,2023-11-24,623,172,7
4625,2024-03-30,574,225,46
4626,2025-03-29,405,197,18
4627,2026-02-03,747,91,20
4628,2026-03-28,375,144,19
4629,2024-03-25,167,202,41
4630,2026-03-09,193,215,5
4631,2025-01-09,688,243,26
4632,2026-03-31,798,4,8
4633,2024-09-28,402,213,48
4634,2026-04-16,280,34,7
4635,2025-11-08,272,103,7
4636,2024-08-27,407,223,6
4637,2023-04-18,22,213,48
4638,2024-01-12,643,144,19
4639,2023-07-31,429,179,39
4640,2026-06-25,110,89,20
4641,2025-11-14,43,74,41
4642,2023-03-19,443,170,21
4643,2024-09-25,171,182,10
4644,2025-05-03,51,198,9
4645,2025-01-20,835,239,25
4646,2024-02-20,807,249,20
4647,2023-10-09,920,164,39
4648,2026-05-12,645,194,49
4649,2023-11-11,829,112,42
4650,2024-11-10,34,56,16
4651,2025-01-18,180,195,32
4652,2023-10-17,863,135,5
4653,2025-11-13,957,33,26
4654,2023-02-05,380,184,37
4655,2026-03-25,149,180,18
4656,2026-07-18,671,150,11
4657,2026-07-26,920,249,20
4658,2024-03-16,304,34,7
4659,2026-06-27,216,205,18
4660,2024-07-11,351,4,8
4661,2026-02-16,26,187,35
4662,2024-02-15,208,125,35
4663,2025-01-30,408,144,19
4664,2024-12-24,936,236,38
4665,2024-09-12,386,196,10
4666,2025-02-03,524,86,49
4667,2025-10-30,452,201,40
4668,2024-11-29,742,156,50
4669,2024-07-19,66,212,36
4670,2026-03-30,717,10,27
4671,2023-06-13,409,154,47
4672,2025-10-02,450,39,28
4673,2024-04-05,917,243,26
4674,2026-06-27,805,172,7
4675,2025-02-03,44,171,37
4676,2025-04-11,416,208,7
4677,2023-07-08,486,64,14
4678,2023-03-30,433,6,10
4679,2023-09-11,131,107,33
4680,2025-05-14,171,122,42
4681,2024-06-13,718,240,14
4682,2026-01-18,178,135,5
4683,2024-08-15,271,181,41
4684,2025-06-11,278,83,37
4685,2023-03-14,819,206,6
4686,2023-01-31,592,241,19
4687,2024-02-21,745,159,37
4688,2024-12-25,640,85,28
4689,2024-08-15,476,16,42
4690,2024-11-30,587,82,8
4691,2024-01-10,637,115,4
4692,2023-10-29,670,73,22
4693,2023-11-05,671,13,29
4694,2025-05-23,237,179,39
4695,2025-04-16,425,170,21
4696,2025-12-16,338,111,21
4697,2024-08-09,986,129,8
4698,2026-01-17,27,158,24
4699,2025-12-02,161,106,50
4700,2024-06-28,191,79,33
4701,2023-06-19,75,250,24
4702,2024-01-25,905,95,1
4703,2023-05-24,730,228,48
4704,2024-04-13,833,96,48
4705,2024-02-26,114,22,27
4706,2024-09-23,500,211,12
4707,2026-07-19,12,73,22
4708,2025-04-17,865,126,22
4709,2024-09-09,933,49,24
4710,2024-01-06,423,90,20
4711,2024-05-12,446,193,28
4712,2024-06-18,310,227,44
4713,2023-07-31,59,4,8
4714,2023-09-24,796,230,50
4715,2025-11-23,438,171,37
4716,2023-06-26,263,200,23
4717,2023-01-03,493,1,46
4718,2023-02-08,631,12,39
4719,2026-03-02,726,115,4
4720,2026-05-23,221,205,18
4721,2026-05-19,758,121,41
4722,2026-01-29,899,34,7
4723,2023-12-08,956,13,29
4724,2025-07-14,593,80,4
4725,2024-08-21,837,241,19
4726,2025-06-20,414,75,30
4727,2026-05-06,822,176,4
4728,2024-08-30,844,225,46
4729,2024-09-08,237,176,4
4730,2023-08-30,38,227,44
4731,2025-07-17,713,214,2
4732,2023-02-14,597,12,39
4733,2024-10-31,374,131,5
4734,2023-06-26,724,6,10
4735,2024-03-02,618,234,18
4736,2024-08-21,115,138,38
4737,2024-09-05,183,47,20
4738,2025-07-19,882,4,8
4739,2023-06-24,348,100,14
4740,2023-05-16,722,59,13
4741,2026-02-22,631,185,30
4742,2026-04-23,635,89,20
4743,2024-06-21,60,189,48
4744,2026-03-20,17,130,25
4745,2023-02-08,769,233,47
4746,2023-07-02,826,68,1
4747,2023-05-17,458,9,28
4748,2023-10-04,23,223,6
4749,2025-03-03,556,23,29
4750,2025-01-04,180,55,33
4751,2025-09-11,699,185,30
4752,2025-07-18,784,168,46
4753,2024-12-09,632,171,37
4754,2023-04-23,74,101,33
4755,2023-06-30,865,158,24
4756,2023-06-24,775,130,25
4757,2025-03-04,21,199,42
4758,2024-01-05,408,163,32
4759,2023-04-23,985,111,21
4760,2025-05-22,396,41,39
4761,2024-07-17,901,103,7
4762,2024-04-08,971,158,24
4763,2024-02-11,867,77,11
4764,2023-01-21,474,137,33
4765,2023-09-28,726,52,20
4766,2024-07-22,699,62,7
4767,2026-05-25,944,100,14
4768,2023-03-11,17,6,10
4769,2024-10-19,781,40,12
4770,2024-07-31,249,178,19
4771,2026-01-31,599,139,39
4772,2023-03-06,890,88,36
4773,2026-04-08,721,127,10
4774,2024-03-15,200,110,28
4775,2024-12-03,828,171,37
4776,2024-08-01,624,89,20
4777,2024-04-05,113,179,39
4778,2024-12-06,471,137,33
4779,2026-06-18,988,97,9
4780,2024-04-29,841,240,14
4781,2025-08-08,289,114,41
4782,2025-11-29,505,29,46
4783,2023-10-24,518,231,20
4784,2023-09-30,345,137,33
4785,2024-09-10,778,75,30
4786,2023-02-19,87,136,45
4787,2024-07-29,402,34,7
4788,2024-10-01,699,236,38
4789,2024-12-15,355,215,5
4790,2023-05-26,235,140,39
4791,2023-03-03,550,181,41
4792,2025-07-24,309,53,17
4793,2025-02-11,308,93,35
4794,2024-12-31,336,141,49
4795,2023-01-16,452,37,6
4796,2023-11-17,526,32,37
4797,2026-05-22,806,136,45
4798,2025-01-29,366,4,8
4799,2024-10-27,121,222,23
4800,2024-04-18,537,82,8
4801,2026-07-22,82,227,44
4802,2023-10-31,579,109,39
4803,2024-03-19,235,5,39
4804,2023-07-16,190,98,37
4805,2024-05-27,636,80,4
4806,2026-02-01,319,201,40
4807,2025-03-27,606,100,14
4808,2025-12-26,123,108,1
4809,2024-06-19,906,159,37
4810,2026-06-11,358,213,48
4811,2025-09-22,344,232,46
4812,2026-02-23,660,208,7
4813,2023-12-28,262,23,29
4814,2023-01-15,550,69,36
4815,2023-06-23,492,123,1
4816,2025-11-12,72,48,43
4817,2024-09-13,46,58,15
4818,2024-02-18,658,180,18
4819,2024-08-21,3,86,49
4820,2023-05-21,392,29,46
4821,2023-02-13,715,221,6
4822,2023-09-06,197,88,36
4823,2025-08-25,276,202,41
4824,2025-09-20,888,6,10
4825,2025-09-26,26,129,8
4826,2025-01-30,391,157,27
4827,2025-12-19,419,173,26
4828,2023-10-13,925,94,27
4829,2024-10-07,245,225,46
4830,2024-05-26,475,230,50
4831,2024-11-22,142,26,13
4832,2023-06-07,408,70,49
4833,2025-09-19,130,107,33
4834,2023-10-02,133,143,46
4835,2023-09-27,468,116,21
4836,2024-09-30,845,88,36
4837,2025-02-23,646,239,25
4838,2025-03-06,616,198,9
4839,2026-05-20,862,3,40
4840,2025-07-02,356,28,28
4841,2026-06-20,303,85,28
4842,2023-01-06,879,181,41
4843,2026-05-20,530,139,39
4844,2023-12-11,705,134,50
4845,2023-04-12,150,217,50
4846,2024-07-13,814,5,39
4847,2025-08-30,429,166,45
4848,2025-05-20,960,78,37
4849,2025-05-28,493,104,6
4850,2024-04-26,907,175,26
4851,2026-06-23,446,180,18
4852,2023-05-12,173,33,26
4853,2024-03-18,165,121,41
4854,2024-02-21,531,74,41
4855,2024-09-22,341,228,48
4856,2023-03-26,770,179,39
4857,2024-09-07,448,107,33
4858,2023-04-01,376,39,28
4859,2024-02-28,556,228,48
4860,2024-05-13,502,4,8
4861,2025-04-18,186,3,40
4862,2023-07-20,439,64,14
4863,2025-01-26,614,51,13
4864,2023-07-25,110,65,30
4865,2025-10-10,134,16,42
4866,2024-03-26,785,123,1
4867,2024-05-07,969,240,14
4868,2024-11-18,166,140,39
4869,2023-04-19,781,229,47
4870,2025-08-31,725,86,49
4871,2026-01-07,489,131,5
4872,2025-03-06,44,25,7
4873,2024-11-25,50,97,9
4874,2024-06-06,50,112,42
4875,2024-04-23,54,223,6
4876,2025-07-08,808,36,37
4877,2023-07-29,519,233,47
4878,2024-12-16,862,102,46
4879,2023-07-29,838,190,1
4880,2026-06-10,150,221,6
4881,2023-10-01,786,187,35
4882,2024-03-14,747,147,16
4883,2023-08-24,319,182,10
4884,2025-02-03,990,93,35
4885,2024-01-04,539,81,43
4886,2023-06-27,815,2,45
4887,2026-06-20,390,64,14
4888,2023-09-16,2,198,9
4889,2023-06-11,806,223,6
4890,2025-11-05,571,79,33
4891,2025-06-01,817,102,46
4892,2025-02-18,458,84,16
4893,2025-08-05,548,119,3
4894,2023-05-22,927,125,35
4895,2025-07-22,78,236,38
4896,2023-08-03,340,53,17
4897,2023-07-30,184,35,8
4898,2024-07-23,361,56,16
4899,2024-06-27,945,80,4
4900,2024-12-02,718,81,43
4901,2026-05-29,13,175,26
4902,2024-07-17,322,18,21
4903,2023-04-30,745,122,42
4904,2023-01-14,534,181,41
4905,2023-06-01,285,160,40
4906,2024-10-03,539,134,50
4907,2025-06-19,756,248,38
4908,2023-08-30,959,54,14
4909,2023-01-03,17,118,12
4910,2023-12-27,467,53,17
4911,2025-12-16,167,142,6
4912,2025-10-18,606,115,4
4913,2025-08-31,584,9,28
4914,2026-04-14,600,40,12
4915,2024-06-05,135,172,7
4916,2026-05-10,288,175,26
4917,2025-01-24,141,198,9
4918,2023-10-03,570,35,8
4919,2023-03-18,39,171,37
4920,2025-09-01,423,208,7
4921,2025-06-07,890,188,23
4922,2025-11-22,96,51,13
4923,2023-04-22,324,16,42
4924,2026-01-18,49,134,50
4925,2026-04-12,52,70,49
4926,2026-01-06,682,106,50
4927,2025-01-22,839,151,44
4928,2024-01-12,740,45,17
4929,2026-03-20,225,156,50
4930,2026-01-29,151,162,17
4931,2023-12-29,640,46,22
4932,2023-10-02,184,211,12
4933,2024-12-23,573,135,5
4934,2023-06-09,613,245,41
4935,2025-04-15,536,154,47
4936,2026-02-18,8,187,35
4937,2026-05-08,54,146,21
4938,2025-08-21,912,205,18
4939,2026-04-19,275,202,41
4940,2023-11-06,935,46,22
4941,2024-07-15,782,140,39
4942,2023-07-22,722,166,45
4943,2026-02-03,721,161,10
4944,2024-01-23,251,112,42
4945,2024-12-15,569,245,41
4946,2024-04-14,561,158,24
4947,2026-07-07,63,39,28
4948,2024-08-22,445,41,39
4949,2024-07-19,718,191,32
4950,2024-02-07,864,189,48
4951,2026-02-27,108,50,8
4952,2024-11-29,90,200,23
4953,2024-01-17,983,162,17
4954,2025-05-23,206,151,44
4955,2026-05-29,499,175,26
4956,2024-09-02,868,188,23
4957,2023-11-05,135,41,39
4958,2026-01-12,262,125,35
4959,2024-06-15,134,8,17
4960,2025-12-20,683,45,17
4961,2026-01-09,61,201,40
4962,2026-01-26,206,107,33
4963,2024-08-12,642,215,5
4964,2024-11-02,288,208,7
4965,2025-08-06,344,72,2
4966,2024-12-27,295,148,46
4967,2024-12-08,41,7,3
4968,2025-05-18,969,166,45
4969,2023-07-05,159,92,11
4970,2023-01-16,52,118,12
4971,2025-01-25,660,192,2
4972,2026-04-03,370,239,25
4973,2024-04-29,86,86,49
4974,2023-11-01,699,243,26
4975,2025-09-20,392,219,36
4976,2024-03-21,983,155,47
4977,2024-06-15,930,26,13
4978,2025-03-19,72,169,22
4979,2023-09-25,764,98,37
4980,2025-11-01,128,160,40
4981,2026-07-22,778,67,20
4982,2026-01-08,875,112,42
4983,2025-11-13,918,199,42
4984,2024-03-03,89,11,37
4985,2024-06-09,221,146,21
4986,2025-09-13,660,158,24
4987,2023-03-08,54,5,39
4988,2024-06-13,193,195,32
4989,2023-10-28,778,148,46
4990,2024-09-18,700,67,20
4991,2024-10-01,723,39,28
4992,2025-09-16,287,109,39
4993,2026-01-17,718,51,13
4994,2024-05-27,752,82,8
4995,2026-01-07,445,190,1
4996,2024-12-16,784,228,48
4997,2024-06-15,330,234,18
4998,2025-06-12,47,111,21
4999,2026-07-20,805,55,33
5000,2023-03-05,386,173,26
