order_id,product_id,quantity,unit_price
1,204,4,21413
1,428,4,101575
1,206,1,161706
1,281,2,39335
2,347,2,17871
2,39,4,100595
2,196,3,9369
3,120,3,40593
3,83,3,117842
3,317,3,6176
3,383,1,7803
3,442,4,33478
4,387,4,72331
4,412,5,63565
5,312,4,3394
6,224,2,178542
6,65,5,30850
7,266,1,3862
7,121,4,295195
7,135,4,68026
7,60,5,91561
7,370,1,241518
8,397,3,9374
9,13,5,62062
9,453,1,96234
9,446,4,28425
9,142,2,3835
10,203,2,12061
10,398,3,122257
10,222,1,59357
10,174,1,14927
10,378,2,5364
11,446,2,28425
11,107,2,22966
11,336,1,9486
11,191,5,67223
12,214,4,135750
13,210,2,233057
13,252,2,30564
13,313,3,28221
13,363,4,17442
14,326,1,4873
14,89,1,28187
14,4,4,16115
14,397,1,9374
15,420,2,337141
15,351,5,30502
15,108,5,14119
15,215,2,24668
15,85,3,11618
16,230,4,5812
16,412,4,63565
16,363,2,17442
16,257,1,48066
16,303,1,66948
17,177,5,19098
17,287,1,38127
17,312,5,3394
17,423,3,114188
18,398,4,122257
18,312,3,3394
19,311,2,26373
19,237,3,19452
19,14,5,44460
19,99,2,318029
20,227,2,34328
21,70,4,97975
21,39,3,100595
21,222,1,59357
21,174,5,14927
22,304,5,52325
22,12,1,19732
22,408,4,169925
22,294,5,24516
22,79,5,284973
23,18,5,106801
24,395,5,12207
24,54,4,253598
25,21,1,4967
25,55,1,195035
25,456,3,53827
26,221,5,166207
27,150,5,9051
27,65,1,30850
27,430,5,246618
27,369,5,12491
27,462,1,84658
28,266,2,3862
28,226,5,46493
28,287,3,38127
29,422,1,84671
29,333,4,33838
29,163,4,2388
29,271,3,87661
29,66,3,94469
30,475,1,364569
31,255,2,5246
31,345,1,205943
31,80,1,27685
31,17,2,39052
32,133,3,5374
32,289,1,50842
33,47,5,97070
33,397,4,9374
33,302,3,174010
33,290,4,195202
33,68,3,25262
34,361,5,15440
34,329,1,23164
34,212,5,5586
35,383,3,7803
36,390,4,77909
37,172,2,113684
37,353,2,64555
37,264,3,127162
37,350,5,30892
38,184,1,94140
38,212,3,5586
38,26,1,17025
39,442,4,33478
39,262,4,113819
39,151,2,159955
40,57,2,38622
40,161,3,57428
40,240,3,11336
41,312,3,3394
41,272,5,126874
41,361,1,15440
41,59,2,16564
42,200,1,17698
42,228,5,59191
42,210,2,233057
42,417,2,13389
43,316,1,110095
44,372,3,135500
44,33,3,40980
44,252,5,30564
45,420,3,337141
45,50,2,31053
45,55,1,195035
46,403,1,204017
46,302,1,174010
46,100,3,42292
47,376,1,62184
47,244,1,81779
47,348,1,203414
48,326,2,4873
49,242,2,31952
49,165,5,236084
50,234,2,21558
50,488,5,5098
50,326,4,4873
50,397,2,9374
51,179,4,147980
52,261,4,110716
53,463,5,93210
53,381,4,3620
53,225,1,376537
53,27,3,156687
54,157,1,73175
54,312,5,3394
54,61,4,83470
55,414,5,278944
55,245,4,32690
55,460,3,3548
55,437,2,32226
55,472,1,36408
56,451,4,107375
57,88,2,34078
57,25,4,21895
57,381,2,3620
57,16,5,12466
58,5,5,43504
58,185,4,21284
59,83,5,117842
59,34,1,88927
60,352,4,165672
60,337,4,22216
60,7,3,256638
61,264,1,127162
61,38,1,23812
61,17,4,39052
62,404,5,80639
62,39,3,100595
63,91,5,6014
63,222,3,59357
63,149,3,9848
63,288,5,37239
63,403,1,204017
64,3,2,16395
64,181,1,135041
65,388,4,281397
65,151,4,159955
65,423,4,114188
66,239,2,104124
66,63,2,16864
66,203,2,12061
66,207,1,38826
66,124,1,72493
67,144,2,3348
67,320,4,353761
67,456,5,53827
68,112,5,20511
69,192,2,57730
70,398,5,122257
71,494,1,339385
71,60,4,91561
71,329,4,23164
71,488,5,5098
72,494,1,339385
72,473,4,35743
72,77,3,29468
72,31,4,4757
73,494,4,339385
73,99,4,318029
73,13,4,62062
73,279,5,26587
74,2,1,1161
74,460,3,3548
74,156,1,43299
75,210,5,233057
75,246,5,55705
75,351,3,30502
75,159,2,13360
76,335,3,325437
77,417,2,13389
77,237,2,19452
77,39,4,100595
78,277,4,97231
78,340,3,19725
78,241,5,8530
79,397,1,9374
79,228,5,59191
79,388,1,281397
79,59,3,16564
80,45,5,177896
81,296,3,26698
82,89,3,28187
83,3,1,16395
83,381,5,3620
84,173,4,65328
85,462,1,84658
85,149,2,9848
85,437,2,32226
86,394,2,26520
86,350,5,30892
86,284,3,216354
87,65,1,30850
87,340,5,19725
88,267,1,70542
88,300,5,19728
88,426,2,97056
88,402,4,30524
88,161,1,57428
89,167,1,349988
89,163,2,2388
89,244,4,81779
89,313,4,28221
90,78,2,46284
91,256,5,19337
91,344,5,209531
91,87,4,40788
92,157,1,73175
92,445,3,44894
92,240,2,11336
92,271,4,87661
93,357,1,89463
93,308,5,132875
93,469,4,25965
94,147,5,17331
94,462,2,84658
94,471,1,162289
94,200,3,17698
94,311,3,26373
95,150,3,9051
96,200,2,17698
97,4,2,16115
98,320,3,353761
98,146,4,25217
99,9,1,14154
99,28,4,262645
100,363,4,17442
100,372,2,135500
100,415,5,21167
100,457,5,43692
100,259,3,204654
101,82,3,137182
101,107,5,22966
101,14,5,44460
101,187,5,209644
101,409,4,353178
102,349,5,175402
102,237,5,19452
102,103,3,49500
102,498,2,232103
102,196,5,9369
103,362,5,163523
103,266,5,3862
104,395,2,12207
105,389,3,50329
105,439,5,76172
105,463,1,93210
105,300,3,19728
106,393,1,66531
106,329,4,23164
106,374,1,197138
106,193,2,21914
107,177,3,19098
107,205,4,15342
108,400,5,38896
109,176,4,282106
109,77,3,29468
110,292,1,38803
110,42,4,269340
111,473,5,35743
111,99,2,318029
111,24,2,151640
111,405,1,50824
112,221,2,166207
113,456,1,53827
113,147,4,17331
113,60,5,91561
114,465,4,18047
114,11,5,28502
114,50,4,31053
115,197,3,56261
115,263,5,181135
115,370,5,241518
116,46,2,29243
117,336,3,9486
118,348,3,203414
119,376,1,62184
119,301,1,163056
119,367,2,385569
119,447,2,17438
119,71,3,322513
120,133,5,5374
120,56,3,47059
120,475,4,364569
120,89,1,28187
121,263,5,181135
121,113,1,272293
121,496,1,15155
122,71,1,322513
122,215,5,24668
122,341,2,72235
122,266,1,3862
122,219,3,199512
123,73,2,190146
123,164,5,105636
123,237,5,19452
123,43,2,46765
123,9,3,14154
124,165,5,236084
125,71,1,322513
125,55,1,195035
126,215,4,24668
126,239,1,104124
127,213,5,12503
127,411,4,54390
127,402,1,30524
127,177,2,19098
128,139,3,33059
128,475,4,364569
129,72,2,13930
129,118,3,45795
130,39,3,100595
131,285,4,25867
131,129,4,5827
131,150,2,9051
132,163,4,2388
132,135,1,68026
132,452,2,10853
132,459,3,390475
133,25,5,21895
133,209,4,75954
133,78,1,46284
134,157,4,73175
134,278,2,213791
134,101,4,18123
134,253,1,33950
134,445,5,44894
135,309,2,6928
136,46,5,29243
136,115,5,46906
136,430,5,246618
136,433,1,104248
137,200,2,17698
137,477,2,222378
138,137,4,188948
138,375,2,304045
139,175,1,80636
140,405,3,50824
140,331,5,215153
140,220,3,30297
140,216,5,126332
140,221,2,166207
141,199,4,183584
142,255,3,5246
142,23,1,17339
142,249,1,26469
143,153,4,45281
143,188,3,29382
143,327,4,46032
143,92,2,49542
144,458,1,71947
144,203,5,12061
145,473,5,35743
145,254,1,37839
145,420,4,337141
145,491,3,329786
145,269,1,216861
146,17,3,39052
146,130,3,103020
146,331,4,215153
146,391,2,118125
147,380,1,76284
147,402,3,30524
147,154,1,87423
147,111,4,54394
147,242,3,31952
148,262,3,113819
148,118,2,45795
149,222,3,59357
149,274,1,29236
150,313,3,28221
151,243,5,37716
152,254,1,37839
152,359,1,153672
152,343,1,30610
152,262,5,113819
153,339,2,46398
153,71,1,322513
153,230,5,5812
153,170,3,22358
153,102,2,104057
154,456,1,53827
154,278,3,213791
154,484,1,38947
154,128,1,18782
155,224,5,178542
155,1,2,30460
155,37,3,95128
156,414,3,278944
157,248,3,63230
157,470,1,89384
157,262,2,113819
157,301,4,163056
157,163,5,2388
158,23,2,17339
158,324,1,246505
159,339,5,46398
159,157,2,73175
160,161,3,57428
160,284,2,216354
160,226,2,46493
161,410,1,25982
161,66,2,94469
161,135,4,68026
162,41,4,13733
163,278,2,213791
163,48,2,4403
163,191,3,67223
163,323,4,1715
163,416,4,29781
164,383,2,7803
164,66,2,94469
165,497,2,25163
166,222,3,59357
166,465,3,18047
166,406,3,45566
167,181,2,135041
167,20,3,40179
167,377,1,84604
167,412,2,63565
167,431,2,23838
168,242,4,31952
168,177,1,19098
168,255,5,5246
168,62,1,191660
169,179,5,147980
169,248,2,63230
170,92,4,49542
170,280,5,31887
171,87,4,40788
171,167,3,349988
172,266,1,3862
172,203,4,12061
173,319,5,13408
174,478,1,30883
174,32,5,27405
174,335,2,325437
174,476,3,6653
175,316,5,110095
175,116,5,139479
175,71,2,322513
176,1,5,30460
177,301,4,163056
177,154,4,87423
177,33,4,40980
177,424,5,71953
177,307,4,25820
178,335,1,325437
178,142,5,3835
179,53,1,174455
179,292,3,38803
179,459,2,390475
179,63,2,16864
179,193,3,21914
180,211,2,236041
180,260,3,198369
180,49,4,135654
180,315,5,254338
181,186,3,94727
181,182,3,100465
181,472,5,36408
181,339,3,46398
181,270,5,279510
182,314,1,291451
182,231,4,33257
183,110,2,89656
183,300,5,19728
183,223,1,50138
183,232,1,46489
184,349,2,175402
185,136,4,52918
185,474,3,19972
185,44,2,38256
185,319,2,13408
185,283,4,18422
186,127,1,72595
186,229,1,8418
186,498,3,232103
186,264,2,127162
186,459,4,390475
187,228,5,59191
187,270,4,279510
187,275,2,144381
188,160,3,31418
188,445,3,44894
188,255,3,5246
189,363,4,17442
189,39,1,100595
190,396,1,108856
191,33,5,40980
192,3,2,16395
192,226,2,46493
192,263,4,181135
193,353,2,64555
193,432,3,10521
193,54,1,253598
193,480,2,56026
194,41,2,13733
195,156,3,43299
196,243,3,37716
196,146,1,25217
196,284,5,216354
196,213,5,12503
197,148,3,36417
197,382,4,96598
197,459,1,390475
198,156,2,43299
198,256,1,19337
198,433,4,104248
199,73,1,190146
199,239,3,104124
199,137,2,188948
200,75,3,14201
200,36,2,39591
200,129,5,5827
200,248,5,63230
201,283,2,18422
201,59,4,16564
201,166,2,12541
202,231,5,33257
202,37,1,95128
203,399,1,70186
204,406,4,45566
204,438,4,23481
204,46,1,29243
205,487,2,46116
205,83,1,117842
206,104,2,14364
206,155,4,11589
206,244,4,81779
206,239,3,104124
207,385,4,130577
207,381,4,3620
207,18,3,106801
208,186,3,94727
208,6,5,46366
209,484,5,38947
209,42,3,269340
209,309,1,6928
209,471,2,162289
209,118,3,45795
210,26,4,17025
210,471,3,162289
211,103,1,49500
211,99,4,318029
211,284,2,216354
211,118,3,45795
212,211,4,236041
212,207,5,38826
212,447,1,17438
212,285,3,25867
213,263,3,181135
213,400,4,38896
214,95,5,39750
214,248,3,63230
215,180,4,95722
215,79,3,284973
215,328,2,322486
216,114,2,165626
216,89,4,28187
216,137,4,188948
216,146,3,25217
216,32,1,27405
217,441,5,39469
217,37,3,95128
218,470,3,89384
218,334,5,178337
218,276,4,31306
218,103,2,49500
218,6,5,46366
219,433,1,104248
219,55,1,195035
220,154,4,87423
220,402,4,30524
221,227,5,34328
221,387,4,72331
222,186,5,94727
222,94,3,58365
223,76,5,16359
223,397,3,9374
223,75,1,14201
223,250,4,57769
223,409,5,353178
224,37,1,95128
224,59,5,16564
224,225,4,376537
224,396,5,108856
225,90,4,46285
226,318,2,49519
227,36,5,39591
227,61,4,83470
227,46,5,29243
227,314,5,291451
228,330,5,13065
228,179,1,147980
229,167,2,349988
229,487,4,46116
230,166,5,12541
230,189,1,37505
230,495,4,21011
230,318,4,49519
230,407,5,90865
231,413,3,160936
231,479,1,124870
231,405,4,50824
232,421,5,16165
233,376,1,62184
233,424,3,71953
233,164,5,105636
233,446,1,28425
234,142,3,3835
235,357,2,89463
235,388,2,281397
235,111,5,54394
236,134,3,27301
236,241,2,8530
237,148,3,36417
237,28,3,262645
237,258,5,46266
237,295,4,4752
237,320,2,353761
238,167,5,349988
239,53,3,174455
239,18,5,106801
239,167,1,349988
240,212,1,5586
241,157,2,73175
241,1,2,30460
241,180,4,95722
242,347,5,17871
243,335,5,325437
243,437,4,32226
243,140,5,297192
243,224,3,178542
244,278,5,213791
245,269,2,216861
245,130,4,103020
245,335,2,325437
245,49,3,135654
245,394,4,26520
246,50,3,31053
246,155,4,11589
246,488,2,5098
246,328,3,322486
246,412,5,63565
247,292,4,38803
248,387,1,72331
248,158,2,186789
248,176,1,282106
248,60,3,91561
249,287,1,38127
249,257,4,48066
249,138,1,107533
249,353,2,64555
249,497,3,25163
250,44,4,38256
250,16,4,12466
250,440,1,45817
251,63,4,16864
251,156,5,43299
251,207,2,38826
251,406,4,45566
251,107,3,22966
252,409,4,353178
252,56,4,47059
252,106,4,322592
253,135,4,68026
253,421,4,16165
254,240,3,11336
254,305,1,133725
254,165,2,236084
254,192,1,57730
255,137,1,188948
256,423,4,114188
256,430,3,246618
256,179,1,147980
256,148,2,36417
257,10,3,23500
257,375,1,304045
257,302,1,174010
257,79,4,284973
257,73,5,190146
258,248,2,63230
258,490,1,21175
258,152,4,18477
259,361,4,15440
259,53,5,174455
259,282,4,79545
259,298,5,33167
259,397,2,9374
260,174,1,14927
260,370,2,241518
261,254,4,37839
261,301,1,163056
261,235,2,12586
262,454,2,31060
262,412,3,63565
262,383,2,7803
262,430,3,246618
263,98,2,33877
263,256,2,19337
263,247,3,3753
263,331,3,215153
264,370,4,241518
264,293,2,60030
264,500,4,26997
264,183,3,25987
264,353,4,64555
265,396,5,108856
265,358,4,161738
265,409,1,353178
266,361,1,15440
266,236,2,17489
266,19,2,46145
266,13,1,62062
267,5,4,43504
267,118,2,45795
267,375,5,304045
268,250,4,57769
268,4,5,16115
268,113,2,272293
268,439,4,76172
269,447,5,17438
269,4,5,16115
270,223,4,50138
270,361,3,15440
270,70,2,97975
271,427,3,11528
272,241,3,8530
272,461,4,4179
273,333,5,33838
273,497,4,25163
273,467,3,64096
273,315,3,254338
273,211,3,236041
274,347,2,17871
275,372,5,135500
276,397,4,9374
276,329,1,23164
276,189,4,37505
277,7,2,256638
277,429,2,25549
277,293,4,60030
278,25,2,21895
278,54,5,253598
278,454,2,31060
278,106,1,322592
278,457,2,43692
279,269,5,216861
279,214,2,135750
279,330,1,13065
279,417,4,13389
280,433,5,104248
280,136,1,52918
280,402,1,30524
280,383,1,7803
280,296,2,26698
281,92,3,49542
281,273,1,21099
281,444,5,36153
281,228,5,59191
282,179,3,147980
282,288,3,37239
282,64,1,16958
282,342,3,49463
283,144,3,3348
283,423,1,114188
283,307,3,25820
283,380,5,76284
284,364,3,11269
284,366,3,6107
284,356,2,13766
284,360,1,41689
284,442,5,33478
285,94,4,58365
285,176,4,282106
285,194,4,278145
286,284,4,216354
286,80,4,27685
287,345,1,205943
287,365,2,1681
287,152,2,18477
288,292,4,38803
289,390,1,77909
289,385,3,130577
290,298,3,33167
290,267,1,70542
290,312,1,3394
290,467,4,64096
290,233,1,70397
291,332,2,90588
291,270,1,279510
291,191,3,67223
292,19,5,46145
292,356,4,13766
292,259,5,204654
293,314,3,291451
293,308,4,132875
294,353,3,64555
294,144,5,3348
295,24,3,151640
295,316,2,110095
295,242,4,31952
296,13,4,62062
296,414,4,278944
296,482,5,202407
296,302,5,174010
296,201,1,31948
297,266,1,3862
298,409,5,353178
298,356,5,13766
298,363,2,17442
298,178,2,42065
299,357,4,89463
299,182,3,100465
299,81,1,16640
300,16,4,12466
300,424,4,71953
300,463,5,93210
301,256,5,19337
301,329,4,23164
302,313,2,28221
302,271,1,87661
302,125,2,3329
302,64,2,16958
303,181,2,135041
303,195,2,45299
303,389,1,50329
303,30,5,18635
303,27,1,156687
304,178,2,42065
304,151,5,159955
305,482,3,202407
306,444,3,36153
306,173,1,65328
306,118,1,45795
306,175,4,80636
306,295,5,4752
307,71,5,322513
307,499,4,6622
308,232,3,46489
309,377,4,84604
309,71,1,322513
309,475,5,364569
310,276,4,31306
310,91,5,6014
310,374,4,197138
310,62,5,191660
311,486,1,12910
312,335,1,325437
312,454,1,31060
312,26,2,17025
312,45,5,177896
312,241,1,8530
313,299,5,244845
313,103,2,49500
313,298,5,33167
313,264,2,127162
314,473,1,35743
315,180,1,95722
315,396,4,108856
316,405,2,50824
316,454,4,31060
316,451,1,107375
316,317,1,6176
316,98,4,33877
317,431,5,23838
317,112,5,20511
317,116,2,139479
318,178,4,42065
318,160,5,31418
318,302,3,174010
318,149,2,9848
319,19,4,46145
320,164,1,105636
320,285,4,25867
320,358,5,161738
320,87,5,40788
320,324,1,246505
321,334,3,178337
321,398,1,122257
321,144,3,3348
322,357,5,89463
322,200,4,17698
322,82,2,137182
322,110,4,89656
323,454,4,31060
323,424,4,71953
324,466,3,56723
324,423,2,114188
324,480,4,56026
324,134,2,27301
325,237,2,19452
325,182,5,100465
325,449,1,245241
326,91,1,6014
326,209,4,75954
326,476,4,6653
327,461,5,4179
327,271,2,87661
327,208,5,109078
328,369,4,12491
328,201,3,31948
328,470,1,89384
329,112,3,20511
330,375,5,304045
331,75,4,14201
331,309,2,6928
332,288,3,37239
332,317,4,6176
332,397,4,9374
332,311,5,26373
333,308,5,132875
333,65,3,30850
333,90,1,46285
333,488,2,5098
334,159,2,13360
334,137,3,188948
334,452,3,10853
334,184,4,94140
335,404,3,80639
335,41,3,13733
335,369,5,12491
335,98,1,33877
335,323,5,1715
336,132,3,50067
337,253,2,33950
337,81,5,16640
337,164,5,105636
337,352,3,165672
338,476,1,6653
338,479,1,124870
338,168,1,50130
338,251,4,136070
338,321,1,117567
339,439,3,76172
339,74,4,66338
339,236,3,17489
339,412,1,63565
340,293,3,60030
340,142,5,3835
340,257,1,48066
340,408,2,169925
340,146,2,25217
341,130,4,103020
341,424,4,71953
341,470,1,89384
341,429,2,25549
342,245,3,32690
342,338,2,21332
342,205,2,15342
342,28,1,262645
342,118,5,45795
343,69,1,341185
343,197,3,56261
343,335,2,325437
343,290,1,195202
344,370,3,241518
345,443,1,15672
345,170,4,22358
346,292,1,38803
346,374,1,197138
346,468,3,28516
347,131,4,24943
347,470,2,89384
347,277,1,97231
348,314,2,291451
348,428,2,101575
348,419,1,78777
348,166,4,12541
348,289,1,50842
349,276,2,31306
349,428,2,101575
350,222,5,59357
350,449,1,245241
350,207,3,38826
350,495,4,21011
351,433,1,104248
352,171,1,24723
352,20,5,40179
352,220,2,30297
352,214,3,135750
352,296,1,26698
353,388,5,281397
353,174,3,14927
353,135,2,68026
353,221,1,166207
353,97,1,29008
354,415,2,21167
354,97,1,29008
354,482,5,202407
354,421,5,16165
355,335,3,325437
355,201,1,31948
356,221,1,166207
356,401,5,14740
356,227,4,34328
356,53,3,174455
357,375,5,304045
357,222,4,59357
357,59,4,16564
357,348,4,203414
358,340,4,19725
358,44,4,38256
358,375,3,304045
358,95,5,39750
358,425,5,55700
359,44,1,38256
359,488,4,5098
359,363,2,17442
359,139,4,33059
360,312,4,3394
361,175,3,80636
361,312,4,3394
361,498,5,232103
361,32,5,27405
361,191,3,67223
362,231,1,33257
362,312,2,3394
362,50,3,31053
363,347,1,17871
364,101,4,18123
364,92,1,49542
364,493,1,89214
364,130,3,103020
364,10,3,23500
365,336,4,9486
365,314,1,291451
365,255,5,5246
365,35,5,10454
366,340,1,19725
366,336,5,9486
367,34,5,88927
367,299,5,244845
367,392,3,96682
367,278,2,213791
367,474,1,19972
368,430,3,246618
368,117,3,64514
368,266,2,3862
369,206,2,161706
369,72,2,13930
370,29,1,217876
370,87,2,40788
370,187,1,209644
370,409,4,353178
371,48,3,4403
371,341,4,72235
372,483,3,19217
373,199,1,183584
373,10,4,23500
374,441,4,39469
374,25,2,21895
374,249,2,26469
374,4,4,16115
374,467,4,64096
375,429,4,25549
375,1,3,30460
375,388,1,281397
376,246,2,55705
376,498,2,232103
377,489,5,83195
377,420,3,337141
377,2,4,1161
377,495,3,21011
377,497,3,25163
378,403,1,204017
378,438,5,23481
378,471,5,162289
379,16,2,12466
379,258,3,46266
379,477,4,222378
380,423,2,114188
380,344,4,209531
381,448,5,12674
381,385,2,130577
381,257,2,48066
381,3,2,16395
381,192,3,57730
382,409,4,353178
382,382,4,96598
383,119,4,126842
383,210,3,233057
383,68,4,25262
384,405,3,50824
384,88,1,34078
384,490,3,21175
384,266,5,3862
385,208,3,109078
386,6,3,46366
386,34,3,88927
386,456,4,53827
386,250,3,57769
387,464,5,50392
387,40,5,366700
387,144,2,3348
387,54,1,253598
388,115,1,46906
388,294,1,24516
388,491,2,329786
388,4,2,16115
388,2,3,1161
389,41,3,13733
389,87,1,40788
390,50,4,31053
390,461,2,4179
390,284,5,216354
391,475,1,364569
391,87,4,40788
391,51,4,63866
391,103,4,49500
392,347,5,17871
392,473,2,35743
393,358,5,161738
394,26,5,17025
394,362,5,163523
394,260,4,198369
394,384,1,12824
394,36,1,39591
395,77,4,29468
395,206,3,161706
396,18,5,106801
396,331,5,215153
396,250,3,57769
397,327,5,46032
397,103,1,49500
398,37,3,95128
398,299,5,244845
399,474,2,19972
400,16,5,12466
400,128,4,18782
400,10,4,23500
400,458,3,71947
400,47,3,97070
401,74,2,66338
401,241,2,8530
402,464,4,50392
402,300,3,19728
402,268,2,245217
402,63,3,16864
403,484,1,38947
403,99,1,318029
404,146,2,25217
404,262,2,113819
404,49,4,135654
404,410,3,25982
405,39,3,100595
405,335,2,325437
405,1,4,30460
405,25,2,21895
405,17,5,39052
406,75,3,14201
407,206,4,161706
407,306,4,21631
407,274,1,29236
408,176,1,282106
408,78,3,46284
409,62,2,191660
409,218,3,23819
409,113,3,272293
410,450,5,18155
410,148,5,36417
410,308,2,132875
410,213,2,12503
411,119,3,126842
411,212,2,5586
411,487,3,46116
411,259,4,204654
412,129,2,5827
412,245,4,32690
412,187,4,209644
412,259,2,204654
412,342,2,49463
413,261,5,110716
413,212,5,5586
413,34,2,88927
414,274,3,29236
414,171,5,24723
414,74,5,66338
414,482,2,202407
415,70,3,97975
416,421,4,16165
416,95,5,39750
416,197,2,56261
416,117,2,64514
416,180,5,95722
417,482,4,202407
417,230,2,5812
417,118,3,45795
418,216,5,126332
418,35,1,10454
419,228,1,59191
419,411,3,54390
419,174,3,14927
420,312,2,3394
420,488,2,5098
421,20,5,40179
421,423,3,114188
421,427,2,11528
421,83,1,117842
422,421,1,16165
423,145,4,213841
423,164,4,105636
423,130,2,103020
423,294,2,24516
424,130,4,103020
425,79,4,284973
425,349,3,175402
425,453,3,96234
425,371,2,6925
426,384,3,12824
426,294,3,24516
427,256,2,19337
428,390,2,77909
428,85,3,11618
429,166,1,12541
429,145,3,213841
429,233,5,70397
429,373,2,16339
430,448,2,12674
431,42,5,269340
431,442,4,33478
431,308,5,132875
431,172,3,113684
431,477,1,222378
432,54,1,253598
433,102,3,104057
433,149,5,9848
434,289,5,50842
434,343,2,30610
434,195,3,45299
434,417,4,13389
434,485,1,23113
435,367,4,385569
435,297,1,152414
435,408,4,169925
436,467,4,64096
436,126,5,26687
436,15,2,53076
437,290,2,195202
437,260,2,198369
437,9,2,14154
437,385,2,130577
438,56,2,47059
438,10,3,23500
438,448,2,12674
438,42,2,269340
438,103,5,49500
439,216,1,126332
440,88,2,34078
440,80,3,27685
441,63,1,16864
441,228,5,59191
441,107,3,22966
441,21,5,4967
442,64,1,16958
442,17,3,39052
443,331,2,215153
444,419,2,78777
444,354,3,49452
444,49,1,135654
445,394,3,26520
445,179,4,147980
446,265,5,228182
446,206,1,161706
447,409,5,353178
447,94,2,58365
447,284,5,216354
447,22,1,140911
448,68,3,25262
448,87,2,40788
448,449,3,245241
449,128,2,18782
449,432,5,10521
449,346,3,13653
449,47,4,97070
450,476,1,6653
450,392,4,96682
451,325,4,17404
451,161,4,57428
451,38,2,23812
451,448,2,12674
451,47,1,97070
452,371,5,6925
453,336,3,9486
453,229,4,8418
453,38,2,23812
453,332,3,90588
454,13,3,62062
454,358,1,161738
455,83,3,117842
455,460,3,3548
455,484,2,38947
455,398,2,122257
456,493,1,89214
456,128,2,18782
456,326,3,4873
456,139,5,33059
457,278,2,213791
458,210,5,233057
459,406,4,45566
459,241,4,8530
459,48,2,4403
459,447,2,17438
460,304,2,52325
460,261,5,110716
461,140,2,297192
461,43,1,46765
461,346,2,13653
461,19,1,46145
462,171,2,24723
462,405,5,50824
463,138,5,107533
463,195,4,45299
463,435,4,2101
463,331,2,215153
464,99,1,318029
464,153,1,45281
464,79,3,284973
464,85,3,11618
464,208,2,109078
465,370,2,241518
465,231,4,33257
465,355,4,32016
465,18,3,106801
466,400,5,38896
466,464,3,50392
466,51,4,63866
467,311,4,26373
467,115,3,46906
467,399,1,70186
467,224,2,178542
467,255,5,5246
468,60,4,91561
468,202,4,30734
469,18,5,106801
470,490,3,21175
471,421,3,16165
472,321,2,117567
472,400,4,38896
472,58,5,18434
472,38,4,23812
473,213,4,12503
473,234,1,21558
474,417,2,13389
474,256,2,19337
474,203,5,12061
474,478,1,30883
474,328,4,322486
475,244,2,81779
475,367,1,385569
475,439,2,76172
475,347,5,17871
475,10,5,23500
476,271,3,87661
476,149,5,9848
476,14,4,44460
477,457,1,43692
477,125,4,3329
478,85,3,11618
478,116,1,139479
478,141,5,26582
478,487,3,46116
479,17,4,39052
479,279,5,26587
479,446,3,28425
480,139,5,33059
480,215,3,24668
480,250,1,57769
481,286,4,6843
481,150,5,9051
482,49,2,135654
482,405,1,50824
483,246,1,55705
483,444,1,36153
483,35,5,10454
483,33,3,40980
484,99,2,318029
485,20,3,40179
486,288,3,37239
487,227,5,34328
488,345,1,205943
488,423,2,114188
488,32,5,27405
488,182,5,100465
488,162,5,214499
489,392,2,96682
489,284,5,216354
490,350,4,30892
490,270,4,279510
490,62,4,191660
490,191,2,67223
491,158,2,186789
491,127,3,72595
491,77,5,29468
492,285,5,25867
492,161,4,57428
492,279,2,26587
492,50,2,31053
493,158,1,186789
493,130,2,103020
493,299,1,244845
493,483,3,19217
493,399,4,70186
494,282,1,79545
494,418,4,74261
494,165,4,236084
494,454,4,31060
494,179,1,147980
495,443,1,15672
495,380,4,76284
496,42,3,269340
496,322,2,69626
496,214,3,135750
496,92,2,49542
497,133,3,5374
497,479,4,124870
497,267,1,70542
497,488,4,5098
498,334,4,178337
498,446,3,28425
498,166,1,12541
499,354,3,49452
499,260,2,198369
499,171,4,24723
500,248,2,63230
501,175,1,80636
502,254,2,37839
502,446,1,28425
503,334,4,178337
503,285,3,25867
504,106,2,322592
504,154,2,87423
504,280,5,31887
504,430,1,246618
505,231,4,33257
505,111,3,54394
506,435,1,2101
506,298,1,33167
507,97,5,29008
508,437,5,32226
508,241,2,8530
508,44,3,38256
509,455,3,21022
509,193,5,21914
510,12,3,19732
511,499,4,6622
511,133,5,5374
511,422,5,84671
511,300,5,19728
512,100,2,42292
512,73,2,190146
512,193,4,21914
512,361,1,15440
513,95,5,39750
513,318,4,49519
513,44,3,38256
513,224,2,178542
514,225,2,376537
515,129,4,5827
515,150,1,9051
515,292,2,38803
515,58,4,18434
516,82,3,137182
516,108,3,14119
516,488,2,5098
516,121,3,295195
517,49,5,135654
517,270,3,279510
517,115,5,46906
517,171,2,24723
518,216,3,126332
518,69,1,341185
519,469,3,25965
520,420,1,337141
520,427,5,11528
520,237,5,19452
521,331,1,215153
521,215,5,24668
521,185,5,21284
521,68,4,25262
521,370,2,241518
522,237,3,19452
522,259,4,204654
523,63,4,16864
523,100,1,42292
523,202,3,30734
523,235,5,12586
523,129,4,5827
524,208,5,109078
524,305,3,133725
525,207,3,38826
525,133,4,5374
525,320,5,353761
525,306,4,21631
525,255,4,5246
526,321,5,117567
527,457,2,43692
527,445,5,44894
527,156,1,43299
528,182,3,100465
528,309,4,6928
528,78,2,46284
528,456,4,53827
529,276,4,31306
529,333,2,33838
529,368,5,11692
529,74,4,66338
529,98,3,33877
530,106,4,322592
530,422,3,84671
530,257,1,48066
531,476,1,6653
531,130,3,103020
531,336,1,9486
531,243,2,37716
532,165,5,236084
532,391,5,118125
532,223,3,50138
532,149,4,9848
533,43,2,46765
533,64,2,16958
533,130,2,103020
533,315,3,254338
533,335,2,325437
534,479,5,124870
534,462,5,84658
534,135,4,68026
534,124,3,72493
535,190,3,35521
535,302,4,174010
536,195,3,45299
536,447,2,17438
537,489,1,83195
538,26,2,17025
538,129,1,5827
538,63,5,16864
539,55,3,195035
539,23,4,17339
539,166,4,12541
539,294,2,24516
540,10,2,23500
541,52,1,94514
541,39,3,100595
541,82,3,137182
541,282,1,79545
541,238,5,13772
542,351,4,30502
542,466,1,56723
543,255,1,5246
544,268,5,245217
544,144,2,3348
544,266,5,3862
544,301,5,163056
545,351,4,30502
545,165,3,236084
545,71,3,322513
545,325,2,17404
546,430,5,246618
546,138,1,107533
546,45,4,177896
546,37,4,95128
547,135,5,68026
547,171,1,24723
548,498,1,232103
548,201,2,31948
548,345,1,205943
548,306,1,21631
548,469,1,25965
549,456,2,53827
549,335,4,325437
549,191,3,67223
549,261,4,110716
550,268,4,245217
550,19,2,46145
550,141,5,26582
550,451,5,107375
551,404,2,80639
552,9,4,14154
553,485,5,23113
553,123,4,279054
553,287,2,38127
554,359,4,153672
554,34,1,88927
554,451,5,107375
555,198,3,303186
555,126,4,26687
555,424,4,71953
555,395,4,12207
555,465,2,18047
556,187,2,209644
556,85,3,11618
557,225,1,376537
557,265,3,228182
558,255,2,5246
558,455,4,21022
559,410,1,25982
559,432,3,10521
559,162,5,214499
559,169,3,178723
560,149,4,9848
560,107,5,22966
560,10,3,23500
560,70,3,97975
561,237,3,19452
562,380,2,76284
562,158,1,186789
563,271,4,87661
563,72,4,13930
563,370,4,241518
563,463,2,93210
564,40,1,366700
564,338,4,21332
564,309,5,6928
564,8,3,45692
565,179,5,147980
565,185,4,21284
566,494,3,339385
566,148,5,36417
566,77,3,29468
566,66,3,94469
567,125,5,3329
568,221,1,166207
568,469,3,25965
569,268,4,245217
569,311,3,26373
569,135,3,68026
569,200,5,17698
569,226,4,46493
570,413,4,160936
570,370,5,241518
570,190,2,35521
570,34,3,88927
571,419,1,78777
572,412,4,63565
572,62,2,191660
572,296,1,26698
572,24,1,151640
572,140,5,297192
573,23,3,17339
574,393,3,66531
574,72,2,13930
574,223,5,50138
574,24,1,151640
575,175,1,80636
575,381,4,3620
576,43,2,46765
577,310,1,6597
577,242,5,31952
578,106,1,322592
578,145,4,213841
578,64,2,16958
578,104,3,14364
579,398,2,122257
579,273,2,21099
579,247,3,3753
580,441,3,39469
580,253,4,33950
580,332,4,90588
581,151,1,159955
581,457,5,43692
582,401,3,14740
583,72,4,13930
584,155,2,11589
584,134,5,27301
584,346,3,13653
585,255,4,5246
585,393,4,66531
585,282,4,79545
585,177,4,19098
585,101,1,18123
586,490,4,21175
586,448,4,12674
586,487,5,46116
586,413,5,160936
587,336,4,9486
587,222,3,59357
588,20,5,40179
588,71,3,322513
588,251,4,136070
588,12,3,19732
589,82,5,137182
589,110,1,89656
589,307,1,25820
590,328,2,322486
591,338,2,21332
591,475,5,364569
591,279,2,26587
591,85,1,11618
592,115,1,46906
592,261,4,110716
592,116,1,139479
593,371,4,6925
593,77,2,29468
593,141,2,26582
593,496,5,15155
593,139,2,33059
594,342,2,49463
595,359,4,153672
596,400,3,38896
596,185,4,21284
597,85,2,11618
597,57,3,38622
598,301,5,163056
598,67,3,27366
599,99,4,318029
599,102,3,104057
599,330,5,13065
600,291,2,198170
600,116,5,139479
600,432,5,10521
601,230,1,5812
602,476,3,6653
602,329,4,23164
602,72,3,13930
603,111,3,54394
604,329,4,23164
605,246,2,55705
605,278,5,213791
606,271,4,87661
606,15,5,53076
606,307,3,25820
607,54,5,253598
607,208,3,109078
607,76,5,16359
607,320,5,353761
607,259,3,204654
608,428,5,101575
608,492,3,21824
608,130,4,103020
609,18,1,106801
609,468,1,28516
609,304,1,52325
610,259,5,204654
610,142,3,3835
611,366,3,6107
611,494,1,339385
611,239,5,104124
612,188,5,29382
612,56,2,47059
612,116,5,139479
612,474,3,19972
613,150,1,9051
613,237,3,19452
613,311,5,26373
613,378,4,5364
613,399,3,70186
614,293,1,60030
614,88,5,34078
614,402,4,30524
615,465,4,18047
615,355,5,32016
616,195,2,45299
616,467,4,64096
616,389,1,50329
616,472,3,36408
617,121,2,295195
617,331,2,215153
617,298,4,33167
617,91,4,6014
618,499,3,6622
619,63,4,16864
620,363,4,17442
620,251,1,136070
621,281,5,39335
621,486,1,12910
621,81,1,16640
621,465,1,18047
622,425,3,55700
622,179,4,147980
622,203,4,12061
622,210,4,233057
623,369,5,12491
623,23,4,17339
624,144,3,3348
624,446,1,28425
625,349,4,175402
625,302,4,174010
625,379,3,84354
625,255,2,5246
625,361,3,15440
626,169,1,178723
627,169,4,178723
628,491,4,329786
628,58,4,18434
628,438,4,23481
628,92,2,49542
629,307,3,25820
630,263,1,181135
630,496,5,15155
630,18,1,106801
631,344,4,209531
631,374,2,197138
631,72,2,13930
632,494,2,339385
633,58,2,18434
633,499,1,6622
633,286,2,6843
633,279,5,26587
633,432,2,10521
634,460,1,3548
635,285,4,25867
635,483,5,19217
635,122,3,58379
635,27,1,156687
635,487,5,46116
636,216,2,126332
637,311,4,26373
637,495,3,21011
637,70,3,97975
637,219,4,199512
638,168,5,50130
638,41,5,13733
639,205,2,15342
639,275,3,144381
639,53,3,174455
639,475,5,364569
639,44,5,38256
640,184,2,94140
640,488,3,5098
640,420,4,337141
640,123,1,279054
640,332,2,90588
641,281,3,39335
641,108,5,14119
641,395,4,12207
642,210,3,233057
642,435,4,2101
642,163,1,2388
642,145,1,213841
642,70,5,97975
643,223,4,50138
643,265,2,228182
643,360,2,41689
644,420,3,337141
644,449,5,245241
644,207,4,38826
645,23,5,17339
645,112,2,20511
645,370,4,241518
646,24,4,151640
646,259,5,204654
646,457,1,43692
646,163,3,2388
647,92,3,49542
647,28,4,262645
648,363,5,17442
649,296,1,26698
649,299,2,244845
649,448,2,12674
649,163,2,2388
649,240,3,11336
650,478,2,30883
650,104,2,14364
650,307,3,25820
650,448,4,12674
651,74,1,66338
651,392,5,96682
651,444,2,36153
651,276,2,31306
652,63,5,16864
652,204,4,21413
652,111,2,54394
652,282,5,79545
652,125,1,3329
653,396,5,108856
654,442,4,33478
654,329,3,23164
654,138,1,107533
654,120,2,40593
655,38,3,23812
656,168,1,50130
656,179,1,147980
657,164,1,105636
657,183,2,25987
657,231,5,33257
657,395,3,12207
658,348,2,203414
658,110,3,89656
659,467,3,64096
660,223,4,50138
661,467,2,64096
662,139,1,33059
662,290,1,195202
663,175,5,80636
663,300,4,19728
663,428,4,101575
663,16,3,12466
663,326,3,4873
664,70,5,97975
664,397,1,9374
665,189,5,37505
665,90,3,46285
665,286,4,6843
666,14,1,44460
666,113,2,272293
666,213,2,12503
667,189,3,37505
668,346,3,13653
668,435,4,2101
668,375,4,304045
668,469,1,25965
668,52,4,94514
669,159,4,13360
670,55,4,195035
670,301,4,163056
670,350,5,30892
670,153,5,45281
671,124,1,72493
671,303,1,66948
671,456,2,53827
671,46,1,29243
671,330,5,13065
672,256,4,19337
672,68,1,25262
672,269,2,216861
673,379,2,84354
673,410,2,25982
673,90,1,46285
673,121,1,295195
674,242,2,31952
674,273,2,21099
674,222,5,59357
674,136,5,52918
674,54,1,253598
675,232,3,46489
675,273,5,21099
675,195,1,45299
675,390,3,77909
675,258,4,46266
676,111,5,54394
677,439,5,76172
677,279,1,26587
677,82,5,137182
678,443,2,15672
678,455,4,21022
678,318,4,49519
678,119,4,126842
678,30,2,18635
679,279,5,26587
679,475,3,364569
679,179,2,147980
680,40,2,366700
680,4,3,16115
680,6,5,46366
680,473,3,35743
681,179,3,147980
682,38,1,23812
683,155,1,11589
683,5,1,43504
683,365,2,1681
683,173,4,65328
683,238,3,13772
684,67,2,27366
685,8,3,45692
685,433,1,104248
685,56,2,47059
686,417,3,13389
686,159,4,13360
686,40,5,366700
687,291,2,198170
687,78,2,46284
687,381,1,3620
687,246,3,55705
687,323,1,1715
688,271,3,87661
688,296,5,26698
688,182,5,100465
688,242,5,31952
689,319,4,13408
689,299,2,244845
689,241,5,8530
689,323,1,1715
690,386,4,27994
691,405,4,50824
692,421,4,16165
692,354,3,49452
692,57,3,38622
693,168,5,50130
693,424,5,71953
693,364,5,11269
693,415,1,21167
693,466,3,56723
694,488,5,5098
694,86,3,38482
694,256,3,19337
694,325,2,17404
694,177,3,19098
695,155,1,11589
695,59,2,16564
696,47,2,97070
696,216,3,126332
696,180,3,95722
696,487,1,46116
696,87,5,40788
697,114,1,165626
698,185,1,21284
698,77,2,29468
698,356,3,13766
698,290,4,195202
698,241,1,8530
699,11,3,28502
699,257,2,48066
700,420,2,337141
701,447,1,17438
701,177,4,19098
701,129,5,5827
702,81,3,16640
702,15,4,53076
703,6,3,46366
704,160,2,31418
704,341,5,72235
705,403,2,204017
705,92,3,49542
705,475,5,364569
706,500,4,26997
706,292,4,38803
706,36,3,39591
707,181,4,135041
707,411,4,54390
708,480,4,56026
708,282,1,79545
708,212,3,5586
708,332,1,90588
708,403,2,204017
709,42,3,269340
709,176,4,282106
709,83,3,117842
709,123,2,279054
710,392,3,96682
710,1,3,30460
710,162,5,214499
710,300,4,19728
711,480,3,56026
711,153,4,45281
712,164,4,105636
712,270,2,279510
712,47,4,97070
713,420,4,337141
713,175,4,80636
713,431,4,23838
713,398,5,122257
714,365,5,1681
714,419,1,78777
715,186,5,94727
715,289,2,50842
715,253,4,33950
716,289,4,50842
716,121,5,295195
716,222,3,59357
716,176,1,282106
717,65,1,30850
717,172,5,113684
718,374,3,197138
718,357,4,89463
719,154,3,87423
719,149,1,9848
719,264,3,127162
720,61,4,83470
720,199,1,183584
721,102,5,104057
721,16,5,12466
721,73,3,190146
721,295,2,4752
721,282,3,79545
722,57,3,38622
722,204,3,21413
723,113,4,272293
724,153,5,45281
724,109,2,28029
724,301,2,163056
724,465,4,18047
724,439,1,76172
725,309,4,6928
725,129,2,5827
725,306,4,21631
725,311,5,26373
725,221,5,166207
726,421,1,16165
726,351,4,30502
726,178,3,42065
727,172,5,113684
727,483,3,19217
728,415,4,21167
728,130,3,103020
728,94,1,58365
728,13,5,62062
728,436,2,201412
729,181,2,135041
729,29,5,217876
729,46,5,29243
729,233,2,70397
729,116,3,139479
730,287,4,38127
730,106,5,322592
730,271,1,87661
731,92,1,49542
731,237,1,19452
731,325,5,17404
732,478,5,30883
733,469,4,25965
733,103,4,49500
733,138,2,107533
734,367,1,385569
735,52,4,94514
735,450,1,18155
735,349,1,175402
736,271,2,87661
736,163,1,2388
736,69,4,341185
736,450,2,18155
737,265,4,228182
738,229,4,8418
738,104,4,14364
738,261,4,110716
738,271,3,87661
739,21,3,4967
739,287,5,38127
739,36,4,39591
740,486,4,12910
740,464,5,50392
741,394,1,26520
741,147,5,17331
741,197,5,56261
742,56,2,47059
742,341,1,72235
742,23,1,17339
742,28,5,262645
743,462,1,84658
743,466,5,56723
743,405,1,50824
743,44,2,38256
743,106,5,322592
744,253,4,33950
745,469,1,25965
745,247,4,3753
745,209,1,75954
745,321,2,117567
745,470,1,89384
746,3,1,16395
747,74,2,66338
747,120,2,40593
747,339,5,46398
747,152,1,18477
747,87,5,40788
748,143,2,32664
748,237,4,19452
748,241,1,8530
748,322,2,69626
748,306,3,21631
749,60,5,91561
749,79,2,284973
749,342,2,49463
749,135,1,68026
750,137,3,188948
750,417,1,13389
750,171,2,24723
751,234,1,21558
751,408,5,169925
751,158,4,186789
751,11,5,28502
751,218,5,23819
752,340,2,19725
752,177,5,19098
752,19,2,46145
752,466,4,56723
752,313,4,28221
753,191,4,67223
754,500,4,26997
754,429,5,25549
754,43,3,46765
755,225,3,376537
756,199,5,183584
757,305,2,133725
757,414,5,278944
757,284,5,216354
758,100,3,42292
758,5,5,43504
758,170,2,22358
758,136,5,52918
759,381,1,3620
759,318,5,49519
759,278,2,213791
760,174,3,14927
760,345,5,205943
760,304,5,52325
760,29,5,217876
761,293,3,60030
761,159,5,13360
761,336,2,9486
761,434,4,20170
762,55,4,195035
762,353,4,64555
762,347,2,17871
763,231,3,33257
763,266,3,3862
764,56,4,47059
765,15,5,53076
765,80,3,27685
765,92,4,49542
766,191,2,67223
766,454,4,31060
766,435,2,2101
767,120,4,40593
767,417,2,13389
767,63,3,16864
768,334,2,178337
769,211,1,236041
770,476,1,6653
770,288,3,37239
771,433,4,104248
771,65,3,30850
771,338,3,21332
771,113,4,272293
772,280,4,31887
772,498,3,232103
772,153,3,45281
773,464,1,50392
774,105,1,2703
774,437,4,32226
775,16,4,12466
775,109,1,28029
775,121,4,295195
775,408,2,169925
776,398,5,122257
776,364,3,11269
776,162,2,214499
776,121,1,295195
777,76,5,16359
778,294,2,24516
778,286,5,6843
778,275,5,144381
778,492,3,21824
778,173,3,65328
779,27,5,156687
779,374,3,197138
780,339,2,46398
781,43,4,46765
781,79,2,284973
781,434,3,20170
781,123,4,279054
782,75,3,14201
782,80,1,27685
782,30,4,18635
782,364,5,11269
783,488,5,5098
784,356,3,13766
784,375,5,304045
784,108,3,14119
785,427,3,11528
785,31,5,4757
785,221,5,166207
785,123,2,279054
785,254,2,37839
786,499,4,6622
786,329,4,23164
786,205,5,15342
787,461,4,4179
787,178,5,42065
787,138,1,107533
788,141,3,26582
788,439,5,76172
789,307,1,25820
789,193,4,21914
789,103,5,49500
790,187,2,209644
790,373,2,16339
790,426,1,97056
790,40,3,366700
790,448,2,12674
791,249,5,26469
791,65,3,30850
791,79,1,284973
791,152,4,18477
792,324,1,246505
792,439,4,76172
792,459,4,390475
792,84,4,301427
793,343,4,30610
793,171,1,24723
794,66,2,94469
794,244,3,81779
794,316,5,110095
794,468,3,28516
794,347,4,17871
795,383,2,7803
795,223,1,50138
795,235,4,12586
795,317,2,6176
796,375,2,304045
796,151,4,159955
796,106,3,322592
796,141,1,26582
796,92,1,49542
797,64,3,16958
797,54,5,253598
797,308,5,132875
798,14,2,44460
798,338,4,21332
798,30,4,18635
798,476,3,6653
798,269,1,216861
799,411,5,54390
799,288,1,37239
800,315,4,254338
800,477,5,222378
800,447,5,17438
800,144,2,3348
801,164,4,105636
801,232,1,46489
801,401,3,14740
802,126,3,26687
802,448,4,12674
802,344,2,209531
802,350,2,30892
802,383,3,7803
803,151,3,159955
803,187,1,209644
803,482,4,202407
803,251,3,136070
804,232,5,46489
804,224,2,178542
804,40,2,366700
804,32,5,27405
805,159,2,13360
805,207,1,38826
805,29,1,217876
805,453,5,96234
806,369,5,12491
806,498,1,232103
806,139,2,33059
806,279,2,26587
807,318,2,49519
807,18,5,106801
807,451,2,107375
807,46,3,29243
807,193,1,21914
808,93,3,223976
808,411,2,54390
808,1,1,30460
808,366,4,6107
808,52,5,94514
809,89,2,28187
809,417,4,13389
809,106,1,322592
810,344,2,209531
810,160,2,31418
810,277,5,97231
810,406,3,45566
810,76,3,16359
811,300,3,19728
811,371,3,6925
811,150,3,9051
811,322,1,69626
812,321,1,117567
812,214,4,135750
812,160,1,31418
813,24,1,151640
814,110,1,89656
814,385,4,130577
815,259,5,204654
815,257,1,48066
815,61,3,83470
815,354,4,49452
815,79,1,284973
816,254,1,37839
816,321,4,117567
816,17,3,39052
817,207,1,38826
817,430,4,246618
817,407,1,90865
817,20,4,40179
818,252,5,30564
818,206,1,161706
818,202,4,30734
818,66,4,94469
819,255,2,5246
820,157,4,73175
820,383,2,7803
820,405,5,50824
820,232,4,46489
820,345,2,205943
821,144,1,3348
821,371,3,6925
821,101,1,18123
822,481,5,50319
822,17,5,39052
822,465,4,18047
823,369,4,12491
823,156,4,43299
823,381,4,3620
823,398,5,122257
824,62,3,191660
825,93,4,223976
825,211,1,236041
826,486,3,12910
827,205,1,15342
827,12,3,19732
827,197,2,56261
828,123,5,279054
828,396,4,108856
828,43,3,46765
828,171,4,24723
829,90,2,46285
829,193,3,21914
829,417,1,13389
829,493,5,89214
830,53,3,174455
831,244,5,81779
831,38,4,23812
831,431,3,23838
832,125,5,3329
832,441,5,39469
833,450,1,18155
833,6,2,46366
833,249,2,26469
833,163,4,2388
834,46,3,29243
834,18,2,106801
834,195,3,45299
834,274,2,29236
834,36,3,39591
835,448,5,12674
835,256,4,19337
836,161,1,57428
836,101,1,18123
836,374,3,197138
836,267,5,70542
836,178,4,42065
837,59,2,16564
838,39,5,100595
838,389,3,50329
838,359,1,153672
838,375,3,304045
839,208,1,109078
839,480,4,56026
839,70,3,97975
840,484,1,38947
840,171,1,24723
840,335,3,325437
840,123,3,279054
840,452,3,10853
841,490,3,21175
841,140,1,297192
841,80,5,27685
842,215,5,24668
842,13,5,62062
843,278,4,213791
843,381,2,3620
843,243,1,37716
843,9,2,14154
843,90,2,46285
844,157,2,73175
845,437,5,32226
845,129,2,5827
845,236,1,17489
845,206,2,161706
845,496,2,15155
846,455,1,21022
846,144,1,3348
846,457,3,43692
846,105,1,2703
847,44,2,38256
847,252,2,30564
847,4,3,16115
847,122,4,58379
847,355,1,32016
848,117,5,64514
849,304,2,52325
849,167,4,349988
850,427,2,11528
851,53,1,174455
851,51,2,63866
851,305,2,133725
851,314,4,291451
851,300,3,19728
852,92,2,49542
853,22,4,140911
853,93,5,223976
854,276,3,31306
854,372,5,135500
855,275,4,144381
855,472,5,36408
856,300,3,19728
856,487,3,46116
856,109,3,28029
856,134,3,27301
857,267,5,70542
857,252,5,30564
857,89,4,28187
858,373,3,16339
858,435,4,2101
858,379,3,84354
858,419,3,78777
859,288,1,37239
859,361,5,15440
859,230,2,5812
859,255,1,5246
860,352,2,165672
861,190,1,35521
861,100,1,42292
861,148,1,36417
861,116,5,139479
862,70,4,97975
862,325,5,17404
862,392,2,96682
862,26,5,17025
863,298,2,33167
864,330,4,13065
864,197,5,56261
864,331,5,215153
864,295,4,4752
865,161,2,57428
866,248,2,63230
866,444,1,36153
867,306,3,21631
867,246,5,55705
867,8,3,45692
867,209,2,75954
867,77,1,29468
868,185,2,21284
868,66,5,94469
868,86,1,38482
868,377,3,84604
869,18,5,106801
869,241,2,8530
870,332,2,90588
870,103,3,49500
870,410,5,25982
870,233,3,70397
870,240,2,11336
871,499,5,6622
872,249,3,26469
872,135,1,68026
873,152,5,18477
873,363,1,17442
873,411,2,54390
873,138,4,107533
873,3,3,16395
874,122,3,58379
874,30,3,18635
874,191,1,67223
874,162,3,214499
875,164,3,105636
875,100,3,42292
875,485,3,23113
875,461,1,4179
876,307,3,25820
876,429,1,25549
877,322,4,69626
877,421,1,16165
877,377,4,84604
878,246,4,55705
878,141,1,26582
878,92,1,49542
878,410,1,25982
879,121,5,295195
879,328,3,322486
879,110,1,89656
879,312,3,3394
879,58,3,18434
880,285,3,25867
880,468,3,28516
880,377,4,84604
880,72,5,13930
881,218,3,23819
881,500,1,26997
882,154,5,87423
882,211,2,236041
883,59,4,16564
883,413,2,160936
883,360,4,41689
883,184,3,94140
883,214,5,135750
884,373,1,16339
884,51,5,63866
884,15,4,53076
884,65,1,30850
884,209,1,75954
885,300,1,19728
885,403,3,204017
886,43,4,46765
886,318,3,49519
887,109,4,28029
887,90,2,46285
887,45,2,177896
888,240,5,11336
888,340,1,19725
888,358,4,161738
889,473,4,35743
889,41,5,13733
889,376,3,62184
889,151,4,159955
889,72,3,13930
890,311,3,26373
890,337,3,22216
890,406,3,45566
890,450,3,18155
891,319,4,13408
891,11,4,28502
891,198,3,303186
892,334,1,178337
893,13,3,62062
893,345,3,205943
894,85,2,11618
894,202,4,30734
894,376,1,62184
894,303,5,66948
894,92,5,49542
895,84,1,301427
895,74,5,66338
896,344,5,209531
897,26,3,17025
897,481,1,50319
897,94,4,58365
897,80,3,27685
898,430,3,246618
898,458,3,71947
898,427,5,11528
898,281,1,39335
899,252,5,30564
899,476,1,6653
900,253,3,33950
900,68,3,25262
901,87,5,40788
901,249,5,26469
901,2,3,1161
902,483,1,19217
902,372,2,135500
902,57,4,38622
902,442,3,33478
903,278,1,213791
903,282,1,79545
903,436,3,201412
904,224,4,178542
904,137,1,188948
904,69,1,341185
904,267,5,70542
905,320,2,353761
905,436,1,201412
905,145,1,213841
905,96,4,218785
906,380,3,76284
906,200,4,17698
906,466,2,56723
906,431,3,23838
907,21,2,4967
907,461,2,4179
907,393,4,66531
908,60,1,91561
909,480,2,56026
909,54,3,253598
909,238,5,13772
909,500,1,26997
910,478,4,30883
910,69,5,341185
911,31,2,4757
911,20,1,40179
912,131,5,24943
912,85,4,11618
912,400,3,38896
912,179,4,147980
912,71,4,322513
913,349,5,175402
913,491,2,329786
914,205,1,15342
915,22,4,140911
915,375,4,304045
915,363,5,17442
916,402,2,30524
916,306,2,21631
916,230,4,5812
916,200,3,17698
917,296,2,26698
917,59,3,16564
917,435,2,2101
917,37,4,95128
918,129,3,5827
919,465,1,18047
919,47,2,97070
919,164,5,105636
919,131,5,24943
919,79,5,284973
920,47,1,97070
920,388,1,281397
920,187,4,209644
920,70,4,97975
921,152,5,18477
921,42,5,269340
921,178,3,42065
922,319,1,13408
922,191,4,67223
923,156,3,43299
923,380,1,76284
923,56,4,47059
923,97,1,29008
924,109,1,28029
924,205,3,15342
924,11,4,28502
924,460,1,3548
924,121,5,295195
925,177,3,19098
926,320,1,353761
926,377,4,84604
927,427,5,11528
927,246,2,55705
927,328,1,322486
927,434,3,20170
927,232,1,46489
928,452,2,10853
928,447,5,17438
928,442,4,33478
929,72,4,13930
929,320,1,353761
929,349,3,175402
929,454,5,31060
930,119,1,126842
930,255,2,5246
930,76,4,16359
930,5,3,43504
931,396,4,108856
931,369,3,12491
931,340,3,19725
931,36,4,39591
931,184,2,94140
932,369,4,12491
932,102,5,104057
932,40,4,366700
933,65,5,30850
933,165,3,236084
933,342,3,49463
934,372,4,135500
934,424,1,71953
934,412,1,63565
934,342,1,49463
934,480,5,56026
935,217,5,46252
935,426,2,97056
936,396,3,108856
936,170,3,22358
936,148,3,36417
937,313,2,28221
937,291,2,198170
937,314,2,291451
937,180,3,95722
937,458,2,71947
938,321,1,117567
939,321,1,117567
939,494,5,339385
939,169,3,178723
939,490,4,21175
939,1,1,30460
940,233,1,70397
940,238,2,13772
940,400,4,38896
940,311,1,26373
941,497,4,25163
941,186,2,94727
942,196,2,9369
942,117,5,64514
942,93,1,223976
942,116,1,139479
942,353,4,64555
943,286,5,6843
944,260,3,198369
945,43,3,46765
945,376,4,62184
945,10,1,23500
945,222,1,59357
945,455,1,21022
946,395,4,12207
947,113,2,272293
947,411,5,54390
947,172,1,113684
948,276,1,31306
948,45,1,177896
948,415,1,21167
948,456,1,53827
949,71,2,322513
950,246,4,55705
950,222,2,59357
950,250,2,57769
950,8,3,45692
950,402,3,30524
951,184,4,94140
951,366,2,6107
951,87,4,40788
951,219,1,199512
951,340,4,19725
952,447,1,17438
952,462,5,84658
953,212,5,5586
953,453,5,96234
953,55,2,195035
954,136,1,52918
954,203,4,12061
954,78,1,46284
954,439,1,76172
954,335,3,325437
955,180,5,95722
955,196,1,9369
955,249,1,26469
955,388,4,281397
955,498,1,232103
956,338,3,21332
956,400,5,38896
956,307,4,25820
956,399,3,70186
957,305,5,133725
957,442,5,33478
958,398,1,122257
958,464,5,50392
959,144,4,3348
959,292,1,38803
960,409,1,353178
960,244,5,81779
961,413,2,160936
961,194,1,278145
961,377,4,84604
961,166,5,12541
961,470,5,89384
962,406,3,45566
962,205,5,15342
962,380,3,76284
963,489,2,83195
963,424,5,71953
963,226,5,46493
963,93,5,223976
963,112,1,20511
964,481,2,50319
965,139,5,33059
965,228,2,59191
965,124,5,72493
965,387,3,72331
966,126,4,26687
967,167,2,349988
967,71,4,322513
968,494,2,339385
968,190,5,35521
968,97,2,29008
968,45,3,177896
968,143,1,32664
969,343,2,30610
970,147,2,17331
971,297,2,152414
972,127,4,72595
973,365,3,1681
973,242,3,31952
974,88,5,34078
974,331,1,215153
974,499,2,6622
974,268,4,245217
975,380,3,76284
975,386,1,27994
975,431,5,23838
975,211,4,236041
975,203,5,12061
976,40,4,366700
977,406,2,45566
977,358,2,161738
977,332,4,90588
977,176,2,282106
977,395,4,12207
978,486,4,12910
978,255,1,5246
978,157,5,73175
978,268,5,245217
979,205,3,15342
979,129,4,5827
980,139,2,33059
980,121,4,295195
980,467,3,64096
981,109,1,28029
981,149,1,9848
981,12,4,19732
982,426,1,97056
982,176,1,282106
982,277,2,97231
983,243,3,37716
983,303,3,66948
983,473,5,35743
984,295,1,4752
984,274,4,29236
984,131,2,24943
985,216,4,126332
986,13,1,62062
986,342,5,49463
986,274,3,29236
986,302,2,174010
987,174,2,14927
987,245,5,32690
988,150,2,9051
988,126,3,26687
988,315,3,254338
989,279,5,26587
989,83,1,117842
989,207,5,38826
989,358,5,161738
989,394,1,26520
990,325,5,17404
990,115,2,46906
990,204,1,21413
991,430,1,246618
991,5,4,43504
991,104,4,14364
991,196,2,9369
991,184,3,94140
992,109,3,28029
993,461,2,4179
994,385,5,130577
994,497,1,25163
994,406,5,45566
995,361,4,15440
996,228,4,59191
997,262,5,113819
997,290,4,195202
997,257,1,48066
997,168,5,50130
997,228,3,59191
998,294,4,24516
998,299,3,244845
998,297,3,152414
999,29,4,217876
999,467,3,64096
999,3,1,16395
999,239,4,104124
1000,210,1,233057
1001,194,3,278145
1001,45,3,177896
1001,394,1,26520
1001,292,1,38803
1001,249,3,26469
1002,442,1,33478
1003,45,4,177896
1003,375,1,304045
1003,268,4,245217
1003,60,3,91561
1004,177,2,19098
1004,252,3,30564
1005,334,4,178337
1005,86,4,38482
1005,360,4,41689
1005,118,4,45795
1006,244,1,81779
1006,73,5,190146
1006,106,4,322592
1006,488,2,5098
1006,357,5,89463
1007,157,3,73175
1008,128,4,18782
1008,310,4,6597
1008,130,4,103020
1009,491,1,329786
1009,418,5,74261
1009,274,2,29236
1009,361,1,15440
1009,287,1,38127
1010,481,2,50319
1010,192,4,57730
1010,424,4,71953
1010,320,5,353761
1011,5,2,43504
1011,257,1,48066
1012,417,2,13389
1012,110,5,89656
1013,227,3,34328
1013,337,5,22216
1013,357,1,89463
1013,90,5,46285
1013,218,2,23819
1014,122,4,58379
1015,129,4,5827
1015,331,3,215153
1015,118,5,45795
1015,355,2,32016
1016,117,2,64514
1016,336,2,9486
1016,379,1,84354
1017,190,1,35521
1017,79,3,284973
1017,117,5,64514
1018,79,3,284973
1019,210,5,233057
1019,294,3,24516
1020,308,5,132875
1020,173,4,65328
1020,213,1,12503
1021,291,4,198170
1021,160,4,31418
1021,328,5,322486
1021,398,3,122257
1022,87,5,40788
1023,403,1,204017
1023,46,3,29243
1023,224,5,178542
1023,13,1,62062
1023,254,5,37839
1024,431,5,23838
1024,10,5,23500
1024,309,2,6928
1024,69,2,341185
1024,408,2,169925
1025,70,4,97975
1026,451,3,107375
1026,406,5,45566
1027,68,2,25262
1027,280,5,31887
1027,361,1,15440
1027,482,1,202407
1027,227,2,34328
1028,458,3,71947
1028,342,4,49463
1028,178,5,42065
1028,46,4,29243
1029,138,5,107533
1029,348,5,203414
1029,438,3,23481
1029,334,2,178337
1029,15,2,53076
1030,114,4,165626
1030,285,1,25867
1031,405,3,50824
1031,484,4,38947
1031,224,4,178542
1032,470,1,89384
1032,45,2,177896
1032,263,4,181135
1033,56,4,47059
1033,484,2,38947
1033,408,5,169925
1033,420,4,337141
1033,83,3,117842
1034,189,5,37505
1034,269,2,216861
1034,483,1,19217
1035,225,2,376537
1035,51,3,63866
1035,308,4,132875
1035,315,2,254338
1035,200,2,17698
1036,393,5,66531
1036,139,1,33059
1036,17,5,39052
1037,318,1,49519
1038,183,3,25987
1038,347,3,17871
1039,308,3,132875
1039,10,4,23500
1039,498,3,232103
1039,293,2,60030
1040,198,3,303186
1040,340,4,19725
1040,131,3,24943
1040,145,2,213841
1040,225,3,376537
1041,122,4,58379
1041,381,2,3620
1042,407,3,90865
1042,197,1,56261
1042,445,2,44894
1042,327,5,46032
1042,315,4,254338
1043,211,2,236041
1044,99,1,318029
1044,322,1,69626
1044,28,3,262645
1044,440,1,45817
1044,190,4,35521
1045,432,5,10521
1046,77,5,29468
1046,241,5,8530
1047,403,5,204017
1047,200,4,17698
1047,79,3,284973
1047,104,5,14364
1047,140,5,297192
1048,456,2,53827
1048,413,5,160936
1048,446,2,28425
1048,312,2,3394
1048,206,2,161706
1049,316,5,110095
1050,162,2,214499
1050,349,4,175402
1050,438,5,23481
1050,94,2,58365
1050,281,4,39335
1051,153,3,45281
1051,101,3,18123
1052,280,1,31887
1052,130,4,103020
1053,50,1,31053
1054,271,5,87661
1054,67,1,27366
1054,174,4,14927
1054,312,2,3394
1055,163,5,2388
1055,81,4,16640
1055,180,1,95722
1056,220,2,30297
1056,106,1,322592
1056,267,4,70542
1057,348,1,203414
1058,357,2,89463
1058,403,2,204017
1059,139,5,33059
1059,135,4,68026
1059,331,4,215153
1059,258,3,46266
1060,46,4,29243
1060,169,1,178723
1060,127,1,72595
1060,81,5,16640
1060,261,5,110716
1061,314,3,291451
1061,41,2,13733
1061,171,2,24723
1062,269,1,216861
1063,248,3,63230
1063,286,5,6843
1063,338,5,21332
1063,322,2,69626
1063,331,4,215153
1064,411,4,54390
1064,95,1,39750
1064,281,5,39335
1064,447,2,17438
1065,205,3,15342
1066,230,5,5812
1066,59,3,16564
1067,182,5,100465
1067,469,5,25965
1068,486,3,12910
1069,223,3,50138
1069,496,1,15155
1069,139,2,33059
1069,401,4,14740
1070,5,4,43504
1070,340,2,19725
1070,481,4,50319
1070,159,4,13360
1070,170,1,22358
1071,373,1,16339
1071,25,2,21895
1071,355,3,32016
1072,476,4,6653
1072,487,3,46116
1072,117,4,64514
1072,108,2,14119
1072,92,4,49542
1073,387,1,72331
1073,111,4,54394
1073,496,1,15155
1073,408,3,169925
1074,329,3,23164
1074,269,4,216861
1074,112,1,20511
1074,322,4,69626
1075,97,4,29008
1075,439,5,76172
1075,191,1,67223
1075,304,3,52325
1075,216,1,126332
1076,136,3,52918
1076,43,4,46765
1077,431,2,23838
1077,285,4,25867
1078,155,1,11589
1078,296,5,26698
1079,320,2,353761
1079,73,4,190146
1080,218,3,23819
1080,416,4,29781
1080,44,3,38256
1081,402,4,30524
1081,473,4,35743
1082,182,1,100465
1082,97,5,29008
1083,381,3,3620
1083,66,2,94469
1083,500,1,26997
1083,413,4,160936
1084,313,4,28221
1084,57,5,38622
1084,110,1,89656
1084,287,5,38127
1084,195,2,45299
1085,160,1,31418
1085,436,3,201412
1085,37,1,95128
1085,444,1,36153
1086,290,5,195202
1086,331,3,215153
1086,138,3,107533
1087,118,1,45795
1088,14,5,44460
1088,383,5,7803
1088,400,1,38896
1088,38,2,23812
1089,106,3,322592
1089,131,3,24943
1090,167,2,349988
1091,248,2,63230
1091,78,1,46284
1092,65,5,30850
1092,313,2,28221
1092,14,1,44460
1092,476,3,6653
1093,168,5,50130
1093,492,2,21824
1093,339,4,46398
1094,267,4,70542
1094,246,2,55705
1095,410,1,25982
1095,248,5,63230
1095,296,3,26698
1095,53,4,174455
1095,170,5,22358
1096,262,2,113819
1097,31,2,4757
1097,220,1,30297
1097,331,4,215153
1097,149,4,9848
1098,129,5,5827
1099,151,3,159955
1099,201,3,31948
1099,41,2,13733
1099,460,2,3548
1100,440,2,45817
1101,137,5,188948
1101,280,4,31887
1101,205,2,15342
1101,141,4,26582
1101,312,5,3394
1102,200,3,17698
1102,8,3,45692
1102,135,3,68026
1102,59,3,16564
1102,283,4,18422
1103,23,3,17339
1103,67,5,27366
1103,409,2,353178
1104,151,2,159955
1105,289,4,50842
1105,493,4,89214
1106,1,4,30460
1106,74,2,66338
1106,498,2,232103
1106,222,4,59357
1106,445,4,44894
1107,354,4,49452
1107,248,4,63230
1107,135,5,68026
1107,87,5,40788
1107,424,4,71953
1108,165,5,236084
1109,233,5,70397
1109,463,4,93210
1109,323,2,1715
1110,408,1,169925
1110,138,5,107533
1110,391,3,118125
1111,217,3,46252
1111,379,1,84354
1111,35,3,10454
1111,161,3,57428
1112,311,1,26373
1113,287,3,38127
1113,299,5,244845
1114,1,1,30460
1114,19,4,46145
1114,477,5,222378
1114,245,5,32690
1115,460,2,3548
1115,256,2,19337
1115,234,5,21558
1115,423,2,114188
1115,267,5,70542
1116,397,2,9374
1116,69,1,341185
1116,355,5,32016
1117,105,1,2703
1117,361,4,15440
1117,486,5,12910
1117,332,5,90588
1117,471,3,162289
1118,331,5,215153
1119,228,4,59191
1120,442,2,33478
1120,393,5,66531
1120,271,1,87661
1120,105,3,2703
1120,13,3,62062
1121,397,1,9374
1122,47,1,97070
1122,170,3,22358
1122,95,5,39750
1122,168,4,50130
1123,24,4,151640
1123,315,4,254338
1123,255,5,5246
1123,434,4,20170
1123,265,5,228182
1124,157,3,73175
1124,25,5,21895
1124,71,1,322513
1124,150,4,9051
1125,388,4,281397
1125,156,2,43299
1126,304,2,52325
1126,160,4,31418
1126,264,3,127162
1126,146,3,25217
1126,74,3,66338
1127,247,1,3753
1127,487,1,46116
1127,203,5,12061
1127,410,4,25982
1127,382,3,96598
1128,307,3,25820
1128,472,5,36408
1128,400,5,38896
1128,382,4,96598
1129,380,5,76284
1129,32,2,27405
1129,379,1,84354
1129,97,1,29008
1130,483,3,19217
1130,169,2,178723
1130,289,4,50842
1131,408,5,169925
1131,25,5,21895
1131,285,3,25867
1131,453,5,96234
1132,244,3,81779
1133,301,4,163056
1133,250,2,57769
1133,493,2,89214
1134,273,3,21099
1134,426,5,97056
1134,403,4,204017
1135,274,2,29236
1135,287,3,38127
1135,294,1,24516
1136,348,4,203414
1136,322,3,69626
1136,159,4,13360
1136,171,3,24723
1136,178,2,42065
1137,136,5,52918
1138,241,1,8530
1139,12,2,19732
1140,337,3,22216
1140,206,2,161706
1141,260,2,198369
1141,216,3,126332
1141,310,3,6597
1141,39,4,100595
1141,394,3,26520
1142,475,5,364569
1142,385,5,130577
1142,228,1,59191
1142,181,2,135041
1143,385,5,130577
1144,423,2,114188
1144,224,1,178542
1144,480,2,56026
1145,479,2,124870
1145,142,1,3835
1145,322,1,69626
1146,10,4,23500
1146,354,3,49452
1146,171,2,24723
1146,485,3,23113
1146,268,2,245217
1147,367,4,385569
1147,452,1,10853
1147,154,2,87423
1148,93,1,223976
1148,240,3,11336
1149,434,5,20170
1149,397,4,9374
1149,217,4,46252
1150,277,2,97231
1151,284,5,216354
1151,433,4,104248
1152,327,3,46032
1152,13,5,62062
1152,419,5,78777
1152,406,5,45566
1152,141,1,26582
1153,141,3,26582
1153,160,3,31418
1153,57,2,38622
1153,45,2,177896
1153,267,4,70542
1154,344,1,209531
1154,382,4,96598
1154,370,3,241518
1154,179,4,147980
1155,80,5,27685
1155,297,4,152414
1156,243,4,37716
1156,318,1,49519
1156,413,2,160936
1156,354,1,49452
1156,324,1,246505
1157,137,1,188948
1157,286,3,6843
1157,2,3,1161
1157,205,1,15342
1157,202,3,30734
1158,209,5,75954
1159,343,3,30610
1160,314,2,291451
1160,70,4,97975
1161,485,3,23113
1162,286,2,6843
1163,136,4,52918
1163,354,1,49452
1163,322,4,69626
1164,487,4,46116
1164,97,3,29008
1164,103,4,49500
1164,468,3,28516
1165,40,3,366700
1165,181,4,135041
1165,219,4,199512
1166,364,3,11269
1166,88,2,34078
1166,281,2,39335
1166,92,1,49542
1167,107,3,22966
1167,185,3,21284
1167,463,2,93210
1167,280,5,31887
1167,75,2,14201
1168,39,1,100595
1168,44,4,38256
1168,58,3,18434
1169,306,5,21631
1169,112,3,20511
1170,284,1,216354
1170,105,2,2703
1170,212,5,5586
1171,370,5,241518
1171,260,2,198369
1172,398,5,122257
1172,420,2,337141
1172,442,2,33478
1172,487,5,46116
1173,96,1,218785
1173,268,4,245217
1173,98,1,33877
1173,318,5,49519
1173,274,1,29236
1174,462,4,84658
1174,91,4,6014
1174,448,3,12674
1174,258,3,46266
1175,101,2,18123
1175,367,4,385569
1176,319,3,13408
1176,363,2,17442
1176,413,4,160936
1176,417,5,13389
1176,401,5,14740
1177,194,5,278145
1177,294,2,24516
1177,329,3,23164
1177,163,2,2388
1178,285,1,25867
1178,154,1,87423
1178,487,2,46116
1178,403,1,204017
1179,405,2,50824
1180,147,2,17331
1180,489,2,83195
1181,440,2,45817
1181,329,5,23164
1181,424,1,71953
1181,206,3,161706
1182,114,1,165626
1182,436,2,201412
1182,331,4,215153
1182,457,5,43692
1183,384,4,12824
1183,118,1,45795
1183,238,1,13772
1184,330,4,13065
1185,254,5,37839
1185,242,5,31952
1186,234,5,21558
1186,196,5,9369
1186,177,1,19098
1186,156,1,43299
1187,356,5,13766
1188,491,4,329786
1188,34,2,88927
1188,327,3,46032
1188,115,2,46906
1188,52,5,94514
1189,57,1,38622
1189,128,3,18782
1189,301,3,163056
1190,61,4,83470
1190,413,5,160936
1190,445,1,44894
1190,251,4,136070
1190,482,5,202407
1191,41,4,13733
1191,56,5,47059
1191,498,1,232103
1191,200,4,17698
1191,65,2,30850
1192,252,3,30564
1193,121,4,295195
1194,102,4,104057
1194,389,3,50329
1194,146,2,25217
1195,121,5,295195
1195,31,3,4757
1196,441,3,39469
1196,42,1,269340
1196,296,3,26698
1196,253,1,33950
1197,200,1,17698
1198,63,2,16864
1198,153,3,45281
1199,178,4,42065
1199,448,4,12674
1199,287,4,38127
1200,36,2,39591
1200,158,3,186789
1201,388,5,281397
1201,23,5,17339
1201,50,1,31053
1201,104,1,14364
1201,364,5,11269
1202,231,1,33257
1202,435,3,2101
1202,153,4,45281
1202,449,4,245241
1203,71,1,322513
1203,304,3,52325
1204,359,5,153672
1204,347,1,17871
1204,437,3,32226
1204,310,5,6597
1205,194,1,278145
1205,418,4,74261
1205,133,5,5374
1205,246,1,55705
1206,390,4,77909
1206,43,5,46765
1206,30,1,18635
1206,388,1,281397
1207,234,5,21558
1207,174,4,14927
1208,294,4,24516
1208,114,2,165626
1209,2,1,1161
1209,348,3,203414
1209,202,4,30734
1210,195,4,45299
1210,254,5,37839
1210,117,3,64514
1211,43,5,46765
1212,498,3,232103
1212,415,5,21167
1213,451,5,107375
1213,352,5,165672
1214,144,3,3348
1214,81,1,16640
1215,124,1,72493
1215,458,5,71947
1215,412,5,63565
1215,60,1,91561
1215,325,5,17404
1216,173,5,65328
1216,230,2,5812
1217,382,3,96598
1218,116,2,139479
1218,388,3,281397
1219,296,1,26698
1219,457,3,43692
1219,38,1,23812
1219,76,4,16359
1219,218,4,23819
1220,45,2,177896
1220,97,1,29008
1221,79,5,284973
1221,188,4,29382
1222,221,3,166207
1222,97,1,29008
1223,471,3,162289
1223,321,4,117567
1223,497,1,25163
1223,273,3,21099
1224,177,3,19098
1224,313,2,28221
1224,277,4,97231
1225,210,2,233057
1225,114,2,165626
1225,489,3,83195
1225,264,3,127162
1226,90,3,46285
1226,432,5,10521
1226,267,2,70542
1226,273,1,21099
1226,226,5,46493
1227,39,4,100595
1227,487,3,46116
1227,85,3,11618
1227,336,5,9486
1228,42,3,269340
1228,91,2,6014
1228,146,5,25217
1228,45,4,177896
1228,377,4,84604
1229,354,1,49452
1229,134,4,27301
1229,65,4,30850
1229,266,3,3862
1230,459,2,390475
1230,241,2,8530
1230,356,2,13766
1231,445,1,44894
1231,394,5,26520
1231,463,5,93210
1231,272,1,126874
1231,450,3,18155
1232,291,1,198170
1233,68,5,25262
1233,483,1,19217
1233,133,3,5374
1234,309,5,6928
1234,477,2,222378
1234,158,5,186789
1234,51,4,63866
1235,97,2,29008
1235,431,1,23838
1235,414,2,278944
1236,75,2,14201
1236,245,2,32690
1236,432,2,10521
1237,184,2,94140
1237,368,2,11692
1238,216,3,126332
1238,34,3,88927
1238,417,1,13389
1238,361,4,15440
1238,144,2,3348
1239,367,1,385569
1240,46,2,29243
1240,415,4,21167
1240,308,1,132875
1240,188,1,29382
1241,4,1,16115
1241,5,2,43504
1241,327,4,46032
1241,382,1,96598
1241,11,3,28502
1242,190,5,35521
1242,461,2,4179
1242,218,1,23819
1242,163,2,2388
1243,377,4,84604
1243,329,3,23164
1244,86,2,38482
1244,97,4,29008
1244,345,3,205943
1244,333,3,33838
1245,68,3,25262
1245,89,3,28187
1245,283,3,18422
1246,313,1,28221
1246,294,5,24516
1246,481,1,50319
1246,451,1,107375
1247,100,2,42292
1248,377,1,84604
1249,152,3,18477
1249,450,4,18155
1249,308,3,132875
1249,175,5,80636
1249,141,2,26582
1250,315,5,254338
1250,378,2,5364
1250,206,3,161706
1250,313,5,28221
1251,258,1,46266
1251,414,5,278944
1251,29,5,217876
1251,386,2,27994
1252,99,5,318029
1252,276,3,31306
1252,417,2,13389
1252,433,4,104248
1253,445,5,44894
1253,33,2,40980
1253,12,1,19732
1253,111,4,54394
1254,177,1,19098
1254,341,2,72235
1255,209,2,75954
1255,95,2,39750
1255,232,1,46489
1255,37,2,95128
1255,485,5,23113
1256,306,5,21631
1256,247,4,3753
1257,459,5,390475
1257,105,3,2703
1257,284,4,216354
1258,226,5,46493
1259,127,5,72595
1259,81,2,16640
1260,499,5,6622
1261,465,1,18047
1261,390,5,77909
1262,102,1,104057
1262,269,3,216861
1262,28,3,262645
1262,289,1,50842
1263,447,3,17438
1263,144,1,3348
1263,457,5,43692
1264,383,3,7803
1264,104,3,14364
1265,25,5,21895
1265,17,1,39052
1265,158,1,186789
1266,460,3,3548
1267,16,3,12466
1267,175,2,80636
1267,493,5,89214
1267,331,5,215153
1267,282,2,79545
1268,130,1,103020
1268,461,3,4179
1269,100,5,42292
1269,287,4,38127
1269,230,1,5812
1270,222,4,59357
1271,114,2,165626
1271,428,5,101575
1272,306,1,21631
1272,402,3,30524
1272,377,4,84604
1272,153,2,45281
1272,46,5,29243
1273,248,4,63230
1273,271,3,87661
1273,218,1,23819
1273,460,5,3548
1273,6,4,46366
1274,255,2,5246
1275,273,4,21099
1276,24,2,151640
1276,43,1,46765
1276,425,4,55700
1277,263,4,181135
1277,93,3,223976
1278,229,1,8418
1278,498,3,232103
1278,290,2,195202
1279,292,5,38803
1279,334,4,178337
1279,78,1,46284
1279,191,4,67223
1279,187,1,209644
1280,29,5,217876
1280,22,1,140911
1281,429,4,25549
1281,489,3,83195
1281,84,4,301427
1281,141,2,26582
1281,216,3,126332
1282,232,1,46489
1282,391,1,118125
1283,479,1,124870
1283,297,3,152414
1283,10,1,23500
1283,86,5,38482
1284,29,3,217876
1284,397,4,9374
1284,283,1,18422
1285,229,3,8418
1286,381,5,3620
1287,189,4,37505
1287,418,5,74261
1287,64,4,16958
1287,306,3,21631
1288,221,1,166207
1288,404,2,80639
1289,122,4,58379
1289,145,1,213841
1289,347,1,17871
1290,391,3,118125
1290,407,3,90865
1290,474,2,19972
1291,455,5,21022
1291,156,3,43299
1291,202,1,30734
1291,31,4,4757
1291,262,5,113819
1292,157,1,73175
1292,201,2,31948
1293,7,2,256638
1294,159,1,13360
1294,6,4,46366
1295,153,5,45281
1296,311,5,26373
1297,393,3,66531
1297,98,3,33877
1297,228,4,59191
1298,46,2,29243
1298,466,4,56723
1299,282,2,79545
1299,101,5,18123
1300,175,2,80636
1300,105,5,2703
1300,180,1,95722
1301,400,4,38896
1301,251,4,136070
1302,122,4,58379
1303,46,2,29243
1303,76,4,16359
1304,468,3,28516
1304,267,1,70542
1304,309,1,6928
1304,316,4,110095
1304,245,1,32690
1305,117,1,64514
1305,421,2,16165
1305,356,1,13766
1305,482,5,202407
1306,234,5,21558
1306,431,1,23838
1306,107,5,22966
1306,364,5,11269
1307,405,2,50824
1307,54,3,253598
1308,424,1,71953
1309,13,1,62062
1310,374,5,197138
1310,317,1,6176
1310,260,1,198369
1310,473,4,35743
1311,38,5,23812
1312,228,1,59191
1312,7,2,256638
1313,234,1,21558
1313,326,3,4873
1313,205,3,15342
1313,294,3,24516
1313,413,4,160936
1314,131,5,24943
1314,51,2,63866
1314,17,5,39052
1315,26,3,17025
1315,152,3,18477
1315,299,1,244845
1316,400,2,38896
1316,69,2,341185
1317,319,2,13408
1317,227,5,34328
1317,422,4,84671
1318,312,3,3394
1318,97,2,29008
1319,41,5,13733
1319,383,2,7803
1319,33,2,40980
1319,348,4,203414
1319,462,2,84658
1320,471,3,162289
1320,80,3,27685
1320,183,5,25987
1320,235,3,12586
1320,307,1,25820
1321,69,3,341185
1322,22,1,140911
1322,312,1,3394
1323,375,3,304045
1323,342,4,49463
1323,47,5,97070
1323,474,2,19972
1323,53,5,174455
1324,344,1,209531
1325,131,1,24943
1325,266,1,3862
1326,138,3,107533
1327,481,5,50319
1327,243,4,37716
1327,362,4,163523
1328,298,3,33167
1328,258,3,46266
1328,247,4,3753
1329,72,2,13930
1329,217,1,46252
1329,2,2,1161
1329,451,4,107375
1329,325,4,17404
1330,357,4,89463
1330,235,5,12586
1330,370,2,241518
1330,160,4,31418
1331,276,1,31306
1331,192,1,57730
1331,40,5,366700
1332,62,2,191660
1333,208,4,109078
1333,26,4,17025
1333,44,3,38256
1334,494,1,339385
1334,161,2,57428
1334,29,1,217876
1334,497,2,25163
1335,337,3,22216
1335,116,3,139479
1335,324,5,246505
1336,169,5,178723
1336,369,2,12491
1336,454,4,31060
1336,36,5,39591
1336,15,3,53076
1337,136,5,52918
1337,156,1,43299
1337,164,4,105636
1338,15,2,53076
1338,30,3,18635
1338,88,1,34078
1338,151,1,159955
1339,27,2,156687
1339,381,4,3620
1339,205,3,15342
1340,306,3,21631
1340,199,1,183584
1341,366,5,6107
1341,41,2,13733
1342,344,4,209531
1342,345,4,205943
1343,309,5,6928
1344,442,1,33478
1344,356,2,13766
1344,278,5,213791
1344,92,2,49542
1345,82,4,137182
1345,16,4,12466
1345,131,3,24943
1345,460,2,3548
1345,469,4,25965
1346,27,2,156687
1347,214,1,135750
1347,21,2,4967
1347,69,4,341185
1347,13,2,62062
1348,323,3,1715
1348,201,2,31948
1348,409,4,353178
1348,263,1,181135
1348,391,3,118125
1349,446,5,28425
1349,338,2,21332
1349,492,1,21824
1349,152,5,18477
1350,424,2,71953
1350,332,3,90588
1351,89,1,28187
1351,267,2,70542
1351,344,4,209531
1352,336,1,9486
1352,41,4,13733
1353,457,5,43692
1353,9,1,14154
1353,455,2,21022
1353,299,2,244845
1353,344,2,209531
1354,182,3,100465
1355,348,2,203414
1356,222,1,59357
1356,393,1,66531
1357,452,4,10853
1357,317,2,6176
1357,273,1,21099
1357,179,3,147980
1357,369,5,12491
1358,265,4,228182
1358,78,5,46284
1358,103,1,49500
1359,283,1,18422
1360,249,4,26469
1360,379,2,84354
1361,186,4,94727
1361,118,5,45795
1361,172,3,113684
1362,180,4,95722
1363,6,2,46366
1363,9,2,14154
1363,231,5,33257
1363,484,3,38947
1363,129,3,5827
1364,47,2,97070
1365,330,3,13065
1365,186,3,94727
1366,310,5,6597
1366,427,2,11528
1366,105,2,2703
1367,252,1,30564
1367,483,5,19217
1367,93,1,223976
1367,132,3,50067
1367,343,5,30610
1368,179,1,147980
1369,187,5,209644
1369,413,5,160936
1370,5,2,43504
1370,442,3,33478
1371,62,4,191660
1371,123,3,279054
1371,34,2,88927
1372,151,1,159955
1373,464,1,50392
1373,335,3,325437
1373,446,3,28425
1373,74,4,66338
1373,179,4,147980
1374,136,2,52918
1375,351,4,30502
1375,63,3,16864
1375,306,1,21631
1376,199,2,183584
1376,243,5,37716
1376,483,5,19217
1377,279,1,26587
1377,115,4,46906
1377,58,2,18434
1377,374,1,197138
1378,248,2,63230
1379,60,3,91561
1379,450,4,18155
1379,12,2,19732
1379,9,4,14154
1379,362,2,163523
1380,330,4,13065
1380,47,5,97070
1380,207,4,38826
1381,462,2,84658
1381,316,1,110095
1382,12,1,19732
1383,142,3,3835
1383,125,4,3329
1383,431,1,23838
1383,404,4,80639
1384,232,2,46489
1384,335,3,325437
1384,59,5,16564
1384,249,1,26469
1385,469,2,25965
1386,348,3,203414
1386,30,5,18635
1386,193,1,21914
1386,16,5,12466
1386,107,3,22966
1387,62,4,191660
1387,422,2,84671
1387,214,4,135750
1387,138,1,107533
1387,302,4,174010
1388,199,5,183584
1388,6,3,46366
1388,150,5,9051
1388,446,3,28425
1389,102,5,104057
1389,22,4,140911
1389,443,3,15672
1390,247,3,3753
1390,442,1,33478
1391,466,3,56723
1391,124,1,72493
1391,57,3,38622
1391,20,1,40179
1392,461,5,4179
1392,148,4,36417
1392,187,5,209644
1392,390,2,77909
1393,356,5,13766
1393,335,4,325437
1393,109,3,28029
1394,283,5,18422
1394,147,1,17331
1394,102,2,104057
1395,422,2,84671
1395,113,1,272293
1395,397,3,9374
1395,398,4,122257
1395,483,4,19217
1396,303,5,66948
1396,408,2,169925
1397,156,2,43299
1398,71,2,322513
1399,63,3,16864
1399,303,2,66948
1399,263,1,181135
1399,472,5,36408
1399,474,5,19972
1400,4,4,16115
1400,341,4,72235
1400,21,5,4967
1400,53,4,174455
1400,24,3,151640
1401,394,3,26520
1401,108,3,14119
1401,230,4,5812
1401,66,1,94469
1401,142,1,3835
1402,321,2,117567
1402,28,4,262645
1402,263,5,181135
1402,23,5,17339
1403,120,5,40593
1403,51,4,63866
1403,16,5,12466
1404,324,4,246505
1404,411,4,54390
1404,193,3,21914
1404,171,2,24723
1405,414,2,278944
1405,493,1,89214
1406,8,4,45692
1407,342,5,49463
1407,289,2,50842
1408,220,5,30297
1408,388,3,281397
1408,462,1,84658
1408,392,3,96682
1408,340,3,19725
1409,445,1,44894
1409,118,3,45795
1409,491,3,329786
1409,331,1,215153
1410,493,4,89214
1410,177,1,19098
1410,417,1,13389
1410,180,5,95722
1411,426,2,97056
1411,155,4,11589
1412,226,1,46493
1412,398,4,122257
1412,237,5,19452
1412,266,1,3862
1412,411,3,54390
1413,217,4,46252
1413,367,3,385569
1413,441,5,39469
1413,264,5,127162
1414,279,4,26587
1414,43,5,46765
1414,115,2,46906
1415,198,2,303186
1415,83,4,117842
1415,251,3,136070
1415,239,4,104124
1415,122,4,58379
1416,59,2,16564
1417,499,3,6622
1417,290,1,195202
1418,221,2,166207
1418,389,3,50329
1418,398,5,122257
1418,381,3,3620
1418,93,1,223976
1419,105,1,2703
1420,167,2,349988
1420,137,1,188948
1420,283,4,18422
1421,49,4,135654
1421,188,5,29382
1422,203,2,12061
1422,420,4,337141
1422,415,3,21167
1422,30,5,18635
1422,162,1,214499
1423,378,1,5364
1423,332,2,90588
1423,44,5,38256
1423,290,2,195202
1423,428,3,101575
1424,205,2,15342
1424,218,1,23819
1424,141,3,26582
1424,490,1,21175
1425,339,2,46398
1425,19,1,46145
1425,140,5,297192
1425,469,3,25965
1425,176,2,282106
1426,95,2,39750
1426,309,2,6928
1426,170,3,22358
1426,270,2,279510
1427,309,5,6928
1427,448,4,12674
1428,381,2,3620
1428,373,1,16339
1428,345,4,205943
1429,161,5,57428
1429,244,3,81779
1429,481,4,50319
1429,455,2,21022
1429,165,1,236084
1430,435,4,2101
1430,14,1,44460
1430,130,2,103020
1430,144,1,3348
1430,498,2,232103
1431,202,2,30734
1431,220,4,30297
1431,32,4,27405
1431,6,1,46366
1431,275,1,144381
1432,252,1,30564
1432,308,2,132875
1432,345,5,205943
1433,206,3,161706
1433,499,3,6622
1433,292,1,38803
1433,481,1,50319
1434,442,5,33478
1434,359,5,153672
1434,337,4,22216
1435,64,5,16958
1435,204,5,21413
1436,374,4,197138
1436,400,1,38896
1436,30,5,18635
1436,213,5,12503
1437,332,1,90588
1437,389,1,50329
1437,172,1,113684
1437,75,1,14201
1438,96,2,218785
1438,57,5,38622
1438,131,4,24943
1438,58,4,18434
1439,230,1,5812
1440,394,5,26520
1440,87,3,40788
1440,356,4,13766
1441,9,1,14154
1441,424,2,71953
1441,244,3,81779
1441,386,5,27994
1441,265,5,228182
1442,300,3,19728
1442,241,5,8530
1442,413,3,160936
1443,196,2,9369
1443,6,4,46366
1443,343,2,30610
1444,234,2,21558
1444,180,5,95722
1444,159,1,13360
1445,9,3,14154
1445,39,4,100595
1446,147,4,17331
1447,12,1,19732
1448,79,1,284973
1448,189,5,37505
1448,361,3,15440
1449,72,4,13930
1449,132,3,50067
1449,7,4,256638
1450,163,1,2388
1451,452,4,10853
1451,331,5,215153
1452,400,1,38896
1452,202,2,30734
1453,500,5,26997
1453,56,2,47059
1454,189,3,37505
1454,225,4,376537
1455,147,3,17331
1455,457,2,43692
1456,423,4,114188
1456,13,5,62062
1457,74,1,66338
1458,127,5,72595
1458,417,3,13389
1459,357,4,89463
1459,104,3,14364
1459,453,1,96234
1459,474,3,19972
1459,162,5,214499
1460,125,3,3329
1460,430,3,246618
1461,337,2,22216
1461,298,4,33167
1461,83,2,117842
1461,166,3,12541
1461,360,4,41689
1462,335,4,325437
1462,278,2,213791
1462,460,5,3548
1462,69,3,341185
1463,243,3,37716
1463,196,3,9369
1463,129,5,5827
1464,215,2,24668
1464,455,4,21022
1465,209,4,75954
1465,109,5,28029
1465,434,1,20170
1465,141,4,26582
1465,39,1,100595
1466,116,4,139479
1467,461,1,4179
1467,366,3,6107
1467,336,1,9486
1467,476,2,6653
1467,326,1,4873
1468,391,4,118125
1468,171,1,24723
1468,202,2,30734
1469,387,1,72331
1469,318,1,49519
1470,339,3,46398
1470,256,1,19337
1470,58,5,18434
1470,474,3,19972
1471,93,4,223976
1471,309,4,6928
1471,294,4,24516
1471,41,3,13733
1472,10,5,23500
1472,378,2,5364
1472,216,3,126332
1472,352,5,165672
1473,308,1,132875
1474,133,5,5374
1474,296,4,26698
1474,286,1,6843
1475,23,4,17339
1476,210,4,233057
1476,249,4,26469
1476,19,3,46145
1476,287,4,38127
1477,154,3,87423
1478,105,2,2703
1478,374,3,197138
1479,30,4,18635
1479,192,3,57730
1480,204,1,21413
1481,250,3,57769
1481,322,2,69626
1481,416,5,29781
1481,428,2,101575
1481,494,5,339385
1482,148,2,36417
1482,290,5,195202
1482,104,1,14364
1482,479,3,124870
1483,102,3,104057
1483,222,4,59357
1483,100,3,42292
1483,487,2,46116
1483,477,2,222378
1484,275,4,144381
1484,373,1,16339
1484,481,5,50319
1484,194,4,278145
1485,361,3,15440
1485,393,4,66531
1485,110,3,89656
1486,335,3,325437
1486,62,3,191660
1486,228,5,59191
1486,140,2,297192
1486,366,4,6107
1487,278,1,213791
1488,19,1,46145
1489,300,5,19728
1489,314,4,291451
1489,11,3,28502
1489,40,5,366700
1489,438,3,23481
1490,96,2,218785
1490,449,5,245241
1490,315,5,254338
1490,113,4,272293
1491,484,2,38947
1491,111,4,54394
1491,2,1,1161
1491,431,4,23838
1492,148,5,36417
1492,282,2,79545
1492,298,4,33167
1492,77,5,29468
1493,253,1,33950
1493,380,3,76284
1493,484,4,38947
1494,202,3,30734
1494,113,3,272293
1494,347,2,17871
1494,172,5,113684
1494,87,5,40788
1495,439,2,76172
1495,56,3,47059
1495,81,1,16640
1495,112,4,20511
1496,296,2,26698
1496,96,5,218785
1496,117,3,64514
1496,488,2,5098
1497,269,5,216861
1497,92,1,49542
1497,159,2,13360
1498,173,3,65328
1498,175,3,80636
1498,452,5,10853
1498,431,1,23838
1499,112,3,20511
1500,280,4,31887
1501,347,1,17871
1501,194,4,278145
1501,84,1,301427
1501,187,5,209644
1502,320,4,353761
1503,105,3,2703
1503,272,5,126874
1504,416,2,29781
1504,346,4,13653
1505,165,5,236084
1505,405,1,50824
1505,175,1,80636
1505,171,3,24723
1506,440,5,45817
1506,45,2,177896
1507,326,3,4873
1507,18,4,106801
1507,431,1,23838
1508,147,5,17331
1508,107,2,22966
1509,226,1,46493
1509,15,5,53076
1509,84,4,301427
1510,313,3,28221
1511,129,5,5827
1512,36,4,39591
1512,196,4,9369
1512,105,5,2703
1512,5,5,43504
1513,6,2,46366
1514,457,3,43692
1514,396,2,108856
1515,368,3,11692
1516,129,5,5827
1516,306,4,21631
1516,85,3,11618
1517,469,3,25965
1518,20,5,40179
1518,374,1,197138
1519,321,1,117567
1519,405,1,50824
1520,101,2,18123
1521,495,5,21011
1521,398,4,122257
1521,189,4,37505
1522,222,5,59357
1522,331,3,215153
1522,307,4,25820
1522,154,2,87423
1522,314,1,291451
1523,215,5,24668
1523,453,1,96234
1523,51,5,63866
1523,380,5,76284
1523,270,5,279510
1524,238,1,13772
1525,109,2,28029
1525,258,1,46266
1526,483,5,19217
1527,183,4,25987
1528,64,1,16958
1528,319,3,13408
1528,148,2,36417
1529,184,1,94140
1529,305,3,133725
1529,103,5,49500
1529,13,5,62062
1529,356,3,13766
1530,51,1,63866
1530,419,5,78777
1530,111,3,54394
1530,12,4,19732
1530,1,1,30460
1531,476,5,6653
1531,163,2,2388
1532,284,3,216354
1532,273,2,21099
1532,494,1,339385
1532,209,4,75954
1532,270,5,279510
1533,363,2,17442
1533,341,2,72235
1533,443,1,15672
1533,188,5,29382
1533,281,4,39335
1534,306,3,21631
1534,362,5,163523
1534,356,2,13766
1534,470,4,89384
1534,67,1,27366
1535,496,1,15155
1536,114,1,165626
1536,194,5,278145
1536,45,4,177896
1536,386,2,27994
1537,146,1,25217
1537,89,1,28187
1537,119,3,126842
1537,348,4,203414
1537,322,3,69626
1538,88,2,34078
1538,275,1,144381
1538,191,4,67223
1538,15,2,53076
1538,213,3,12503
1539,217,2,46252
1540,199,2,183584
1540,397,1,9374
1540,78,3,46284
1541,169,4,178723
1541,199,4,183584
1541,248,2,63230
1541,204,5,21413
1542,226,3,46493
1543,51,3,63866
1543,326,2,4873
1543,124,1,72493
1543,123,4,279054
1543,423,1,114188
1544,173,4,65328
1544,403,3,204017
1544,479,5,124870
1544,332,5,90588
1544,75,4,14201
1545,231,5,33257
1546,76,1,16359
1546,12,4,19732
1546,222,3,59357
1547,296,3,26698
1547,322,3,69626
1547,441,5,39469
1547,108,1,14119
1547,86,1,38482
1548,259,4,204654
1549,10,2,23500
1549,46,2,29243
1549,425,2,55700
1550,212,3,5586
1551,137,1,188948
1552,19,1,46145
1553,283,1,18422
1553,426,4,97056
1553,280,5,31887
1554,162,1,214499
1554,324,3,246505
1554,410,4,25982
1555,65,4,30850
1555,269,1,216861
1555,147,1,17331
1555,457,4,43692
1555,355,1,32016
1556,60,5,91561
1556,116,4,139479
1556,18,5,106801
1557,253,4,33950
1557,37,1,95128
1557,383,4,7803
1557,422,5,84671
1558,262,3,113819
1558,360,5,41689
1558,101,5,18123
1558,15,4,53076
1559,292,1,38803
1559,264,2,127162
1559,270,2,279510
1559,297,2,152414
1560,448,4,12674
1560,464,2,50392
1560,384,4,12824
1560,215,1,24668
1561,51,2,63866
1561,217,1,46252
1561,82,1,137182
1562,417,3,13389
1563,366,2,6107
1563,113,1,272293
1564,318,4,49519
1564,128,4,18782
1565,195,3,45299
1565,293,4,60030
1565,454,4,31060
1565,398,3,122257
1565,175,3,80636
1566,150,1,9051
1566,90,3,46285
1566,45,3,177896
1566,107,3,22966
1566,143,3,32664
1567,390,2,77909
1567,321,3,117567
1567,424,5,71953
1567,498,1,232103
1568,231,2,33257
1569,126,2,26687
1569,352,4,165672
1569,70,3,97975
1569,259,1,204654
1570,153,1,45281
1571,440,4,45817
1571,324,1,246505
1572,317,3,6176
1572,357,4,89463
1573,372,1,135500
1573,413,4,160936
1573,210,4,233057
1573,117,2,64514
1573,416,2,29781
1574,132,2,50067
1575,201,5,31948
1575,32,3,27405
1575,325,5,17404
1575,96,4,218785
1576,177,4,19098
1576,63,2,16864
1576,349,4,175402
1576,393,5,66531
1576,476,2,6653
1577,279,2,26587
1577,49,2,135654
1577,177,1,19098
1577,115,3,46906
1577,204,4,21413
1578,312,1,3394
1578,18,3,106801
1578,341,1,72235
1579,8,4,45692
1579,357,4,89463
1580,86,2,38482
1580,125,1,3329
1581,269,5,216861
1581,459,1,390475
1581,478,3,30883
1581,458,1,71947
1581,347,2,17871
1582,126,1,26687
1582,136,2,52918
1582,474,1,19972
1583,393,5,66531
1583,27,2,156687
1583,37,5,95128
1583,190,5,35521
1583,495,2,21011
1584,155,5,11589
1584,186,4,94727
1584,243,1,37716
1584,207,1,38826
1584,488,2,5098
1585,79,2,284973
1585,26,3,17025
1585,194,5,278145
1585,274,4,29236
1585,411,4,54390
1586,153,2,45281
1586,34,2,88927
1587,496,4,15155
1587,248,3,63230
1588,148,1,36417
1589,405,4,50824
1589,221,4,166207
1589,226,2,46493
1589,162,5,214499
1590,130,5,103020
1591,192,2,57730
1591,155,1,11589
1592,493,5,89214
1592,380,1,76284
1592,348,1,203414
1593,76,4,16359
1593,80,1,27685
1593,4,2,16115
1593,207,2,38826
1593,9,1,14154
1594,386,3,27994
1595,426,4,97056
1595,8,3,45692
1595,130,5,103020
1596,243,4,37716
1596,74,2,66338
1596,188,2,29382
1597,214,2,135750
1598,455,1,21022
1598,228,2,59191
1598,74,3,66338
1599,383,3,7803
1599,201,5,31948
1600,244,2,81779
1600,27,2,156687
1600,215,1,24668
1600,334,5,178337
1600,298,2,33167
1601,428,5,101575
1602,45,2,177896
1602,200,2,17698
1603,279,1,26587
1604,498,2,232103
1604,49,5,135654
1604,244,3,81779
1604,20,4,40179
1604,13,1,62062
1605,496,2,15155
1605,175,1,80636
1605,237,2,19452
1605,12,4,19732
1606,155,5,11589
1606,280,2,31887
1607,35,1,10454
1607,129,4,5827
1608,198,2,303186
1608,187,5,209644
1608,476,3,6653
1608,342,5,49463
1609,159,1,13360
1609,63,5,16864
1609,303,5,66948
1610,474,3,19972
1611,467,1,64096
1611,170,2,22358
1612,238,3,13772
1612,126,2,26687
1612,142,2,3835
1612,18,4,106801
1612,450,5,18155
1613,296,4,26698
1613,39,4,100595
1613,57,4,38622
1613,45,2,177896
1613,167,4,349988
1614,154,2,87423
1615,424,2,71953
1615,111,1,54394
1615,67,4,27366
1615,269,4,216861
1615,100,1,42292
1616,315,4,254338
1616,384,4,12824
1616,429,2,25549
1616,184,5,94140
1617,373,3,16339
1617,264,1,127162
1617,117,5,64514
1617,382,1,96598
1618,52,3,94514
1618,384,5,12824
1618,249,4,26469
1619,155,5,11589
1620,134,2,27301
1621,308,2,132875
1621,250,1,57769
1622,417,2,13389
1622,69,5,341185
1622,181,5,135041
1622,430,3,246618
1623,366,4,6107
1623,76,1,16359
1623,368,5,11692
1623,134,1,27301
1624,199,2,183584
1624,417,1,13389
1625,78,1,46284
1625,17,3,39052
1625,329,5,23164
1626,300,1,19728
1626,245,2,32690
1626,130,2,103020
1626,486,3,12910
1626,353,3,64555
1627,265,5,228182
1628,165,2,236084
1629,350,3,30892
1630,107,1,22966
1630,296,1,26698
1631,429,4,25549
1631,369,3,12491
1631,427,1,11528
1632,42,1,269340
1632,113,4,272293
1632,362,1,163523
1632,59,1,16564
1632,315,4,254338
1633,2,2,1161
1633,479,2,124870
1633,141,5,26582
1633,254,4,37839
1633,234,4,21558
1634,33,3,40980
1634,309,3,6928
1634,104,5,14364
1634,75,4,14201
1635,401,4,14740
1635,349,5,175402
1636,341,4,72235
1636,446,5,28425
1636,422,2,84671
1636,481,3,50319
1636,134,4,27301
1637,371,1,6925
1638,468,1,28516
1638,27,1,156687
1638,174,4,14927
1638,262,4,113819
1639,8,4,45692
1639,377,2,84604
1640,26,1,17025
1640,256,5,19337
1641,117,5,64514
1642,355,5,32016
1642,382,3,96598
1642,141,1,26582
1642,152,4,18477
1643,331,5,215153
1644,256,1,19337
1645,48,2,4403
1645,249,2,26469
1646,494,3,339385
1646,87,1,40788
1647,250,4,57769
1647,297,3,152414
1647,364,5,11269
1647,65,4,30850
1648,126,3,26687
1648,282,4,79545
1648,389,2,50329
1648,425,3,55700
1649,448,5,12674
1650,260,1,198369
1650,194,4,278145
1650,137,1,188948
1651,338,4,21332
1651,268,3,245217
1651,419,5,78777
1652,216,3,126332
1652,323,2,1715
1652,286,3,6843
1652,181,4,135041
1652,103,1,49500
1653,468,4,28516
1653,496,1,15155
1653,174,3,14927
1653,350,5,30892
1654,290,1,195202
1655,165,2,236084
1655,123,3,279054
1655,383,4,7803
1655,244,2,81779
1656,7,1,256638
1656,231,2,33257
1656,337,3,22216
1656,340,5,19725
1656,286,1,6843
1657,410,1,25982
1657,165,5,236084
1657,259,1,204654
1657,276,4,31306
1658,318,4,49519
1658,50,1,31053
1658,111,2,54394
1658,326,1,4873
1659,121,4,295195
1659,487,3,46116
1659,397,2,9374
1659,98,4,33877
1660,77,2,29468
1660,466,2,56723
1660,451,2,107375
1660,94,2,58365
1661,363,2,17442
1662,295,2,4752
1662,478,4,30883
1663,443,5,15672
1663,372,1,135500
1663,272,1,126874
1663,132,1,50067
1663,14,3,44460
1664,206,3,161706
1664,436,5,201412
1664,154,2,87423
1664,204,2,21413
1665,207,1,38826
1665,98,5,33877
1666,259,5,204654
1667,341,2,72235
1667,188,4,29382
1667,23,3,17339
1667,131,3,24943
1668,7,3,256638
1668,465,3,18047
1669,37,1,95128
1670,369,3,12491
1670,413,4,160936
1670,202,1,30734
1670,17,4,39052
1671,340,3,19725
1671,282,2,79545
1671,487,1,46116
1671,457,1,43692
1672,369,4,12491
1672,228,5,59191
1672,374,4,197138
1672,337,5,22216
1673,136,1,52918
1673,259,4,204654
1673,254,5,37839
1673,42,1,269340
1673,116,5,139479
1674,337,1,22216
1674,204,2,21413
1674,37,5,95128
1675,64,2,16958
1675,470,5,89384
1675,485,4,23113
1676,463,5,93210
1676,329,4,23164
1676,471,2,162289
1676,237,3,19452
1677,240,4,11336
1677,78,1,46284
1678,93,5,223976
1678,211,5,236041
1679,45,4,177896
1679,17,4,39052
1679,241,2,8530
1680,376,1,62184
1680,182,2,100465
1680,492,5,21824
1681,188,5,29382
1682,26,4,17025
1682,57,4,38622
1682,46,1,29243
1683,497,5,25163
1683,493,3,89214
1684,381,4,3620
1684,126,2,26687
1684,14,2,44460
1684,373,4,16339
1685,215,1,24668
1686,221,5,166207
1686,245,2,32690
1686,138,4,107533
1686,196,3,9369
1687,131,4,24943
1687,324,1,246505
1688,124,2,72493
1689,458,4,71947
1689,263,5,181135
1689,402,4,30524
1690,310,4,6597
1690,312,1,3394
1690,174,1,14927
1690,10,5,23500
1690,419,4,78777
1691,108,3,14119
1691,193,4,21914
1691,154,4,87423
1691,178,1,42065
1691,4,3,16115
1692,338,5,21332
1692,9,1,14154
1692,165,1,236084
1692,272,5,126874
1693,143,5,32664
1693,120,5,40593
1694,44,5,38256
1694,56,1,47059
1694,341,3,72235
1695,328,3,322486
1695,303,4,66948
1695,78,5,46284
1696,132,3,50067
1697,24,3,151640
1697,29,5,217876
1697,342,2,49463
1697,1,2,30460
1698,134,1,27301
1699,143,2,32664
1699,82,1,137182
1700,343,3,30610
1700,292,4,38803
1700,347,5,17871
1700,146,5,25217
1701,88,3,34078
1701,100,4,42292
1702,340,5,19725
1702,213,1,12503
1702,30,4,18635
1702,175,3,80636
1702,329,4,23164
1703,322,5,69626
1703,492,5,21824
1703,61,2,83470
1703,477,4,222378
1703,321,2,117567
1704,455,5,21022
1704,90,3,46285
1704,396,1,108856
1705,291,3,198170
1705,59,1,16564
1705,111,3,54394
1705,133,1,5374
1706,249,2,26469
1707,237,2,19452
1707,227,3,34328
1707,68,1,25262
1707,392,1,96682
1707,324,1,246505
1708,436,2,201412
1708,294,2,24516
1708,233,2,70397
1709,435,4,2101
1710,128,3,18782
1711,94,5,58365
1711,370,4,241518
1711,343,3,30610
1711,470,4,89384
1712,62,2,191660
1712,336,5,9486
1712,453,3,96234
1713,311,5,26373
1713,61,4,83470
1714,417,5,13389
1714,347,1,17871
1714,248,3,63230
1714,72,5,13930
1714,255,5,5246
1715,318,3,49519
1715,111,4,54394
1715,305,1,133725
1716,289,5,50842
1716,118,5,45795
1717,421,1,16165
1717,443,3,15672
1717,12,5,19732
1717,446,1,28425
1717,60,3,91561
1718,365,3,1681
1718,203,1,12061
1719,335,5,325437
1719,202,2,30734
1719,359,5,153672
1719,229,5,8418
1719,62,1,191660
1720,77,2,29468
1720,276,3,31306
1720,457,4,43692
1720,103,1,49500
1720,112,1,20511
1721,71,1,322513
1721,163,5,2388
1721,460,3,3548
1722,128,4,18782
1722,33,3,40980
1722,294,3,24516
1722,383,5,7803
1723,104,4,14364
1723,449,1,245241
1723,310,5,6597
1723,173,4,65328
1724,137,3,188948
1724,210,1,233057
1725,405,3,50824
1725,83,3,117842
1725,146,2,25217
1726,253,3,33950
1726,359,4,153672
1726,31,1,4757
1727,244,5,81779
1727,177,1,19098
1727,16,1,12466
1727,348,1,203414
1727,293,3,60030
1728,472,2,36408
1728,290,3,195202
1728,227,2,34328
1729,451,2,107375
1730,273,5,21099
1731,352,2,165672
1731,376,5,62184
1731,268,1,245217
1731,203,2,12061
1732,274,5,29236
1732,412,1,63565
1732,78,5,46284
1732,20,4,40179
1733,197,4,56261
1733,232,1,46489
1734,461,2,4179
1734,7,5,256638
1734,169,5,178723
1735,235,5,12586
1735,322,1,69626
1735,329,2,23164
1735,484,3,38947
1736,371,3,6925
1736,100,3,42292
1736,172,3,113684
1736,362,4,163523
1737,289,4,50842
1737,378,3,5364
1737,158,5,186789
1738,406,1,45566
1738,9,5,14154
1738,26,3,17025
1738,365,4,1681
1739,197,3,56261
1739,243,5,37716
1739,241,1,8530
1739,301,1,163056
1739,51,4,63866
1740,46,3,29243
1740,428,4,101575
1740,285,2,25867
1740,447,5,17438
1740,410,2,25982
1741,280,5,31887
1741,425,5,55700
1741,246,3,55705
1741,305,5,133725
1741,405,2,50824
1742,308,5,132875
1742,408,2,169925
1743,262,2,113819
1743,42,3,269340
1743,443,3,15672
1743,425,5,55700
1744,57,5,38622
1744,316,3,110095
1744,450,4,18155
1744,240,3,11336
1745,248,4,63230
1745,245,4,32690
1746,25,5,21895
1746,371,5,6925
1746,385,5,130577
1746,432,2,10521
1746,30,3,18635
1747,219,2,199512
1747,209,5,75954
1747,466,3,56723
1747,99,4,318029
1748,368,3,11692
1748,245,2,32690
1748,36,4,39591
1748,157,3,73175
1749,289,2,50842
1749,270,5,279510
1749,247,4,3753
1750,364,4,11269
1750,273,1,21099
1750,283,5,18422
1750,381,3,3620
1750,279,1,26587
1751,342,4,49463
1752,22,3,140911
1752,108,4,14119
1752,105,1,2703
1753,64,2,16958
1753,38,1,23812
1753,5,3,43504
1754,146,4,25217
1755,153,5,45281
1756,400,4,38896
1757,218,3,23819
1758,473,2,35743
1758,45,1,177896
1759,421,4,16165
1759,320,2,353761
1759,100,4,42292
1759,157,3,73175
1759,82,2,137182
1760,480,4,56026
1760,275,3,144381
1760,47,2,97070
1760,263,3,181135
1760,398,2,122257
1761,288,4,37239
1761,318,4,49519
1761,66,3,94469
1761,471,2,162289
1761,246,2,55705
1762,234,1,21558
1762,141,5,26582
1762,66,5,94469
1763,193,5,21914
1763,59,2,16564
1763,136,3,52918
1763,486,2,12910
1763,39,5,100595
1764,253,5,33950
1764,417,3,13389
1764,451,3,107375
1764,421,2,16165
1764,156,2,43299
1765,173,1,65328
1765,27,5,156687
1765,128,4,18782
1765,461,2,4179
1765,436,4,201412
1766,405,4,50824
1766,441,3,39469
1766,315,2,254338
1766,346,4,13653
1767,427,5,11528
1767,416,4,29781
1767,331,4,215153
1768,12,3,19732
1768,57,2,38622
1768,413,5,160936
1769,273,5,21099
1769,352,5,165672
1769,248,1,63230
1769,288,4,37239
1770,124,4,72493
1770,499,4,6622
1770,283,5,18422
1770,478,4,30883
1771,44,3,38256
1771,170,2,22358
1771,465,1,18047
1771,249,1,26469
1772,290,3,195202
1773,430,5,246618
1773,493,3,89214
1773,428,5,101575
1773,65,4,30850
1773,351,3,30502
1774,114,1,165626
1774,112,1,20511
1774,223,4,50138
1775,434,1,20170
1775,336,1,9486
1776,115,3,46906
1776,366,3,6107
1776,161,3,57428
1776,289,3,50842
1776,232,5,46489
1777,196,5,9369
1777,442,3,33478
1778,281,1,39335
1778,122,5,58379
1779,187,1,209644
1779,412,4,63565
1779,206,4,161706
1779,387,4,72331
1779,393,5,66531
1780,215,1,24668
1780,453,2,96234
1780,281,2,39335
1781,369,4,12491
1781,29,4,217876
1781,206,3,161706
1782,70,2,97975
1782,471,5,162289
1782,285,4,25867
1782,182,1,100465
1782,410,4,25982
1783,362,4,163523
1783,200,4,17698
1783,471,5,162289
1783,79,4,284973
1783,413,1,160936
1784,90,1,46285
1785,342,4,49463
1785,33,3,40980
1785,123,2,279054
1786,344,5,209531
1787,187,2,209644
1787,248,1,63230
1787,267,5,70542
1787,500,4,26997
1787,49,2,135654
1788,84,4,301427
1788,327,5,46032
1789,11,1,28502
1789,356,4,13766
1789,369,3,12491
1789,480,5,56026
1789,285,4,25867
1790,422,2,84671
1790,363,1,17442
1790,276,2,31306
1791,468,5,28516
1791,131,3,24943
1791,179,5,147980
1791,487,5,46116
1791,326,3,4873
1792,283,1,18422
1792,184,4,94140
1793,345,4,205943
1793,469,5,25965
1793,7,1,256638
1794,477,4,222378
1794,408,1,169925
1795,302,5,174010
1796,446,1,28425
1797,328,3,322486
1797,16,5,12466
1797,466,5,56723
1798,171,3,24723
1798,87,5,40788
1798,231,1,33257
1798,291,5,198170
1799,66,3,94469
1799,17,1,39052
1799,90,2,46285
1799,290,5,195202
1800,169,5,178723
1800,478,3,30883
1800,314,3,291451
1800,18,2,106801
1801,316,1,110095
1801,47,5,97070
1801,264,5,127162
1801,240,3,11336
1801,281,2,39335
1802,349,3,175402
1802,204,4,21413
1802,189,3,37505
1802,35,5,10454
1802,83,4,117842
1803,13,3,62062
1803,148,2,36417
1803,343,5,30610
1804,347,5,17871
1804,170,1,22358
1805,77,5,29468
1805,445,5,44894
1806,456,2,53827
1806,70,5,97975
1807,190,2,35521
1808,412,5,63565
1808,311,4,26373
1808,35,4,10454
1809,246,2,55705
1809,54,1,253598
1809,26,4,17025
1810,201,3,31948
1810,185,5,21284
1810,76,2,16359
1811,257,1,48066
1812,63,4,16864
1812,314,4,291451
1813,459,2,390475
1814,232,4,46489
1814,92,5,49542
1814,95,4,39750
1815,191,2,67223
1815,236,2,17489
1815,431,3,23838
1815,323,3,1715
1816,487,5,46116
1816,137,3,188948
1816,47,3,97070
1816,267,4,70542
1816,18,1,106801
1817,220,2,30297
1817,342,1,49463
1818,41,4,13733
1818,397,5,9374
1818,133,5,5374
1819,155,1,11589
1820,452,4,10853
1820,197,5,56261
1821,18,2,106801
1822,456,2,53827
1822,202,4,30734
1822,178,1,42065
1823,408,1,169925
1823,389,5,50329
1823,82,1,137182
1823,450,2,18155
1823,113,4,272293
1824,144,1,3348
1824,421,1,16165
1824,58,4,18434
1825,415,3,21167
1825,99,4,318029
1826,288,5,37239
1827,402,1,30524
1827,261,2,110716
1827,498,4,232103
1828,26,3,17025
1828,417,1,13389
1828,161,2,57428
1829,313,4,28221
1829,70,3,97975
1829,372,5,135500
1829,248,3,63230
1829,62,2,191660
1830,448,1,12674
1830,287,4,38127
1830,11,2,28502
1830,128,2,18782
1830,58,2,18434
1831,421,4,16165
1831,152,1,18477
1831,143,1,32664
1831,254,1,37839
1831,420,4,337141
1832,143,5,32664
1832,31,2,4757
1832,402,2,30524
1832,46,2,29243
1832,253,3,33950
1833,170,3,22358
1834,149,3,9848
1835,397,1,9374
1835,468,4,28516
1836,98,1,33877
1836,94,1,58365
1837,236,5,17489
1837,418,4,74261
1837,153,5,45281
1837,495,5,21011
1837,479,2,124870
1838,52,2,94514
1838,483,2,19217
1838,366,2,6107
1839,420,4,337141
1839,138,4,107533
1839,411,1,54390
1839,194,1,278145
1839,345,4,205943
1840,492,4,21824
1840,193,4,21914
1840,393,4,66531
1840,352,4,165672
1841,47,2,97070
1841,270,4,279510
1841,455,5,21022
1841,78,2,46284
1841,150,4,9051
1842,391,4,118125
1842,315,2,254338
1842,345,1,205943
1842,108,5,14119
1843,186,2,94727
1843,76,2,16359
1843,374,2,197138
1843,101,3,18123
1843,244,1,81779
1844,311,1,26373
1844,445,5,44894
1844,163,5,2388
1845,190,4,35521
1845,210,4,233057
1845,122,2,58379
1845,177,4,19098
1846,303,3,66948
1846,371,3,6925
1846,205,1,15342
1846,411,1,54390
1846,72,3,13930
1847,397,5,9374
1847,451,2,107375
1848,279,4,26587
1848,10,5,23500
1848,446,3,28425
1849,465,2,18047
1849,22,3,140911
1849,244,3,81779
1849,286,5,6843
1849,366,3,6107
1850,478,2,30883
1850,306,2,21631
1850,226,4,46493
1850,128,4,18782
1851,296,1,26698
1851,251,5,136070
1851,429,3,25549
1852,474,3,19972
1853,96,2,218785
1853,193,5,21914
1854,435,3,2101
1854,280,3,31887
1854,392,1,96682
1854,327,5,46032
1855,149,5,9848
1855,96,5,218785
1855,97,2,29008
1855,484,2,38947
1855,169,2,178723
1856,237,2,19452
1856,19,3,46145
1856,66,2,94469
1856,420,5,337141
1857,456,4,53827
1857,308,1,132875
1857,233,5,70397
1858,45,5,177896
1858,41,4,13733
1858,376,2,62184
1858,417,3,13389
1858,169,1,178723
1859,203,5,12061
1859,300,5,19728
1859,324,2,246505
1859,387,2,72331
1860,254,2,37839
1860,272,3,126874
1860,245,1,32690
1861,435,3,2101
1861,357,2,89463
1862,148,3,36417
1862,423,4,114188
1862,329,5,23164
1862,438,2,23481
1862,428,4,101575
1863,292,2,38803
1863,242,1,31952
1863,355,3,32016
1863,367,3,385569
1863,494,4,339385
1864,257,2,48066
1865,298,4,33167
1865,419,2,78777
1865,384,3,12824
1865,127,5,72595
1866,263,3,181135
1866,7,4,256638
1866,43,1,46765
1866,470,3,89384
1866,68,3,25262
1867,399,5,70186
1867,199,5,183584
1867,43,2,46765
1868,188,1,29382
1869,53,5,174455
1870,474,5,19972
1870,241,5,8530
1871,149,2,9848
1871,148,5,36417
1871,243,3,37716
1872,480,5,56026
1872,351,1,30502
1872,303,1,66948
1873,286,1,6843
1873,394,3,26520
1873,361,1,15440
1874,486,3,12910
1875,483,1,19217
1876,312,5,3394
1876,443,2,15672
1876,42,1,269340
1876,122,3,58379
1876,462,4,84658
1877,260,3,198369
1877,384,2,12824
1877,119,4,126842
1877,377,3,84604
1878,163,1,2388
1878,427,1,11528
1879,443,3,15672
1880,341,1,72235
1880,376,3,62184
1880,444,3,36153
1880,432,5,10521
1880,417,1,13389
1881,239,5,104124
1882,485,1,23113
1882,212,4,5586
1882,140,3,297192
1882,484,4,38947
1882,261,5,110716
1883,313,1,28221
1883,152,2,18477
1884,262,1,113819
1885,224,4,178542
1885,196,4,9369
1885,330,1,13065
1886,221,1,166207
1886,383,4,7803
1886,104,1,14364
1886,102,1,104057
1886,358,3,161738
1887,268,2,245217
1887,230,4,5812
1887,108,5,14119
1887,253,1,33950
1887,363,5,17442
1888,413,2,160936
1888,496,4,15155
1888,304,3,52325
1888,105,2,2703
1889,178,4,42065
1889,425,1,55700
1889,478,4,30883
1889,147,4,17331
1889,329,2,23164
1890,148,2,36417
1890,120,1,40593
1891,265,5,228182
1891,332,1,90588
1891,439,1,76172
1891,420,2,337141
1891,187,5,209644
1892,222,5,59357
1892,61,3,83470
1892,429,3,25549
1893,341,4,72235
1893,26,4,17025
1893,71,1,322513
1894,277,4,97231
1894,45,3,177896
1895,10,5,23500
1895,6,5,46366
1895,153,4,45281
1895,75,5,14201
1895,233,2,70397
1896,490,4,21175
1896,437,2,32226
1896,165,3,236084
1896,123,5,279054
1897,356,1,13766
1898,431,2,23838
1898,108,3,14119
1898,223,3,50138
1899,180,1,95722
1899,175,4,80636
1899,216,2,126332
1900,358,3,161738
1900,374,4,197138
1901,442,1,33478
1901,383,4,7803
1901,16,3,12466
1901,334,3,178337
1902,366,2,6107
1902,270,5,279510
1902,336,4,9486
1902,15,4,53076
1902,213,4,12503
1903,69,3,341185
1903,214,5,135750
1903,16,3,12466
1903,115,4,46906
1904,17,5,39052
1904,156,2,43299
1905,113,4,272293
1905,420,3,337141
1905,302,4,174010
1905,85,3,11618
1906,157,2,73175
1907,118,5,45795
1907,80,4,27685
1907,330,5,13065
1907,301,4,163056
1907,459,4,390475
1908,472,2,36408
1908,327,5,46032
1909,375,2,304045
1909,416,1,29781
1909,178,2,42065
1909,374,2,197138
1909,36,2,39591
1910,423,3,114188
1911,178,1,42065
1912,166,1,12541
1913,480,2,56026
1913,146,2,25217
1913,240,1,11336
1914,387,5,72331
1914,152,4,18477
1915,188,5,29382
1915,37,5,95128
1915,418,1,74261
1916,421,4,16165
1917,175,5,80636
1918,114,1,165626
1918,496,5,15155
1918,468,1,28516
1918,439,4,76172
1918,313,3,28221
1919,259,5,204654
1919,9,5,14154
1919,153,5,45281
1920,213,3,12503
1920,41,5,13733
1920,261,2,110716
1920,177,2,19098
1921,152,5,18477
1921,160,2,31418
1921,207,5,38826
1921,355,3,32016
1922,296,4,26698
1922,118,5,45795
1922,178,3,42065
1922,29,1,217876
1922,496,1,15155
1923,248,2,63230
1923,216,5,126332
1923,92,3,49542
1923,405,4,50824
1924,128,4,18782
1924,481,4,50319
1925,466,4,56723
1925,177,2,19098
1925,327,2,46032
1925,387,3,72331
1925,381,4,3620
1926,417,5,13389
1926,325,3,17404
1927,281,4,39335
1927,485,5,23113
1927,31,3,4757
1928,250,3,57769
1928,105,3,2703
1928,148,5,36417
1928,67,5,27366
1929,490,4,21175
1929,100,5,42292
1930,208,5,109078
1930,398,5,122257
1930,147,2,17331
1930,3,5,16395
1930,315,5,254338
1931,426,5,97056
1931,259,3,204654
1931,349,3,175402
1931,312,4,3394
1931,102,3,104057
1932,401,4,14740
1932,292,3,38803
1932,413,4,160936
1933,248,5,63230
1934,346,2,13653
1934,453,5,96234
1935,406,1,45566
1935,455,1,21022
1936,461,1,4179
1936,340,4,19725
1937,347,4,17871
1938,3,4,16395
1938,201,2,31948
1938,441,1,39469
1939,342,1,49463
1939,57,5,38622
1939,278,3,213791
1939,275,5,144381
1940,414,2,278944
1940,91,1,6014
1940,346,5,13653
1940,413,1,160936
1941,209,4,75954
1942,47,3,97070
1942,272,3,126874
1943,215,2,24668
1943,299,5,244845
1943,280,3,31887
1943,410,2,25982
1944,401,4,14740
1945,238,1,13772
1945,84,1,301427
1945,452,5,10853
1946,430,1,246618
1946,155,2,11589
1946,366,2,6107
1946,432,5,10521
1946,58,4,18434
1947,210,3,233057
1947,309,1,6928
1948,388,1,281397
1948,258,1,46266
1948,145,2,213841
1948,488,3,5098
1948,218,3,23819
1949,13,4,62062
1949,282,5,79545
1949,473,4,35743
1949,202,2,30734
1949,42,3,269340
1950,464,4,50392
1950,216,1,126332
1950,2,1,1161
1950,387,3,72331
1951,92,4,49542
1951,101,2,18123
1951,419,5,78777
1951,87,5,40788
1951,183,4,25987
1952,200,3,17698
1952,32,4,27405
1952,188,2,29382
1953,154,4,87423
1954,466,5,56723
1954,454,4,31060
1954,450,4,18155
1954,458,4,71947
1954,165,4,236084
1955,59,1,16564
1955,435,5,2101
1956,45,1,177896
1956,198,1,303186
1957,328,4,322486
1957,454,2,31060
1957,169,1,178723
1957,490,1,21175
1957,168,3,50130
1958,417,5,13389
1958,204,4,21413
1958,462,3,84658
1958,46,1,29243
1959,359,2,153672
1959,111,2,54394
1959,471,5,162289
1960,27,2,156687
1960,295,5,4752
1960,413,1,160936
1961,493,5,89214
1962,89,2,28187
1962,282,5,79545
1963,219,2,199512
1963,118,4,45795
1963,119,5,126842
1963,209,4,75954
1964,490,2,21175
1964,66,2,94469
1964,236,2,17489
1964,95,3,39750
1965,112,2,20511
1966,365,4,1681
1966,258,3,46266
1966,347,4,17871
1966,88,5,34078
1967,437,2,32226
1967,389,2,50329
1967,26,4,17025
1968,461,1,4179
1968,416,4,29781
1968,182,5,100465
1969,47,3,97070
1969,227,2,34328
1970,76,4,16359
1970,383,2,7803
1970,172,1,113684
1970,221,1,166207
1970,192,4,57730
1971,473,4,35743
1971,294,1,24516
1971,283,3,18422
1972,407,3,90865
1972,354,4,49452
1972,341,3,72235
1973,440,3,45817
1974,461,3,4179
1974,121,1,295195
1974,198,1,303186
1975,309,2,6928
1975,342,3,49463
1976,390,3,77909
1976,370,1,241518
1976,16,4,12466
1977,497,1,25163
1977,337,5,22216
1978,355,1,32016
1978,267,4,70542
1978,324,1,246505
1978,418,1,74261
1978,185,1,21284
1979,373,3,16339
1980,334,2,178337
1981,463,5,93210
1981,440,3,45817
1982,448,2,12674
1982,154,1,87423
1982,97,5,29008
1983,377,5,84604
1983,221,2,166207
1983,293,1,60030
1983,37,5,95128
1984,443,5,15672
1985,229,3,8418
1985,205,4,15342
1986,10,5,23500
1986,456,2,53827
1987,98,2,33877
1987,393,3,66531
1987,350,5,30892
1987,478,3,30883
1988,361,2,15440
1988,120,5,40593
1988,108,4,14119
1989,320,3,353761
1990,89,5,28187
1990,309,3,6928
1990,258,5,46266
1990,332,1,90588
1991,376,3,62184
1991,104,5,14364
1991,185,3,21284
1992,278,3,213791
1992,211,3,236041
1992,442,1,33478
1992,23,3,17339
1992,265,4,228182
1993,114,5,165626
1994,155,3,11589
1994,78,3,46284
1994,312,5,3394
1994,201,3,31948
1994,45,4,177896
1995,395,5,12207
1995,312,5,3394
1995,474,1,19972
1995,35,5,10454
1996,370,5,241518
1996,89,3,28187
1996,185,1,21284
1996,206,1,161706
1996,106,2,322592
1997,417,3,13389
1997,75,1,14201
1997,105,4,2703
1998,212,1,5586
1998,17,2,39052
1998,120,3,40593
1998,343,4,30610
1999,125,4,3329
1999,10,3,23500
1999,283,3,18422
1999,425,4,55700
1999,240,3,11336
2000,442,3,33478
2000,449,2,245241
2001,73,3,190146
2001,103,3,49500
2001,46,2,29243
2001,281,4,39335
2002,366,4,6107
2002,116,3,139479
2002,407,2,90865
2002,464,2,50392
2002,257,2,48066
2003,400,3,38896
2003,131,3,24943
2003,279,4,26587
2003,339,4,46398
2003,328,4,322486
2004,79,4,284973
2005,270,1,279510
2005,377,4,84604
2005,312,4,3394
2005,100,5,42292
2006,158,1,186789
2006,99,3,318029
2007,364,5,11269
2008,380,1,76284
2008,332,4,90588
2008,395,3,12207
2008,438,5,23481
2008,304,1,52325
2009,80,5,27685
2010,11,3,28502
2010,76,4,16359
2010,405,2,50824
2010,371,3,6925
2011,429,4,25549
2011,17,1,39052
2011,246,2,55705
2012,405,1,50824
2012,123,2,279054
2013,335,4,325437
2013,6,1,46366
2013,318,1,49519
2013,143,3,32664
2014,257,2,48066
2015,448,5,12674
2015,397,4,9374
2015,290,5,195202
2015,392,1,96682
2016,217,1,46252
2016,384,5,12824
2016,307,3,25820
2017,348,1,203414
2018,365,3,1681
2018,345,4,205943
2018,106,3,322592
2018,68,5,25262
2018,204,2,21413
2019,32,2,27405
2019,440,2,45817
2019,410,1,25982
2020,476,5,6653
2020,189,2,37505
2020,479,4,124870
2020,48,3,4403
2021,475,2,364569
2022,215,5,24668
2022,351,1,30502
2023,268,5,245217
2024,245,5,32690
2024,332,1,90588
2024,108,2,14119
2025,307,5,25820
2025,32,2,27405
2025,89,3,28187
2026,402,2,30524
2027,213,1,12503
2027,13,1,62062
2027,423,5,114188
2027,494,4,339385
2028,30,3,18635
2028,478,1,30883
2028,351,5,30502
2028,344,3,209531
2028,26,5,17025
2029,349,2,175402
2030,312,4,3394
2030,181,3,135041
2030,292,3,38803
2030,4,2,16115
2030,199,4,183584
2031,146,2,25217
2031,195,4,45299
2032,179,4,147980
2033,130,1,103020
2033,290,1,195202
2033,301,4,163056
2033,353,3,64555
2034,412,3,63565
2034,472,5,36408
2035,413,2,160936
2035,310,5,6597
2035,215,2,24668
2035,154,2,87423
2035,177,1,19098
2036,476,2,6653
2037,347,3,17871
2037,370,2,241518
2037,486,2,12910
2037,88,4,34078
2037,66,2,94469
2038,116,1,139479
2039,223,5,50138
2039,94,1,58365
2039,488,5,5098
2040,106,2,322592
2040,47,4,97070
2041,350,4,30892
2041,105,5,2703
2041,454,3,31060
2041,83,3,117842
2042,443,4,15672
2042,250,2,57769
2043,64,1,16958
2043,238,5,13772
2043,22,4,140911
2043,198,5,303186
2043,20,3,40179
2044,257,4,48066
2044,302,2,174010
2044,244,3,81779
2044,160,1,31418
2044,300,1,19728
2045,482,3,202407
2045,138,3,107533
2046,345,4,205943
2046,317,4,6176
2046,297,3,152414
2046,244,3,81779
2046,406,4,45566
2047,355,4,32016
2047,294,1,24516
2047,122,3,58379
2047,279,2,26587
2048,257,3,48066
2048,46,2,29243
2048,448,5,12674
2048,51,3,63866
2049,487,1,46116
2049,108,2,14119
2049,411,2,54390
2049,277,2,97231
2049,470,4,89384
2050,23,4,17339
2051,360,3,41689
2051,429,1,25549
2052,182,3,100465
2052,414,4,278944
2052,35,5,10454
2052,250,2,57769
2052,208,1,109078
2053,389,1,50329
2054,49,2,135654
2054,312,1,3394
2054,71,4,322513
2055,368,3,11692
2055,296,3,26698
2055,322,2,69626
2055,103,1,49500
2055,449,3,245241
2056,442,5,33478
2056,83,3,117842
2057,78,4,46284
2057,91,3,6014
2057,158,2,186789
2058,205,3,15342
2058,36,4,39591
2058,417,5,13389
2058,249,1,26469
2059,311,5,26373
2059,302,3,174010
2059,109,5,28029
2060,155,1,11589
2060,140,4,297192
2060,452,1,10853
2061,188,3,29382
2061,237,1,19452
2062,218,4,23819
2062,45,1,177896
2062,361,4,15440
2063,254,5,37839
2063,391,3,118125
2063,362,2,163523
2063,309,4,6928
2063,259,2,204654
2064,457,4,43692
2064,414,5,278944
2064,85,1,11618
2064,339,1,46398
2065,161,1,57428
2066,176,1,282106
2066,48,1,4403
2066,280,2,31887
2066,310,5,6597
2067,331,5,215153
2067,486,5,12910
2067,394,5,26520
2067,192,4,57730
2067,257,3,48066
2068,287,2,38127
2068,127,5,72595
2068,460,2,3548
2069,161,3,57428
2069,18,2,106801
2070,135,5,68026
2071,383,4,7803
2071,402,1,30524
2072,251,1,136070
2072,337,1,22216
2072,62,4,191660
2073,117,1,64514
2074,360,1,41689
2074,197,5,56261
2074,301,3,163056
2074,141,1,26582
2075,246,2,55705
2076,87,4,40788
2076,138,1,107533
2076,487,4,46116
2076,259,2,204654
2076,313,2,28221
2077,3,3,16395
2077,368,1,11692
2077,418,2,74261
2077,200,1,17698
2078,73,5,190146
2078,462,2,84658
2079,481,2,50319
2079,352,1,165672
2080,404,2,80639
2081,341,3,72235
2081,29,1,217876
2081,97,4,29008
2082,386,1,27994
2082,432,2,10521
2082,390,2,77909
2082,8,4,45692
2082,31,2,4757
2083,205,1,15342
2083,412,4,63565
2083,351,4,30502
2084,300,4,19728
2085,144,2,3348
2086,310,2,6597
2086,251,5,136070
2086,433,4,104248
2087,188,2,29382
2087,326,2,4873
2087,8,5,45692
2087,365,2,1681
2087,38,2,23812
2088,135,1,68026
2088,417,4,13389
2088,286,1,6843
2089,406,4,45566
2089,124,1,72493
2089,101,4,18123
2089,155,1,11589
2089,152,1,18477
2090,326,4,4873
2090,376,1,62184
2090,442,2,33478
2091,225,2,376537
2091,62,1,191660
2092,445,1,44894
2092,186,4,94727
2092,96,4,218785
2092,138,3,107533
2093,130,3,103020
2093,54,3,253598
2093,318,4,49519
2093,301,1,163056
2093,347,4,17871
2094,62,5,191660
2094,346,3,13653
2094,32,1,27405
2094,404,4,80639
2094,497,4,25163
2095,361,2,15440
2096,424,3,71953
2096,454,2,31060
2096,178,3,42065
2097,283,4,18422
2097,121,4,295195
2097,471,3,162289
2097,431,5,23838
2098,440,4,45817
2098,499,5,6622
2098,176,2,282106
2098,430,3,246618
2098,119,4,126842
2099,97,1,29008
2100,172,2,113684
2100,137,1,188948
2101,409,5,353178
2102,128,4,18782
2102,132,2,50067
2102,235,2,12586
2103,142,4,3835
2104,461,2,4179
2104,42,3,269340
2105,445,2,44894
2105,272,3,126874
2106,113,1,272293
2106,268,4,245217
2107,197,4,56261
2107,296,3,26698
2107,277,4,97231
2107,203,1,12061
2108,294,4,24516
2108,200,4,17698
2108,205,4,15342
2109,340,5,19725
2110,436,1,201412
2110,216,5,126332
2110,93,4,223976
2110,106,3,322592
2111,302,2,174010
2111,266,5,3862
2111,406,5,45566
2111,320,2,353761
2111,455,1,21022
2112,138,5,107533
2112,74,5,66338
2112,262,2,113819
2113,417,3,13389
2113,103,4,49500
2113,9,3,14154
2113,55,2,195035
2113,58,3,18434
2114,145,4,213841
2114,19,2,46145
2114,155,5,11589
2114,58,1,18434
2114,471,4,162289
2115,40,1,366700
2115,199,4,183584
2116,54,5,253598
2116,130,2,103020
2116,145,5,213841
2116,333,5,33838
2116,330,4,13065
2117,496,4,15155
2117,91,3,6014
2117,64,2,16958
2118,146,3,25217
2118,403,4,204017
2118,104,3,14364
2118,195,3,45299
2119,447,1,17438
2120,329,3,23164
2120,218,3,23819
2120,345,2,205943
2120,62,4,191660
2121,478,4,30883
2121,193,1,21914
2121,211,2,236041
2121,219,4,199512
2122,490,3,21175
2122,491,5,329786
2123,456,3,53827
2123,80,1,27685
2123,243,5,37716
2123,47,5,97070
2124,20,5,40179
2124,13,2,62062
2124,48,1,4403
2125,406,2,45566
2125,202,4,30734
2125,326,3,4873
2125,31,4,4757
2126,132,5,50067
2127,441,1,39469
2128,448,1,12674
2129,468,1,28516
2129,121,1,295195
2130,269,5,216861
2131,369,1,12491
2132,3,1,16395
2132,297,5,152414
2132,2,1,1161
2132,290,5,195202
2132,426,5,97056
2133,71,2,322513
2134,458,1,71947
2135,9,3,14154
2135,419,4,78777
2136,170,2,22358
2136,227,4,34328
2136,395,4,12207
2136,433,4,104248
2137,230,3,5812
2137,414,3,278944
2137,464,1,50392
2137,238,5,13772
2138,100,2,42292
2138,50,5,31053
2138,203,3,12061
2139,217,3,46252
2139,52,3,94514
2139,250,3,57769
2139,418,1,74261
2139,168,3,50130
2140,321,4,117567
2140,145,5,213841
2140,116,5,139479
2141,120,1,40593
2141,266,1,3862
2141,138,1,107533
2141,365,1,1681
2141,219,3,199512
2142,153,1,45281
2142,421,3,16165
2142,439,1,76172
2142,156,4,43299
2143,265,3,228182
2143,394,3,26520
2144,389,3,50329
2144,156,1,43299
2144,17,3,39052
2144,89,2,28187
2145,488,2,5098
2146,430,3,246618
2146,149,3,9848
2146,189,1,37505
2147,341,1,72235
2147,494,3,339385
2147,48,5,4403
2147,286,1,6843
2148,222,2,59357
2148,77,2,29468
2149,70,2,97975
2149,445,2,44894
2149,392,5,96682
2149,125,5,3329
2149,167,4,349988
2150,495,5,21011
2150,422,4,84671
2151,460,1,3548
2152,287,5,38127
2152,480,1,56026
2152,448,4,12674
2153,439,4,76172
2154,461,1,4179
2154,277,3,97231
2154,20,5,40179
2154,166,1,12541
2154,299,3,244845
2155,77,4,29468
2155,237,3,19452
2155,271,5,87661
2156,92,3,49542
2156,276,4,31306
2156,364,3,11269
2156,418,3,74261
2156,454,1,31060
2157,470,3,89384
2158,232,3,46489
2158,279,2,26587
2158,394,5,26520
2158,431,3,23838
2158,330,3,13065
2159,371,1,6925
2159,162,3,214499
2159,156,2,43299
2159,498,3,232103
2160,335,3,325437
2160,471,2,162289
2160,64,4,16958
2160,312,1,3394
2160,220,1,30297
2161,400,5,38896
2161,113,5,272293
2161,429,2,25549
2162,165,2,236084
2162,247,1,3753
2162,226,1,46493
2162,260,4,198369
2163,258,3,46266
2163,64,1,16958
2163,314,5,291451
2163,130,5,103020
2164,278,5,213791
2165,255,2,5246
2166,243,1,37716
2166,118,1,45795
2167,356,1,13766
2167,51,1,63866
2167,428,3,101575
2168,262,3,113819
2168,60,4,91561
2168,56,1,47059
2168,393,5,66531
2168,180,3,95722
2169,352,5,165672
2169,239,1,104124
2169,217,4,46252
2170,161,4,57428
2170,21,2,4967
2170,214,1,135750
2170,187,5,209644
2171,21,1,4967
2171,313,2,28221
2171,415,1,21167
2171,276,4,31306
2172,364,1,11269
2172,72,5,13930
2172,147,2,17331
2172,288,4,37239
2172,153,5,45281
2173,365,4,1681
2174,486,5,12910
2174,313,3,28221
2174,385,3,130577
2174,316,3,110095
2174,499,2,6622
2175,424,1,71953
2176,374,4,197138
2176,254,4,37839
2177,77,1,29468
2178,315,1,254338
2178,299,4,244845
2179,380,3,76284
2179,72,3,13930
2180,245,5,32690
2181,157,5,73175
2181,147,5,17331
2181,321,2,117567
2181,353,1,64555
2181,415,5,21167
2182,384,2,12824
2182,277,3,97231
2182,140,2,297192
2183,317,4,6176
2183,26,4,17025
2183,368,1,11692
2183,123,4,279054
2184,40,5,366700
2184,497,4,25163
2184,374,2,197138
2185,265,5,228182
2185,468,2,28516
2186,35,3,10454
2186,168,1,50130
2186,197,5,56261
2187,32,2,27405
2188,166,2,12541
2189,375,3,304045
2190,376,1,62184
2190,442,4,33478
2190,295,5,4752
2191,94,1,58365
2191,168,1,50130
2191,170,1,22358
2191,489,5,83195
2191,137,3,188948
2192,276,2,31306
2192,474,4,19972
2192,202,2,30734
2192,402,3,30524
2192,405,2,50824
2193,177,3,19098
2193,349,4,175402
2193,35,1,10454
2193,57,4,38622
2194,39,1,100595
2194,273,3,21099
2194,161,3,57428
2195,297,5,152414
2195,476,2,6653
2195,36,1,39591
2195,144,1,3348
2195,436,4,201412
2196,341,3,72235
2196,25,2,21895
2196,461,4,4179
2196,406,3,45566
2197,153,5,45281
2197,343,3,30610
2197,385,2,130577
2197,193,4,21914
2197,257,1,48066
2198,321,1,117567
2198,231,5,33257
2199,361,5,15440
2199,1,5,30460
2199,328,1,322486
2199,222,5,59357
2199,396,1,108856
2200,479,5,124870
2200,438,1,23481
2200,30,4,18635
2200,140,4,297192
2201,450,3,18155
2202,198,5,303186
2202,199,1,183584
2202,444,5,36153
2203,429,4,25549
2203,43,2,46765
2203,314,2,291451
2203,44,5,38256
2204,472,5,36408
2204,66,1,94469
2205,94,2,58365
2205,130,1,103020
2205,277,5,97231
2205,418,1,74261
2205,479,2,124870
2206,122,5,58379
2206,402,5,30524
2206,14,3,44460
2207,395,1,12207
2207,112,1,20511
2207,240,2,11336
2208,35,2,10454
2208,309,2,6928
2208,153,2,45281
2209,297,3,152414
2209,132,5,50067
2209,360,4,41689
2210,164,1,105636
2210,36,1,39591
2210,273,1,21099
2211,438,1,23481
2212,335,5,325437
2212,230,3,5812
2212,414,2,278944
2212,350,2,30892
2213,308,2,132875
2213,244,2,81779
2213,315,3,254338
2214,372,2,135500
2215,322,5,69626
2215,38,1,23812
2215,104,4,14364
2216,374,2,197138
2217,190,4,35521
2217,393,2,66531
2218,15,1,53076
2219,428,2,101575
2219,279,5,26587
2219,455,4,21022
2219,68,5,25262
2220,171,2,24723
2220,241,1,8530
2221,145,1,213841
2221,310,1,6597
2222,471,4,162289
2222,216,5,126332
2222,147,5,17331
2223,297,3,152414
2224,25,3,21895
2225,339,2,46398
2226,34,5,88927
2226,135,1,68026
2226,392,3,96682
2226,461,4,4179
2227,58,5,18434
2227,482,2,202407
2227,479,4,124870
2228,26,5,17025
2228,458,3,71947
2228,243,3,37716
2229,167,3,349988
2229,159,4,13360
2229,441,2,39469
2229,134,3,27301
2230,213,1,12503
2230,190,2,35521
2231,382,2,96598
2232,160,1,31418
2232,349,1,175402
2232,74,2,66338
2232,444,1,36153
2233,137,2,188948
2233,144,3,3348
2233,115,1,46906
2233,183,2,25987
2234,115,2,46906
2234,27,2,156687
2235,421,5,16165
2235,397,4,9374
2235,90,1,46285
2235,213,2,12503
2236,248,3,63230
2237,70,4,97975
2238,477,3,222378
2238,379,4,84354
2238,452,1,10853
2239,9,4,14154
2239,452,3,10853
2239,149,1,9848
2239,48,1,4403
2239,31,3,4757
2240,443,5,15672
2240,500,4,26997
2241,211,5,236041
2241,290,5,195202
2242,435,1,2101
2242,492,1,21824
2242,430,4,246618
2243,68,5,25262
2244,308,1,132875
2244,495,3,21011
2245,392,3,96682
2246,287,2,38127
2246,388,2,281397
2247,449,5,245241
2247,116,2,139479
2247,70,1,97975
2248,228,4,59191
2248,247,3,3753
2249,463,2,93210
2249,252,3,30564
2250,222,1,59357
2250,440,4,45817
2250,136,1,52918
2250,413,1,160936
2250,19,2,46145
2251,366,1,6107
2251,59,2,16564
2251,446,3,28425
2251,238,4,13772
2252,464,4,50392
2252,385,3,130577
2252,135,3,68026
2253,317,3,6176
2253,301,1,163056
2253,469,1,25965
2253,297,1,152414
2253,146,4,25217
2254,419,5,78777
2254,360,4,41689
2254,3,3,16395
2255,135,1,68026
2255,234,1,21558
2255,497,4,25163
2255,72,2,13930
2256,223,5,50138
2256,400,1,38896
2256,398,2,122257
2256,148,1,36417
2256,169,1,178723
2257,188,1,29382
2258,156,2,43299
2259,172,1,113684
2260,463,5,93210
2261,25,1,21895
2262,303,3,66948
2262,142,2,3835
2263,261,1,110716
2264,218,4,23819
2264,28,4,262645
2265,295,3,4752
2265,336,1,9486
2265,13,4,62062
2265,337,5,22216
2265,174,1,14927
2266,367,4,385569
2266,54,5,253598
2266,188,1,29382
2266,92,1,49542
2267,420,3,337141
2267,93,4,223976
2267,461,3,4179
2267,467,2,64096
2268,220,2,30297
2268,398,4,122257
2268,113,2,272293
2268,34,1,88927
2269,86,3,38482
2269,415,1,21167
2270,281,5,39335
2270,358,1,161738
2270,492,2,21824
2270,39,3,100595
2270,226,1,46493
2271,241,1,8530
2272,109,2,28029
2272,384,4,12824
2272,497,3,25163
2273,70,1,97975
2273,362,4,163523
2273,366,4,6107
2274,341,1,72235
2274,468,5,28516
2274,344,1,209531
2275,492,1,21824
2275,472,2,36408
2275,224,3,178542
2275,78,3,46284
2275,384,2,12824
2276,264,4,127162
2276,469,2,25965
2276,54,5,253598
2276,228,1,59191
2276,333,5,33838
2277,115,4,46906
2277,10,1,23500
2277,88,4,34078
2277,322,2,69626
2277,195,1,45299
2278,294,1,24516
2278,100,2,42292
2278,424,1,71953
2278,325,1,17404
2279,405,5,50824
2279,333,2,33838
2280,485,2,23113
2280,144,1,3348
2280,115,1,46906
2281,167,2,349988
2281,246,4,55705
2281,368,4,11692
2281,2,3,1161
2281,101,4,18123
2282,214,4,135750
2283,46,3,29243
2283,98,2,33877
2283,363,2,17442
2283,429,4,25549
2284,464,1,50392
2284,314,4,291451
2284,19,2,46145
2284,125,5,3329
2285,406,4,45566
2285,152,5,18477
2286,454,1,31060
2286,424,2,71953
2286,477,4,222378
2286,45,2,177896
2287,127,5,72595
2287,101,5,18123
2288,116,1,139479
2288,52,4,94514
2288,78,4,46284
2289,31,4,4757
2289,277,1,97231
2289,157,4,73175
2289,231,5,33257
2289,8,4,45692
2290,12,4,19732
2290,203,3,12061
2290,26,3,17025
2290,346,5,13653
2290,44,1,38256
2291,110,3,89656
2291,301,3,163056
2292,285,2,25867
2292,16,1,12466
2292,423,1,114188
2293,132,1,50067
2293,230,3,5812
2294,135,2,68026
2294,314,5,291451
2294,254,3,37839
2294,65,3,30850
2294,294,1,24516
2295,448,4,12674
2295,57,3,38622
2295,52,2,94514
2295,123,4,279054
2295,67,1,27366
2296,153,4,45281
2296,435,3,2101
2296,419,2,78777
2296,135,2,68026
2297,369,3,12491
2297,382,2,96598
2297,459,5,390475
2297,463,2,93210
2298,17,5,39052
2298,51,4,63866
2298,296,4,26698
2299,277,3,97231
2299,132,3,50067
2299,335,3,325437
2299,279,4,26587
2299,278,3,213791
2300,11,5,28502
2300,429,1,25549
2301,151,4,159955
2301,396,5,108856
2301,426,3,97056
2301,377,5,84604
2302,256,4,19337
2302,359,2,153672
2303,56,3,47059
2303,484,5,38947
2303,255,3,5246
2303,183,5,25987
2303,79,4,284973
2304,223,1,50138
2304,78,1,46284
2304,327,2,46032
2304,230,4,5812
2305,286,3,6843
2305,163,5,2388
2305,65,2,30850
2305,102,3,104057
2305,306,1,21631
2306,421,4,16165
2306,57,5,38622
2306,122,5,58379
2307,141,2,26582
2307,295,2,4752
2307,307,4,25820
2308,461,5,4179
2308,9,1,14154
2308,409,2,353178
2308,410,5,25982
2308,238,4,13772
2309,410,3,25982
2309,189,5,37505
2309,374,4,197138
2309,15,4,53076
2309,335,4,325437
2310,75,3,14201
2310,144,1,3348
2311,325,5,17404
2312,475,4,364569
2312,454,1,31060
2312,85,3,11618
2312,488,2,5098
2312,163,4,2388
2313,37,3,95128
2313,77,1,29468
2314,462,4,84658
2314,23,4,17339
2314,103,3,49500
2314,64,2,16958
2315,389,2,50329
2316,152,5,18477
2316,483,4,19217
2316,314,3,291451
2316,208,2,109078
2316,135,1,68026
2317,310,2,6597
2317,306,1,21631
2317,362,4,163523
2317,368,4,11692
2317,14,3,44460
2318,368,4,11692
2318,184,2,94140
2318,106,1,322592
2318,397,3,9374
2318,87,2,40788
2319,402,2,30524
2319,406,3,45566
2319,8,1,45692
2319,70,5,97975
2320,144,3,3348
2320,175,3,80636
2320,388,2,281397
2320,77,2,29468
2320,467,1,64096
2321,318,5,49519
2321,413,5,160936
2321,309,2,6928
2322,382,3,96598
2322,377,5,84604
2322,337,1,22216
2323,79,4,284973
2323,76,1,16359
2323,491,1,329786
2324,447,3,17438
2324,157,2,73175
2324,396,2,108856
2325,115,4,46906
2325,118,5,45795
2326,154,2,87423
2326,198,5,303186
2326,175,1,80636
2327,174,3,14927
2327,376,4,62184
2327,446,1,28425
2327,75,3,14201
2327,248,4,63230
2328,181,1,135041
2329,10,1,23500
2329,249,2,26469
2329,200,3,17698
2330,271,2,87661
2330,169,2,178723
2330,283,5,18422
2330,158,2,186789
2331,115,2,46906
2331,142,1,3835
2331,389,1,50329
2331,276,4,31306
2331,171,4,24723
2332,390,3,77909
2333,304,5,52325
2333,314,4,291451
2334,388,4,281397
2335,5,2,43504
2336,349,3,175402
2336,147,4,17331
2336,65,3,30850
2337,172,5,113684
2338,455,4,21022
2339,371,3,6925
2339,82,3,137182
2340,359,5,153672
2340,225,2,376537
2340,392,4,96682
2340,9,1,14154
2340,213,1,12503
2341,373,2,16339
2342,250,1,57769
2342,251,5,136070
2342,32,2,27405
2342,350,3,30892
2342,137,1,188948
2343,431,4,23838
2343,487,1,46116
2343,165,5,236084
2343,391,5,118125
2344,192,5,57730
2344,4,1,16115
2344,248,2,63230
2344,386,1,27994
2344,21,5,4967
2345,229,2,8418
2345,193,2,21914
2345,410,2,25982
2346,9,2,14154
2346,339,5,46398
2346,96,1,218785
2347,62,5,191660
2347,1,3,30460
2348,417,5,13389
2348,118,1,45795
2348,38,2,23812
2348,474,5,19972
2349,299,2,244845
2350,14,2,44460
2350,260,3,198369
2350,357,3,89463
2350,365,1,1681
2351,408,5,169925
2351,369,4,12491
2352,409,4,353178
2352,389,2,50329
2352,359,3,153672
2352,397,1,9374
2352,35,5,10454
2353,314,5,291451
2353,299,4,244845
2354,232,3,46489
2354,343,4,30610
2355,9,5,14154
2356,99,5,318029
2356,28,5,262645
2356,132,1,50067
2356,394,5,26520
2357,110,5,89656
2357,364,4,11269
2358,331,2,215153
2359,323,3,1715
2359,233,4,70397
2359,349,2,175402
2360,204,4,21413
2360,224,1,178542
2360,115,4,46906
2360,417,1,13389
2360,453,1,96234
2361,248,2,63230
2361,170,2,22358
2361,234,3,21558
2362,97,4,29008
2363,265,3,228182
2363,186,1,94727
2363,62,2,191660
2364,36,4,39591
2364,319,4,13408
2364,241,1,8530
2364,265,3,228182
2364,166,4,12541
2365,476,3,6653
2365,149,1,9848
2366,187,2,209644
2366,210,2,233057
2366,253,4,33950
2366,329,5,23164
2366,150,2,9051
2367,388,4,281397
2367,313,1,28221
2368,170,1,22358
2368,238,3,13772
2368,247,1,3753
2368,84,4,301427
2369,145,2,213841
2370,28,1,262645
2371,20,4,40179
2371,429,2,25549
2371,355,2,32016
2371,44,4,38256
2371,446,2,28425
2372,406,1,45566
2373,121,2,295195
2374,274,4,29236
2374,390,1,77909
2374,100,1,42292
2374,281,5,39335
2374,94,3,58365
2375,19,1,46145
2375,2,5,1161
2376,90,1,46285
2376,222,2,59357
2376,381,4,3620
2376,484,2,38947
2377,479,1,124870
2377,30,3,18635
2378,389,4,50329
2378,3,1,16395
2379,246,4,55705
2379,373,4,16339
2380,365,3,1681
2380,418,3,74261
2380,353,4,64555
2380,10,5,23500
2380,472,3,36408
2381,436,3,201412
2381,98,2,33877
2381,489,1,83195
2382,403,2,204017
2382,191,3,67223
2382,389,1,50329
2383,99,4,318029
2383,397,5,9374
2383,231,5,33257
2383,498,2,232103
2383,394,3,26520
2384,251,1,136070
2384,263,1,181135
2384,468,4,28516
2384,36,3,39591
2385,164,3,105636
2386,220,3,30297
2386,193,3,21914
2387,59,5,16564
2388,281,5,39335
2388,439,2,76172
2388,163,1,2388
2388,411,5,54390
2388,444,4,36153
2389,253,3,33950
2389,18,2,106801
2389,5,5,43504
2389,108,5,14119
2389,101,3,18123
2390,281,4,39335
2390,46,1,29243
2390,323,1,1715
2390,13,2,62062
2391,164,4,105636
2391,450,2,18155
2391,75,3,14201
2391,169,3,178723
2391,260,3,198369
2392,252,5,30564
2392,355,4,32016
2393,216,1,126332
2393,257,1,48066
2394,203,4,12061
2395,192,2,57730
2396,111,4,54394
2396,258,4,46266
2397,496,5,15155
2397,87,3,40788
2397,25,3,21895
2397,435,3,2101
2398,471,1,162289
2398,208,2,109078
2398,319,5,13408
2398,17,1,39052
2398,410,2,25982
2399,181,2,135041
2399,438,4,23481
2399,9,3,14154
2399,157,2,73175
2400,319,3,13408
2400,420,4,337141
2400,459,5,390475
2401,499,3,6622
2401,328,2,322486
2401,210,4,233057
2401,357,2,89463
2402,475,3,364569
2402,69,4,341185
2402,195,4,45299
2403,412,4,63565
2403,207,1,38826
2404,132,1,50067
2404,214,5,135750
2405,448,2,12674
2405,327,3,46032
2405,59,5,16564
2405,380,2,76284
2406,406,4,45566
2406,56,5,47059
2406,50,2,31053
2406,407,4,90865
2406,18,1,106801
2407,180,1,95722
2407,216,4,126332
2407,152,4,18477
2407,208,4,109078
2407,444,4,36153
2408,458,3,71947
2408,4,2,16115
2408,415,2,21167
2408,157,5,73175
2408,438,5,23481
2409,158,1,186789
2410,54,4,253598
2410,184,2,94140
2410,241,1,8530
2411,257,3,48066
2411,463,2,93210
2411,483,2,19217
2411,376,1,62184
2411,40,2,366700
2412,390,4,77909
2413,336,2,9486
2413,209,4,75954
2413,71,4,322513
2413,19,2,46145
2413,413,2,160936
2414,488,5,5098
2414,283,3,18422
2414,105,4,2703
2414,402,4,30524
2415,50,3,31053
2415,68,2,25262
2415,174,3,14927
2415,3,3,16395
2416,200,1,17698
2416,233,4,70397
2416,410,4,25982
2416,428,3,101575
2416,325,2,17404
2417,90,2,46285
2417,196,2,9369
2417,29,4,217876
2417,426,1,97056
2417,72,3,13930
2418,118,1,45795
2418,204,4,21413
2419,7,4,256638
2419,279,2,26587
2419,421,4,16165
2419,194,1,278145
2419,358,5,161738
2420,404,2,80639
2420,244,1,81779
2420,435,2,2101
2420,373,2,16339
2421,395,5,12207
2421,368,3,11692
2421,188,1,29382
2421,288,5,37239
2421,115,3,46906
2422,45,3,177896
2423,319,1,13408
2423,471,3,162289
2423,173,2,65328
2423,136,2,52918
2424,380,5,76284
2425,72,4,13930
2426,428,4,101575
2426,327,4,46032
2426,181,3,135041
2427,82,5,137182
2428,176,1,282106
2428,34,2,88927
2429,404,4,80639
2429,3,1,16395
2429,322,1,69626
2430,136,2,52918
2430,3,1,16395
2430,217,5,46252
2430,486,5,12910
2430,459,3,390475
2431,358,4,161738
2432,365,5,1681
2432,220,4,30297
2432,21,5,4967
2432,386,2,27994
2433,50,5,31053
2433,138,1,107533
2433,166,3,12541
2433,472,5,36408
2434,119,2,126842
2434,430,1,246618
2434,126,5,26687
2435,413,1,160936
2436,98,1,33877
2437,127,1,72595
2437,246,4,55705
2438,455,4,21022
2438,105,3,2703
2438,135,3,68026
2438,230,5,5812
2438,334,1,178337
2439,313,4,28221
2439,421,4,16165
2439,363,5,17442
2440,117,3,64514
2440,200,4,17698
2440,409,1,353178
2441,197,2,56261
2441,472,4,36408
2441,227,4,34328
2441,141,1,26582
2442,487,1,46116
2442,166,4,12541
2443,432,5,10521
2443,141,5,26582
2443,280,4,31887
2443,102,4,104057
2444,38,1,23812
2444,461,3,4179
2444,375,2,304045
2444,340,3,19725
2445,393,4,66531
2445,494,1,339385
2445,191,4,67223
2446,50,3,31053
2446,325,2,17404
2446,194,3,278145
2447,445,4,44894
2447,136,4,52918
2447,294,1,24516
2448,478,5,30883
2449,135,5,68026
2449,77,4,29468
2449,90,4,46285
2449,293,5,60030
2450,17,5,39052
2450,369,1,12491
2450,94,1,58365
2451,63,4,16864
2451,269,4,216861
2451,252,2,30564
2451,212,5,5586
2452,290,4,195202
2453,246,5,55705
2453,351,5,30502
2453,211,1,236041
2453,215,4,24668
2453,493,4,89214
2454,495,3,21011
2454,339,4,46398
2454,290,4,195202
2454,350,1,30892
2454,81,1,16640
2455,207,1,38826
2455,97,3,29008
2455,446,2,28425
2455,263,2,181135
2455,328,3,322486
2456,235,2,12586
2457,384,1,12824
2457,356,3,13766
2457,9,3,14154
2458,108,3,14119
2459,144,3,3348
2459,234,2,21558
2460,182,2,100465
2460,370,3,241518
2461,58,2,18434
2462,202,1,30734
2462,242,3,31952
2462,207,2,38826
2462,410,3,25982
2463,486,2,12910
2463,231,1,33257
2463,408,5,169925
2464,479,4,124870
2464,33,1,40980
2464,297,2,152414
2465,482,2,202407
2465,492,1,21824
2465,204,4,21413
2466,341,5,72235
2466,89,3,28187
2466,270,4,279510
2467,87,3,40788
2467,43,4,46765
2468,7,2,256638
2468,444,5,36153
2468,309,2,6928
2469,321,5,117567
2469,319,1,13408
2469,161,1,57428
2469,291,3,198170
2469,269,3,216861
2470,411,4,54390
2470,423,2,114188
2470,176,1,282106
2470,36,1,39591
2470,391,4,118125
2471,358,2,161738
2472,326,4,4873
2472,341,5,72235
2472,132,1,50067
2472,343,4,30610
2472,423,2,114188
2473,419,1,78777
2474,7,2,256638
2474,42,1,269340
2474,50,3,31053
2474,95,1,39750
2474,349,4,175402
2475,63,2,16864
2475,147,3,17331
2476,33,3,40980
2477,475,2,364569
2477,280,4,31887
2478,271,4,87661
2478,10,4,23500
2478,354,1,49452
2478,323,4,1715
2479,128,4,18782
2479,417,5,13389
2479,334,3,178337
2479,35,2,10454
2480,398,5,122257
2480,227,3,34328
2480,82,3,137182
2480,266,3,3862
2481,84,2,301427
2481,49,1,135654
2481,243,4,37716
2482,95,2,39750
2482,376,2,62184
2483,89,5,28187
2483,425,2,55700
2483,6,1,46366
2483,184,3,94140
2484,128,3,18782
2484,457,1,43692
2484,431,3,23838
2484,294,3,24516
2485,270,3,279510
2485,396,4,108856
2486,439,4,76172
2486,338,3,21332
2486,204,4,21413
2486,241,3,8530
2487,427,2,11528
2487,344,5,209531
2488,52,5,94514
2488,40,2,366700
2489,139,4,33059
2490,62,3,191660
2490,194,4,278145
2491,83,1,117842
2492,226,5,46493
2493,207,2,38826
2493,316,5,110095
2493,148,3,36417
2494,90,4,46285
2494,154,4,87423
2495,380,3,76284
2495,7,4,256638
2495,201,5,31948
2495,420,2,337141
2495,177,2,19098
2496,375,2,304045
2496,58,4,18434
2496,323,1,1715
2496,129,5,5827
2497,312,3,3394
2497,232,3,46489
2497,447,2,17438
2497,41,3,13733
2497,310,2,6597
2498,279,2,26587
2498,198,1,303186
2498,313,4,28221
2498,179,2,147980
2499,302,1,174010
2499,99,1,318029
2499,248,3,63230
2499,72,5,13930
2500,375,1,304045
2500,369,3,12491
2500,161,3,57428
2500,344,1,209531
2501,212,5,5586
2501,63,3,16864
2501,389,3,50329
2501,305,5,133725
2502,242,1,31952
2502,293,3,60030
2502,336,4,9486
2503,461,3,4179
2504,438,1,23481
2504,442,2,33478
2504,344,2,209531
2504,36,1,39591
2504,277,2,97231
2505,159,5,13360
2506,251,5,136070
2506,416,1,29781
2506,138,5,107533
2506,331,4,215153
2506,252,3,30564
2507,486,1,12910
2507,476,5,6653
2507,403,2,204017
2507,202,2,30734
2507,3,5,16395
2508,367,4,385569
2509,172,5,113684
2509,13,3,62062
2509,71,1,322513
2509,355,5,32016
2510,91,1,6014
2510,34,2,88927
2511,343,2,30610
2511,344,1,209531
2511,384,5,12824
2511,138,3,107533
2511,352,2,165672
2512,312,2,3394
2512,233,4,70397
2512,396,5,108856
2512,467,5,64096
2513,347,2,17871
2513,445,4,44894
2513,193,4,21914
2514,392,3,96682
2514,481,2,50319
2514,325,4,17404
2515,320,5,353761
2516,335,3,325437
2517,487,2,46116
2517,72,2,13930
2517,93,5,223976
2517,337,1,22216
2517,448,4,12674
2518,316,3,110095
2519,494,2,339385
2519,182,4,100465
2519,231,4,33257
2519,422,3,84671
2520,185,4,21284
2520,236,3,17489
2520,371,2,6925
2520,297,1,152414
2520,119,3,126842
2521,240,3,11336
2521,424,4,71953
2522,326,4,4873
2522,270,5,279510
2523,4,3,16115
2523,464,1,50392
2523,93,3,223976
2523,311,2,26373
2523,397,1,9374
2524,436,4,201412
2525,277,2,97231
2526,326,1,4873
2527,298,3,33167
2528,304,1,52325
2529,425,4,55700
2529,493,4,89214
2529,344,3,209531
2529,218,1,23819
2529,396,5,108856
2530,275,5,144381
2531,81,2,16640
2531,246,3,55705
2531,158,5,186789
2531,83,3,117842
2532,36,2,39591
2532,379,1,84354
2532,451,2,107375
2532,122,5,58379
2533,445,5,44894
2534,426,5,97056
2535,122,4,58379
2535,61,2,83470
2535,52,4,94514
2535,373,3,16339
2535,492,4,21824
2536,310,2,6597
2536,73,4,190146
2536,91,1,6014
2537,169,2,178723
2537,486,5,12910
2538,37,4,95128
2539,111,4,54394
2539,190,2,35521
2539,443,5,15672
2539,375,3,304045
2540,17,4,39052
2540,100,4,42292
2541,392,1,96682
2542,405,2,50824
2542,385,4,130577
2542,406,1,45566
2542,380,2,76284
2542,487,4,46116
2543,154,3,87423
2543,195,3,45299
2543,140,1,297192
2544,322,5,69626
2544,199,2,183584
2545,261,1,110716
2546,254,4,37839
2546,23,5,17339
2546,261,3,110716
2546,132,5,50067
2546,422,4,84671
2547,265,3,228182
2547,196,2,9369
2547,19,4,46145
2547,307,5,25820
2547,342,5,49463
2548,465,5,18047
2549,269,1,216861
2549,213,1,12503
2550,32,3,27405
2551,288,2,37239
2552,467,3,64096
2552,7,1,256638
2553,56,2,47059
2553,171,4,24723
2553,432,4,10521
2554,330,2,13065
2554,425,2,55700
2554,464,5,50392
2554,492,1,21824
2555,450,3,18155
2555,459,4,390475
2555,158,3,186789
2555,235,3,12586
2556,227,5,34328
2556,408,2,169925
2556,284,4,216354
2556,99,4,318029
2557,7,2,256638
2557,323,3,1715
2558,397,2,9374
2558,456,4,53827
2558,107,1,22966
2559,322,5,69626
2559,423,5,114188
2559,57,5,38622
2559,350,1,30892
2560,83,1,117842
2560,393,1,66531
2560,410,1,25982
2561,313,3,28221
2562,301,1,163056
2562,356,1,13766
2562,409,1,353178
2562,443,1,15672
2563,412,2,63565
2563,369,5,12491
2563,358,3,161738
2563,220,2,30297
2564,103,3,49500
2564,25,4,21895
2564,318,5,49519
2565,173,5,65328
2565,16,4,12466
2565,54,3,253598
2565,28,1,262645
2566,217,2,46252
2566,49,3,135654
2566,380,4,76284
2567,161,4,57428
2568,261,5,110716
2568,350,4,30892
2568,401,5,14740
2569,409,5,353178
2569,371,4,6925
2569,83,2,117842
2569,374,5,197138
2569,99,3,318029
2570,286,1,6843
2570,335,3,325437
2571,6,1,46366
2571,491,4,329786
2571,374,3,197138
2571,17,2,39052
2571,206,3,161706
2572,287,5,38127
2573,294,1,24516
2573,102,3,104057
2573,467,4,64096
2574,275,3,144381
2575,299,5,244845
2575,367,4,385569
2575,146,1,25217
2576,331,4,215153
2576,138,2,107533
2576,2,4,1161
2576,419,2,78777
2576,62,2,191660
2577,433,5,104248
2577,326,3,4873
2578,25,4,21895
2578,50,1,31053
2579,470,3,89384
2580,259,5,204654
2580,431,5,23838
2580,57,2,38622
2580,260,4,198369
2580,172,4,113684
2581,68,3,25262
2581,134,5,27301
2582,93,3,223976
2583,432,2,10521
2583,249,3,26469
2583,438,1,23481
2583,312,1,3394
2583,319,5,13408
2584,123,5,279054
2585,79,5,284973
2585,120,1,40593
2585,3,2,16395
2586,416,1,29781
2586,131,2,24943
2586,73,1,190146
2586,293,5,60030
2586,148,2,36417
2587,296,3,26698
2587,457,4,43692
2587,404,5,80639
2587,490,2,21175
2588,65,3,30850
2589,421,2,16165
2589,157,4,73175
2589,38,1,23812
2589,323,4,1715
2589,314,1,291451
2590,417,4,13389
2590,475,5,364569
2590,116,2,139479
2591,125,4,3329
2592,344,2,209531
2592,206,3,161706
2592,434,4,20170
2592,348,2,203414
2593,461,3,4179
2593,66,2,94469
2593,97,1,29008
2594,41,2,13733
2594,131,5,24943
2595,269,4,216861
2596,193,3,21914
2596,481,4,50319
2596,408,1,169925
2596,30,5,18635
2597,365,4,1681
2597,499,3,6622
2598,427,4,11528
2599,204,3,21413
2599,127,4,72595
2599,434,5,20170
2600,81,3,16640
2600,492,2,21824
2600,369,2,12491
2601,442,5,33478
2601,447,3,17438
2601,250,5,57769
2602,338,5,21332
2602,497,3,25163
2602,423,3,114188
2602,334,4,178337
2602,220,3,30297
2603,377,3,84604
2603,379,2,84354
2603,482,3,202407
2603,334,5,178337
2604,319,1,13408
2604,113,1,272293
2605,445,5,44894
2605,443,3,15672
2606,38,3,23812
2607,493,5,89214
2607,56,5,47059
2607,103,1,49500
2607,252,3,30564
2607,76,1,16359
2608,491,3,329786
2608,447,2,17438
2608,393,3,66531
2609,324,4,246505
2609,328,3,322486
2609,156,3,43299
2609,109,2,28029
2609,376,5,62184
2610,4,4,16115
2610,407,4,90865
2610,53,4,174455
2610,291,1,198170
2610,307,1,25820
2611,10,5,23500
2612,212,4,5586
2612,22,4,140911
2613,202,4,30734
2613,349,2,175402
2613,334,4,178337
2613,163,5,2388
2613,42,2,269340
2614,425,1,55700
2614,8,2,45692
2615,8,5,45692
2615,164,5,105636
2615,363,4,17442
2616,159,5,13360
2616,165,5,236084
2616,299,3,244845
2617,469,3,25965
2617,319,4,13408
2618,201,2,31948
2618,135,4,68026
2619,478,3,30883
2619,221,5,166207
2619,128,1,18782
2620,278,3,213791
2620,277,5,97231
2620,466,2,56723
2620,145,1,213841
2621,278,2,213791
2621,299,5,244845
2621,69,2,341185
2622,35,1,10454
2622,26,4,17025
2622,489,1,83195
2623,332,5,90588
2623,275,5,144381
2623,286,5,6843
2623,329,5,23164
2623,3,2,16395
2624,397,5,9374
2624,126,4,26687
2624,282,1,79545
2624,159,4,13360
2624,276,2,31306
2625,247,3,3753
2625,117,1,64514
2625,194,4,278145
2626,390,4,77909
2626,226,1,46493
2626,449,5,245241
2627,230,5,5812
2627,476,3,6653
2628,110,1,89656
2628,371,4,6925
2628,173,3,65328
2628,66,3,94469
2629,71,4,322513
2629,279,3,26587
2629,388,5,281397
2629,477,5,222378
2630,156,4,43299
2630,25,4,21895
2630,75,3,14201
2631,138,5,107533
2631,86,2,38482
2631,145,5,213841
2631,154,5,87423
2631,283,5,18422
2632,154,2,87423
2632,476,3,6653
2632,125,5,3329
2633,213,4,12503
2633,31,1,4757
2633,105,5,2703
2634,310,4,6597
2634,469,4,25965
2634,146,3,25217
2635,211,5,236041
2635,273,4,21099
2636,167,2,349988
2636,438,3,23481
2637,163,2,2388
2637,72,4,13930
2637,263,1,181135
2637,465,2,18047
2638,298,5,33167
2638,14,2,44460
2639,232,2,46489
2639,215,3,24668
2640,117,1,64514
2640,328,2,322486
2640,96,3,218785
2641,266,1,3862
2641,36,4,39591
2641,117,5,64514
2641,130,2,103020
2642,374,5,197138
2642,312,1,3394
2642,240,2,11336
2642,28,4,262645
2642,130,3,103020
2643,148,5,36417
2643,195,2,45299
2643,420,5,337141
2643,206,2,161706
2643,72,4,13930
2644,127,1,72595
2644,360,3,41689
2644,465,1,18047
2644,120,5,40593
2645,60,3,91561
2645,206,3,161706
2645,478,2,30883
2645,72,4,13930
2645,18,1,106801
2646,381,4,3620
2646,87,5,40788
2646,414,3,278944
2647,405,2,50824
2647,202,3,30734
2647,472,1,36408
2647,47,5,97070
2647,170,4,22358
2648,351,1,30502
2648,500,4,26997
2648,495,2,21011
2649,367,2,385569
2649,210,4,233057
2649,121,2,295195
2649,101,4,18123
2650,250,3,57769
2651,77,1,29468
2652,191,4,67223
2652,238,2,13772
2652,78,4,46284
2653,64,3,16958
2654,287,2,38127
2654,160,2,31418
2654,435,5,2101
2654,71,4,322513
2655,140,5,297192
2655,488,4,5098
2655,88,1,34078
2655,123,2,279054
2655,369,4,12491
2656,237,3,19452
2656,75,5,14201
2656,147,3,17331
2656,59,2,16564
2656,287,2,38127
2657,281,2,39335
2657,335,5,325437
2657,67,3,27366
2658,286,4,6843
2658,20,2,40179
2658,122,5,58379
2658,368,4,11692
2658,408,1,169925
2659,188,2,29382
2659,9,1,14154
2659,38,5,23812
2660,453,5,96234
2660,93,4,223976
2660,359,4,153672
2660,95,2,39750
2660,227,5,34328
2661,365,4,1681
2661,350,2,30892
2661,359,3,153672
2662,142,4,3835
2662,318,1,49519
2662,382,4,96598
2662,147,4,17331
2663,218,5,23819
2664,466,3,56723
2665,195,5,45299
2666,497,1,25163
2666,98,1,33877
2666,474,2,19972
2666,458,2,71947
2667,6,5,46366
2667,248,2,63230
2668,222,5,59357
2668,455,3,21022
2669,497,4,25163
2669,444,3,36153
2669,29,1,217876
2669,106,2,322592
2670,130,1,103020
2670,161,3,57428
2670,247,5,3753
2671,65,3,30850
2671,453,5,96234
2672,361,1,15440
2672,204,3,21413
2672,279,3,26587
2673,199,5,183584
2673,378,3,5364
2673,420,5,337141
2674,478,2,30883
2674,432,5,10521
2674,117,2,64514
2674,313,1,28221
2675,359,3,153672
2675,220,4,30297
2676,275,4,144381
2677,170,2,22358
2677,293,2,60030
2677,115,5,46906
2677,50,2,31053
2678,100,1,42292
2678,43,3,46765
2678,432,5,10521
2678,116,4,139479
2678,312,4,3394
2679,473,5,35743
2679,487,3,46116
2679,57,4,38622
2679,74,4,66338
2679,299,1,244845
2680,42,3,269340
2680,229,4,8418
2680,446,3,28425
2680,151,3,159955
2680,172,1,113684
2681,63,3,16864
2682,1,1,30460
2682,408,4,169925
2682,325,4,17404
2682,43,5,46765
2682,40,2,366700
2683,414,3,278944
2683,360,4,41689
2683,229,1,8418
2683,156,3,43299
2683,39,3,100595
2684,230,3,5812
2684,490,1,21175
2684,311,2,26373
2685,169,3,178723
2685,29,4,217876
2685,13,2,62062
2686,240,3,11336
2686,129,3,5827
2687,54,4,253598
2688,120,5,40593
2688,399,3,70186
2688,46,1,29243
2689,249,1,26469
2689,31,1,4757
2690,102,4,104057
2690,148,3,36417
2690,120,4,40593
2690,128,4,18782
2691,261,1,110716
2691,2,3,1161
2692,164,3,105636
2692,417,3,13389
2692,8,4,45692
2693,349,5,175402
2693,311,5,26373
2693,357,5,89463
2693,478,4,30883
2693,408,5,169925
2694,253,3,33950
2694,475,2,364569
2694,18,3,106801
2694,267,3,70542
2694,373,3,16339
2695,231,2,33257
2696,331,2,215153
2696,272,3,126874
2697,306,5,21631
2697,178,5,42065
2697,343,5,30610
2698,469,2,25965
2699,483,4,19217
2699,29,2,217876
2699,64,3,16958
2699,382,2,96598
2700,215,3,24668
2701,126,3,26687
2701,402,4,30524
2702,468,3,28516
2702,409,2,353178
2702,176,3,282106
2702,197,3,56261
2703,329,5,23164
2703,199,3,183584
2703,15,5,53076
2703,103,5,49500
2704,4,5,16115
2704,365,2,1681
2704,248,5,63230
2704,345,2,205943
2704,136,1,52918
2705,248,1,63230
2705,444,4,36153
2705,255,3,5246
2706,427,5,11528
2706,127,3,72595
2706,106,5,322592
2707,91,1,6014
2708,439,5,76172
2708,398,3,122257
2709,376,4,62184
2709,490,4,21175
2710,407,1,90865
2710,326,2,4873
2710,390,2,77909
2710,443,1,15672
2710,247,4,3753
2711,62,2,191660
2711,174,4,14927
2711,365,1,1681
2712,222,2,59357
2712,118,1,45795
2712,74,1,66338
2713,406,3,45566
2713,487,2,46116
2713,133,1,5374
2713,146,2,25217
2714,173,2,65328
2714,18,4,106801
2714,483,3,19217
2714,135,2,68026
2714,164,2,105636
2715,214,4,135750
2716,253,1,33950
2717,239,2,104124
2717,290,4,195202
2717,32,4,27405
2718,115,1,46906
2718,81,3,16640
2719,134,5,27301
2720,472,5,36408
2720,246,3,55705
2721,241,5,8530
2721,354,5,49452
2722,138,1,107533
2722,148,3,36417
2723,284,4,216354
2724,119,2,126842
2724,346,4,13653
2725,239,3,104124
2725,362,3,163523
2725,234,2,21558
2726,287,4,38127
2727,2,5,1161
2727,34,2,88927
2727,287,1,38127
2728,73,4,190146
2728,228,5,59191
2729,118,2,45795
2729,399,5,70186
2729,181,2,135041
2730,81,2,16640
2730,483,4,19217
2731,284,5,216354
2731,120,1,40593
2731,198,2,303186
2732,136,3,52918
2732,64,4,16958
2732,312,2,3394
2733,262,4,113819
2733,357,1,89463
2733,443,3,15672
2733,25,3,21895
2734,438,1,23481
2734,262,2,113819
2734,324,2,246505
2735,363,3,17442
2735,110,5,89656
2735,491,4,329786
2735,341,5,72235
2736,433,3,104248
2736,315,1,254338
2736,346,2,13653
2736,127,5,72595
2736,465,5,18047
2737,305,5,133725
2737,207,4,38826
2737,381,2,3620
2738,2,4,1161
2738,319,2,13408
2738,35,2,10454
2738,50,4,31053
2739,421,1,16165
2739,74,5,66338
2739,371,5,6925
2740,489,2,83195
2740,2,4,1161
2740,442,1,33478
2740,483,3,19217
2741,463,4,93210
2741,172,1,113684
2741,460,1,3548
2741,43,3,46765
2741,92,4,49542
2742,167,1,349988
2743,466,5,56723
2744,232,4,46489
2744,379,5,84354
2744,52,3,94514
2744,202,4,30734
2744,278,4,213791
2745,193,5,21914
2746,353,3,64555
2747,269,5,216861
2747,93,4,223976
2747,121,2,295195
2747,416,5,29781
2748,67,1,27366
2748,54,1,253598
2748,5,5,43504
2748,107,5,22966
2749,314,1,291451
2749,199,4,183584
2749,367,4,385569
2750,226,4,46493
2750,41,3,13733
2750,352,3,165672
2751,237,2,19452
2751,382,2,96598
2751,192,4,57730
2752,358,1,161738
2752,69,2,341185
2753,491,1,329786
2753,60,2,91561
2753,407,3,90865
2753,398,2,122257
2754,32,3,27405
2754,446,1,28425
2754,347,1,17871
2754,104,2,14364
2755,340,3,19725
2755,312,3,3394
2755,115,1,46906
2756,132,2,50067
2756,342,4,49463
2756,296,2,26698
2757,22,1,140911
2757,110,2,89656
2757,425,3,55700
2757,52,5,94514
2757,450,5,18155
2758,60,1,91561
2758,363,1,17442
2759,492,3,21824
2759,252,5,30564
2759,177,2,19098
2759,401,4,14740
2760,265,3,228182
2761,191,2,67223
2761,174,3,14927
2761,12,3,19732
2761,246,1,55705
2761,315,4,254338
2762,175,1,80636
2762,224,5,178542
2763,489,5,83195
2763,449,1,245241
2763,266,4,3862
2763,211,5,236041
2764,127,3,72595
2765,24,1,151640
2766,171,5,24723
2766,445,5,44894
2767,297,3,152414
2768,242,4,31952
2769,259,4,204654
2769,394,5,26520
2769,50,5,31053
2770,95,2,39750
2770,317,5,6176
2771,26,2,17025
2771,479,4,124870
2771,272,5,126874
2772,22,3,140911
2772,150,4,9051
2773,361,2,15440
2773,151,1,159955
2774,408,2,169925
2774,417,2,13389
2774,41,3,13733
2774,25,5,21895
2774,418,4,74261
2775,283,3,18422
2775,377,4,84604
2775,497,2,25163
2775,395,4,12207
2776,258,3,46266
2776,210,4,233057
2776,351,2,30502
2776,64,2,16958
2776,309,5,6928
2777,393,5,66531
2777,307,3,25820
2777,81,2,16640
2777,417,3,13389
2777,137,4,188948
2778,108,2,14119
2778,232,2,46489
2778,218,2,23819
2778,52,3,94514
2778,327,5,46032
2779,109,2,28029
2779,194,4,278145
2779,34,4,88927
2780,343,2,30610
2780,131,3,24943
2781,121,1,295195
2781,443,2,15672
2781,360,2,41689
2781,63,1,16864
2781,9,3,14154
2782,475,1,364569
2782,459,1,390475
2783,31,4,4757
2783,406,4,45566
2783,243,5,37716
2783,396,1,108856
2784,318,3,49519
2784,445,4,44894
2784,454,3,31060
2785,138,5,107533
2786,24,3,151640
2786,405,3,50824
2787,294,1,24516
2788,412,5,63565
2788,129,4,5827
2789,15,5,53076
2789,472,1,36408
2790,370,3,241518
2790,363,1,17442
2790,91,4,6014
2790,165,2,236084
2791,334,4,178337
2791,48,2,4403
2791,150,2,9051
2791,18,4,106801
2791,230,3,5812
2792,210,3,233057
2792,55,3,195035
2792,246,1,55705
2793,214,2,135750
2793,276,3,31306
2793,324,5,246505
2794,40,2,366700
2794,139,5,33059
2794,340,1,19725
2794,303,1,66948
2794,307,4,25820
2795,294,1,24516
2796,12,2,19732
2796,329,2,23164
2796,178,2,42065
2796,402,1,30524
2797,252,2,30564
2797,131,2,24943
2797,332,4,90588
2798,62,5,191660
2798,307,2,25820
2798,21,5,4967
2798,74,1,66338
2799,445,3,44894
2799,143,2,32664
2799,372,2,135500
2799,247,1,3753
2799,71,1,322513
2800,430,3,246618
2800,57,4,38622
2800,282,3,79545
2800,77,5,29468
2801,59,5,16564
2801,380,5,76284
2801,38,2,23812
2801,169,1,178723
2801,206,1,161706
2802,367,5,385569
2803,249,4,26469
2804,450,1,18155
2804,420,4,337141
2805,84,5,301427
2806,415,3,21167
2806,203,4,12061
2806,392,3,96682
2806,276,1,31306
2806,466,1,56723
2807,475,1,364569
2807,355,1,32016
2807,390,5,77909
2808,275,3,144381
2808,87,3,40788
2809,67,1,27366
2809,476,5,6653
2809,199,1,183584
2809,7,1,256638
2809,52,2,94514
2810,124,2,72493
2810,383,4,7803
2810,480,2,56026
2810,17,5,39052
2811,136,4,52918
2811,119,1,126842
2811,417,3,13389
2811,381,2,3620
2811,461,1,4179
2812,243,4,37716
2812,229,2,8418
2813,249,5,26469
2813,415,2,21167
2813,280,4,31887
2813,202,2,30734
2814,230,4,5812
2814,210,5,233057
2814,341,2,72235
2814,51,4,63866
2814,100,5,42292
2815,57,4,38622
2815,480,5,56026
2815,477,1,222378
2816,493,3,89214
2816,146,2,25217
2816,168,3,50130
2816,428,4,101575
2817,320,5,353761
2817,360,1,41689
2817,53,5,174455
2817,203,5,12061
2817,9,4,14154
2818,307,2,25820
2818,110,1,89656
2819,461,2,4179
2819,64,3,16958
2819,42,3,269340
2820,485,5,23113
2820,437,1,32226
2821,381,2,3620
2822,55,5,195035
2822,52,2,94514
2823,83,2,117842
2823,254,2,37839
2823,168,5,50130
2823,313,1,28221
2823,6,4,46366
2824,299,5,244845
2824,4,1,16115
2824,333,2,33838
2824,445,4,44894
2824,498,2,232103
2825,402,3,30524
2826,67,3,27366
2826,212,3,5586
2826,122,3,58379
2827,419,4,78777
2827,391,1,118125
2827,7,4,256638
2827,198,2,303186
2828,103,2,49500
2828,17,1,39052
2828,291,3,198170
2828,429,3,25549
2828,207,4,38826
2829,499,4,6622
2830,176,2,282106
2831,163,3,2388
2831,491,3,329786
2831,275,5,144381
2831,208,5,109078
2832,263,4,181135
2832,112,5,20511
2833,71,5,322513
2833,462,3,84658
2834,474,3,19972
2835,33,2,40980
2835,288,1,37239
2835,375,3,304045
2836,50,5,31053
2836,48,1,4403
2836,448,3,12674
2836,108,2,14119
2837,365,4,1681
2837,227,2,34328
2838,172,2,113684
2838,487,3,46116
2838,178,5,42065
2838,386,4,27994
2839,42,1,269340
2839,383,3,7803
2839,4,3,16115
2839,454,3,31060
2839,391,1,118125
2840,225,2,376537
2840,17,2,39052
2840,428,4,101575
2840,393,3,66531
2841,224,5,178542
2841,97,4,29008
2841,423,5,114188
2842,101,2,18123
2842,442,2,33478
2843,416,4,29781
2844,416,2,29781
2845,157,5,73175
2845,205,2,15342
2845,72,3,13930
2846,368,2,11692
2846,401,2,14740
2846,112,4,20511
2846,347,3,17871
2846,488,1,5098
2847,484,4,38947
2847,304,1,52325
2847,27,1,156687
2848,127,5,72595
2848,107,3,22966
2848,115,5,46906
2848,349,2,175402
2848,216,4,126332
2849,130,1,103020
2849,467,5,64096
2849,148,5,36417
2849,228,4,59191
2849,305,2,133725
2850,457,4,43692
2850,490,1,21175
2851,303,2,66948
2851,444,3,36153
2851,100,2,42292
2852,291,2,198170
2852,427,5,11528
2852,232,5,46489
2853,301,3,163056
2853,43,1,46765
2853,204,3,21413
2853,311,3,26373
2854,33,2,40980
2854,235,2,12586
2854,461,2,4179
2854,116,1,139479
2854,333,5,33838
2855,250,5,57769
2855,84,3,301427
2856,471,2,162289
2857,73,1,190146
2857,11,3,28502
2858,136,2,52918
2859,471,5,162289
2859,152,4,18477
2859,395,5,12207
2859,12,4,19732
2860,368,4,11692
2860,430,4,246618
2860,445,1,44894
2860,189,4,37505
2860,3,2,16395
2861,119,2,126842
2861,107,5,22966
2861,24,1,151640
2861,451,1,107375
2861,13,2,62062
2862,166,5,12541
2862,59,5,16564
2863,472,2,36408
2863,223,4,50138
2863,15,2,53076
2863,471,5,162289
2863,402,3,30524
2864,264,3,127162
2864,259,4,204654
2864,310,1,6597
2864,100,5,42292
2865,20,3,40179
2866,445,2,44894
2866,270,4,279510
2866,106,3,322592
2866,336,1,9486
2867,178,2,42065
2867,248,4,63230
2867,88,4,34078
2867,129,5,5827
2868,278,1,213791
2868,260,2,198369
2868,214,1,135750
2868,212,5,5586
2869,479,5,124870
2869,42,2,269340
2869,369,5,12491
2869,216,1,126332
2870,239,2,104124
2870,376,1,62184
2870,322,1,69626
2870,406,5,45566
2871,277,4,97231
2871,480,2,56026
2872,116,2,139479
2872,374,1,197138
2872,109,5,28029
2873,492,2,21824
2874,153,3,45281
2874,68,4,25262
2874,251,4,136070
2874,401,5,14740
2875,185,4,21284
2875,154,4,87423
2875,361,4,15440
2875,22,1,140911
2876,213,5,12503
2876,347,5,17871
2877,357,2,89463
2877,184,5,94140
2877,17,5,39052
2877,166,5,12541
2877,317,5,6176
2878,463,3,93210
2878,316,3,110095
2878,443,1,15672
2879,316,3,110095
2879,292,1,38803
2879,59,3,16564
2879,351,5,30502
2879,344,2,209531
2880,148,3,36417
2880,293,2,60030
2880,299,2,244845
2881,372,5,135500
2882,259,3,204654
2882,64,1,16958
2882,138,4,107533
2882,276,1,31306
2882,306,4,21631
2883,133,3,5374
2883,355,5,32016
2883,332,5,90588
2884,15,4,53076
2884,117,4,64514
2884,93,4,223976
2884,67,2,27366
2885,34,3,88927
2885,75,1,14201
2885,488,3,5098
2885,347,4,17871
2885,428,4,101575
2886,98,4,33877
2886,383,1,7803
2887,1,2,30460
2887,315,1,254338
2888,349,2,175402
2889,309,5,6928
2889,297,3,152414
2889,421,4,16165
2890,334,2,178337
2891,270,4,279510
2891,127,4,72595
2892,404,3,80639
2892,74,1,66338
2892,72,4,13930
2892,481,5,50319
2893,63,1,16864
2893,417,5,13389
2893,419,1,78777
2894,171,3,24723
2894,130,4,103020
2894,178,4,42065
2894,74,2,66338
2894,42,5,269340
2895,313,3,28221
2895,190,1,35521
2896,22,5,140911
2896,41,4,13733
2897,199,3,183584
2897,269,3,216861
2897,319,1,13408
2897,299,2,244845
2897,351,5,30502
2898,216,1,126332
2898,273,2,21099
2898,421,5,16165
2899,110,3,89656
2899,309,1,6928
2899,56,4,47059
2900,149,4,9848
2900,99,2,318029
2900,253,4,33950
2900,124,3,72493
2900,378,4,5364
2901,107,2,22966
2901,354,4,49452
2901,106,2,322592
2901,427,4,11528
2902,363,2,17442
2902,104,5,14364
2902,27,1,156687
2902,39,3,100595
2903,417,5,13389
2904,409,4,353178
2904,1,1,30460
2904,122,4,58379
2904,301,3,163056
2904,420,4,337141
2905,260,3,198369
2905,478,3,30883
2905,321,4,117567
2906,424,4,71953
2906,319,4,13408
2907,201,2,31948
2907,341,3,72235
2907,193,5,21914
2907,82,2,137182
2907,238,5,13772
2908,294,1,24516
2908,12,4,19732
2908,288,2,37239
2909,173,1,65328
2909,485,4,23113
2909,313,3,28221
2909,63,1,16864
2910,90,3,46285
2910,428,3,101575
2910,58,5,18434
2911,418,3,74261
2912,272,5,126874
2912,483,3,19217
2912,19,4,46145
2912,89,4,28187
2913,197,1,56261
2913,321,1,117567
2914,114,1,165626
2914,185,1,21284
2914,412,4,63565
2914,108,2,14119
2915,311,2,26373
2915,484,3,38947
2916,143,1,32664
2916,276,1,31306
2916,278,1,213791
2917,355,4,32016
2918,267,3,70542
2918,396,5,108856
2918,424,5,71953
2919,92,4,49542
2919,127,5,72595
2919,81,5,16640
2920,446,3,28425
2920,17,1,39052
2920,422,4,84671
2921,432,2,10521
2921,334,2,178337
2921,166,5,12541
2922,428,4,101575
2922,26,2,17025
2922,394,4,26520
2922,135,3,68026
2923,164,4,105636
2923,66,5,94469
2924,216,2,126332
2924,245,3,32690
2924,101,3,18123
2924,293,2,60030
2924,64,4,16958
2925,321,3,117567
2926,183,2,25987
2926,94,3,58365
2926,166,3,12541
2927,295,5,4752
2927,356,4,13766
2927,160,5,31418
2927,468,5,28516
2928,282,5,79545
2928,168,5,50130
2929,192,2,57730
2930,356,2,13766
2930,142,4,3835
2930,320,2,353761
2930,340,4,19725
2931,275,4,144381
2931,17,1,39052
2931,344,2,209531
2932,500,3,26997
2932,401,4,14740
2932,69,5,341185
2932,411,2,54390
2933,150,4,9051
2933,200,4,17698
2934,126,2,26687
2934,47,5,97070
2934,487,5,46116
2935,301,3,163056
2935,288,4,37239
2936,45,5,177896
2936,277,2,97231
2936,449,5,245241
2936,272,4,126874
2936,451,4,107375
2937,90,2,46285
2937,472,5,36408
2937,63,3,16864
2937,54,5,253598
2937,200,2,17698
2938,10,4,23500
2938,141,4,26582
2939,355,1,32016
2939,316,4,110095
2939,482,1,202407
2939,92,2,49542
2939,425,2,55700
2940,273,3,21099
2940,38,5,23812
2940,256,4,19337
2941,196,5,9369
2942,24,1,151640
2942,23,4,17339
2943,69,3,341185
2943,87,1,40788
2943,343,5,30610
2943,92,4,49542
2943,3,1,16395
2944,119,5,126842
2945,362,2,163523
2945,368,1,11692
2946,496,4,15155
2946,150,3,9051
2946,327,3,46032
2946,407,5,90865
2947,281,1,39335
2948,33,5,40980
2948,316,2,110095
2948,491,1,329786
2948,74,4,66338
2948,20,4,40179
2949,400,4,38896
2949,132,2,50067
2950,60,2,91561
2950,37,4,95128
2950,153,2,45281
2950,102,4,104057
2950,180,1,95722
2951,305,3,133725
2951,392,2,96682
2951,333,2,33838
2951,431,3,23838
2951,356,1,13766
2952,391,2,118125
2952,159,3,13360
2953,47,4,97070
2953,27,2,156687
2953,248,1,63230
2953,488,5,5098
2954,406,2,45566
2954,293,2,60030
2954,492,2,21824
2954,440,1,45817
2954,220,3,30297
2955,413,2,160936
2955,8,4,45692
2955,180,4,95722
2955,292,1,38803
2955,214,5,135750
2956,87,1,40788
2956,372,3,135500
2956,293,1,60030
2957,232,3,46489
2958,295,2,4752
2958,319,2,13408
2958,268,1,245217
2958,79,3,284973
2959,386,5,27994
2960,64,3,16958
2960,150,3,9051
2960,170,3,22358
2961,362,3,163523
2961,465,4,18047
2961,28,4,262645
2961,301,3,163056
2961,483,4,19217
2962,134,2,27301
2962,39,1,100595
2962,53,2,174455
2963,320,1,353761
2964,207,3,38826
2964,117,2,64514
2964,452,2,10853
2965,168,1,50130
2965,40,5,366700
2965,496,4,15155
2965,33,5,40980
2965,330,5,13065
2966,87,5,40788
2966,139,1,33059
2966,173,1,65328
2966,11,5,28502
2967,386,1,27994
2967,32,5,27405
2968,290,2,195202
2968,49,2,135654
2968,229,2,8418
2968,304,2,52325
2969,35,3,10454
2969,472,4,36408
2969,212,5,5586
2970,423,2,114188
2970,126,5,26687
2970,70,4,97975
2970,245,1,32690
2970,129,3,5827
2971,173,3,65328
2971,5,5,43504
2971,188,2,29382
2971,6,5,46366
2971,88,2,34078
2972,443,5,15672
2972,210,2,233057
2973,175,2,80636
2973,13,4,62062
2973,45,3,177896
2973,226,3,46493
2974,172,1,113684
2975,192,2,57730
2975,139,4,33059
2975,141,2,26582
2975,219,1,199512
2975,90,2,46285
2976,278,2,213791
2976,298,5,33167
2977,422,1,84671
2977,37,5,95128
2977,110,1,89656
2977,201,4,31948
2977,302,4,174010
2978,44,4,38256
2978,21,1,4967
2978,148,4,36417
2978,190,1,35521
2978,498,5,232103
2979,48,3,4403
2979,474,5,19972
2979,172,2,113684
2979,249,1,26469
2979,129,4,5827
2980,108,2,14119
2980,229,1,8418
2980,460,5,3548
2981,330,4,13065
2981,18,3,106801
2981,131,4,24943
2982,303,1,66948
2983,351,2,30502
2983,433,4,104248
2983,163,5,2388
2983,105,2,2703
2984,136,4,52918
2984,434,1,20170
2985,340,3,19725
2985,135,2,68026
2985,383,4,7803
2986,392,2,96682
2986,391,2,118125
2986,13,4,62062
2986,403,1,204017
2986,15,2,53076
2987,262,2,113819
2987,369,2,12491
2987,98,3,33877
2987,207,5,38826
2987,47,4,97070
2988,412,3,63565
2988,448,1,12674
2989,64,3,16958
2989,168,1,50130
2989,124,3,72493
2989,354,4,49452
2990,241,4,8530
2990,169,4,178723
2990,493,2,89214
2990,13,4,62062
2990,339,5,46398
2991,389,1,50329
2991,342,5,49463
2991,446,3,28425
2991,40,3,366700
2992,333,3,33838
2992,95,1,39750
2992,42,4,269340
2992,82,4,137182
2993,261,1,110716
2993,280,5,31887
2993,361,3,15440
2993,116,3,139479
2993,176,2,282106
2994,215,1,24668
2994,319,4,13408
2994,476,4,6653
2994,276,3,31306
2994,413,1,160936
2995,414,4,278944
2995,367,3,385569
2996,280,4,31887
2997,195,2,45299
2997,485,5,23113
2997,438,1,23481
2997,252,2,30564
2997,398,5,122257
2998,265,2,228182
2998,14,4,44460
2999,122,4,58379
2999,144,1,3348
2999,408,1,169925
2999,160,2,31418
3000,235,2,12586
3000,300,2,19728
3000,271,2,87661
3001,15,3,53076
3001,46,3,29243
3001,127,1,72595
3001,224,5,178542
3001,381,3,3620
3002,455,2,21022
3003,378,4,5364
3003,11,5,28502
3004,273,5,21099
3004,442,2,33478
3004,125,3,3329
3005,268,1,245217
3005,356,1,13766
3005,486,2,12910
3006,201,5,31948
3006,207,5,38826
3007,329,3,23164
3008,297,1,152414
3008,96,4,218785
3008,263,1,181135
3008,248,4,63230
3008,124,4,72493
3009,307,4,25820
3009,389,3,50329
3009,381,2,3620
3009,88,3,34078
3009,386,4,27994
3010,43,5,46765
3010,63,1,16864
3011,74,5,66338
3012,36,3,39591
3012,291,3,198170
3012,484,1,38947
3013,446,4,28425
3014,455,5,21022
3014,13,4,62062
3014,202,2,30734
3015,109,5,28029
3016,24,3,151640
3017,281,2,39335
3017,287,1,38127
3017,309,4,6928
3017,344,2,209531
3017,500,1,26997
3018,88,1,34078
3018,328,2,322486
3018,53,2,174455
3019,156,4,43299
3019,393,5,66531
3020,101,3,18123
3020,229,1,8418
3020,22,5,140911
3020,230,4,5812
3021,264,1,127162
3021,333,3,33838
3022,348,3,203414
3022,479,4,124870
3022,112,2,20511
3023,224,1,178542
3023,258,3,46266
3024,423,5,114188
3024,314,1,291451
3025,92,4,49542
3025,281,3,39335
3025,118,5,45795
3025,220,1,30297
3026,97,1,29008
3026,445,2,44894
3026,52,3,94514
3026,337,2,22216
3026,240,5,11336
3027,321,3,117567
3028,452,1,10853
3028,223,2,50138
3029,185,4,21284
3029,272,2,126874
3029,499,5,6622
3029,442,4,33478
3030,366,1,6107
3030,342,3,49463
3031,361,4,15440
3031,340,2,19725
3031,375,2,304045
3031,305,2,133725
3031,457,4,43692
3032,15,3,53076
3032,211,5,236041
3032,24,1,151640
3032,278,2,213791
3032,428,1,101575
3033,305,4,133725
3033,264,3,127162
3033,197,1,56261
3033,356,5,13766
3033,130,4,103020
3034,147,1,17331
3034,395,2,12207
3034,481,4,50319
3034,478,1,30883
3034,198,2,303186
3035,82,3,137182
3036,341,2,72235
3036,266,2,3862
3037,172,1,113684
3038,290,4,195202
3038,243,4,37716
3038,490,3,21175
3038,357,4,89463
3038,414,5,278944
3039,54,1,253598
3039,127,5,72595
3039,204,5,21413
3040,191,5,67223
3040,121,5,295195
3040,67,5,27366
3040,88,5,34078
3040,118,5,45795
3041,149,4,9848
3041,271,5,87661
3041,413,2,160936
3041,492,1,21824
3041,463,5,93210
3042,86,1,38482
3042,272,2,126874
3042,223,2,50138
3043,336,2,9486
3044,251,2,136070
3044,243,3,37716
3045,44,3,38256
3045,58,3,18434
3045,476,1,6653
3046,2,4,1161
3047,249,4,26469
3047,456,4,53827
3047,318,2,49519
3047,305,3,133725
3048,313,1,28221
3048,492,1,21824
3049,261,5,110716
3049,55,3,195035
3049,497,3,25163
3049,266,1,3862
3050,78,2,46284
3051,339,2,46398
3051,169,3,178723
3051,279,3,26587
3051,265,4,228182
3052,392,3,96682
3053,63,3,16864
3054,215,4,24668
3054,56,4,47059
3054,403,2,204017
3054,373,2,16339
3055,174,3,14927
3055,246,3,55705
3055,382,2,96598
3055,199,5,183584
3055,467,1,64096
3056,107,5,22966
3057,177,1,19098
3057,319,1,13408
3057,166,3,12541
3057,44,3,38256
3057,365,1,1681
3058,370,5,241518
3058,28,4,262645
3058,260,5,198369
3059,216,3,126332
3060,408,5,169925
3060,468,1,28516
3060,1,3,30460
3060,376,2,62184
3061,326,3,4873
3062,414,1,278944
3062,386,2,27994
3062,316,4,110095
3063,63,3,16864
3063,98,4,33877
3064,225,4,376537
3065,121,1,295195
3065,305,5,133725
3066,431,3,23838
3067,202,1,30734
3067,50,1,31053
3068,39,3,100595
3068,62,4,191660
3068,225,5,376537
3069,427,1,11528
3069,303,4,66948
3069,190,2,35521
3069,386,4,27994
3070,421,1,16165
3071,488,2,5098
3072,497,2,25163
3072,70,5,97975
3072,202,5,30734
3073,182,2,100465
3073,298,3,33167
3074,386,2,27994
3074,238,2,13772
3074,230,4,5812
3074,439,1,76172
3074,331,5,215153
3075,457,3,43692
3075,13,5,62062
3076,269,5,216861
3077,201,1,31948
3077,482,1,202407
3077,371,2,6925
3077,117,1,64514
3077,463,1,93210
3078,96,5,218785
3078,75,4,14201
3078,12,1,19732
3079,456,1,53827
3079,493,1,89214
3079,437,2,32226
3080,194,3,278145
3080,87,1,40788
3080,462,1,84658
3080,179,1,147980
3080,15,4,53076
3081,413,4,160936
3081,448,4,12674
3081,373,4,16339
3081,427,1,11528
3082,300,4,19728
3082,87,2,40788
3082,404,5,80639
3082,219,3,199512
3083,379,4,84354
3083,321,5,117567
3083,415,1,21167
3084,388,2,281397
3084,175,4,80636
3084,430,3,246618
3084,98,3,33877
3085,387,5,72331
3086,334,5,178337
3086,26,4,17025
3086,16,2,12466
3086,297,2,152414
3086,435,2,2101
3087,119,5,126842
3087,475,2,364569
3087,296,4,26698
3088,460,2,3548
3089,155,3,11589
3089,421,5,16165
3089,280,4,31887
3090,229,3,8418
3090,159,5,13360
3090,366,4,6107
3090,173,3,65328
3090,270,1,279510
3091,25,3,21895
3091,93,1,223976
3091,412,1,63565
3091,243,3,37716
3092,178,2,42065
3092,183,1,25987
3093,302,1,174010
3094,315,1,254338
3094,261,3,110716
3094,47,1,97070
3094,385,5,130577
3094,399,1,70186
3095,285,1,25867
3095,358,4,161738
3095,127,5,72595
3095,370,3,241518
3096,277,4,97231
3096,275,2,144381
3096,197,5,56261
3096,287,2,38127
3097,184,4,94140
3097,322,3,69626
3097,449,5,245241
3097,305,5,133725
3097,233,2,70397
3098,384,5,12824
3099,350,1,30892
3100,314,1,291451
3100,405,4,50824
3100,164,5,105636
3100,97,2,29008
3100,232,4,46489
3101,48,1,4403
3101,144,4,3348
3101,433,2,104248
3102,366,5,6107
3102,330,4,13065
3102,363,1,17442
3103,248,1,63230
3104,417,5,13389
3104,206,3,161706
3104,33,1,40980
3104,88,4,34078
3104,287,1,38127
3105,348,4,203414
3105,449,4,245241
3105,210,4,233057
3106,434,4,20170
3106,83,2,117842
3106,354,1,49452
3107,348,5,203414
3107,258,4,46266
3107,313,3,28221
3108,487,3,46116
3108,294,1,24516
3108,188,4,29382
3108,244,5,81779
3109,294,5,24516
3109,370,2,241518
3109,374,1,197138
3109,446,2,28425
3109,226,5,46493
3110,52,2,94514
3110,67,1,27366
3111,243,5,37716
3111,45,4,177896
3111,447,4,17438
3112,487,4,46116
3113,51,3,63866
3114,283,1,18422
3114,311,3,26373
3114,67,5,27366
3114,467,4,64096
3115,132,4,50067
3115,55,1,195035
3115,418,1,74261
3116,81,2,16640
3116,228,4,59191
3116,115,5,46906
3117,42,4,269340
3117,74,3,66338
3117,442,2,33478
3117,33,1,40980
3118,409,3,353178
3118,469,3,25965
3119,344,1,209531
3119,324,1,246505
3119,315,4,254338
3119,253,2,33950
3119,258,4,46266
3120,271,2,87661
3121,122,5,58379
3121,418,1,74261
3121,392,5,96682
3122,103,2,49500
3123,323,3,1715
3123,265,3,228182
3123,487,3,46116
3123,153,3,45281
3124,330,5,13065
3124,65,2,30850
3124,15,1,53076
3124,146,2,25217
3124,185,1,21284
3125,77,4,29468
3125,143,4,32664
3126,351,5,30502
3127,253,3,33950
3127,314,4,291451
3127,491,4,329786
3128,465,1,18047
3129,371,3,6925
3129,267,2,70542
3130,172,1,113684
3130,378,2,5364
3130,311,1,26373
3130,151,2,159955
3130,215,4,24668
3131,20,5,40179
3131,469,5,25965
3132,424,3,71953
3132,126,4,26687
3132,202,5,30734
3132,441,3,39469
3132,389,2,50329
3133,258,3,46266
3133,29,4,217876
3133,163,2,2388
3134,86,2,38482
3134,313,3,28221
3134,311,2,26373
3135,403,1,204017
3136,324,2,246505
3136,369,3,12491
3137,178,2,42065
3137,426,4,97056
3137,344,3,209531
3138,402,3,30524
3138,62,5,191660
3138,374,1,197138
3139,255,4,5246
3139,259,2,204654
3139,129,2,5827
3140,17,4,39052
3140,359,2,153672
3140,183,5,25987
3141,357,1,89463
3141,225,4,376537
3141,310,2,6597
3141,291,5,198170
3141,128,4,18782
3142,76,4,16359
3142,239,4,104124
3143,349,1,175402
3143,278,5,213791
3143,167,1,349988
3143,273,2,21099
3144,340,1,19725
3144,10,1,23500
3144,77,5,29468
3144,327,5,46032
3144,345,2,205943
3145,255,1,5246
3146,215,1,24668
3146,497,1,25163
3146,34,3,88927
3147,17,1,39052
3147,77,5,29468
3148,142,3,3835
3149,22,4,140911
3149,415,5,21167
3150,97,5,29008
3150,231,1,33257
3151,495,2,21011
3151,343,1,30610
3151,335,5,325437
3151,164,3,105636
3151,46,1,29243
3152,46,4,29243
3153,402,4,30524
3153,476,2,6653
3153,192,2,57730
3153,441,4,39469
3154,102,5,104057
3155,298,4,33167
3155,491,3,329786
3156,121,1,295195
3157,30,1,18635
3158,46,1,29243
3158,446,4,28425
3158,175,4,80636
3158,227,5,34328
3159,297,3,152414
3159,293,1,60030
3160,386,3,27994
3160,313,2,28221
3160,85,2,11618
3161,77,2,29468
3161,149,5,9848
3161,267,2,70542
3162,194,5,278145
3162,150,1,9051
3163,347,1,17871
3163,488,4,5098
3163,382,5,96598
3164,380,2,76284
3164,418,2,74261
3165,283,4,18422
3165,318,3,49519
3166,53,2,174455
3166,125,2,3329
3166,344,1,209531
3166,45,3,177896
3167,458,3,71947
3167,432,2,10521
3167,410,4,25982
3167,131,4,24943
3167,403,2,204017
3168,44,1,38256
3168,466,1,56723
3168,493,1,89214
3168,211,3,236041
3168,335,3,325437
3169,230,1,5812
3169,396,3,108856
3170,335,4,325437
3170,73,2,190146
3170,302,5,174010
3171,489,1,83195
3171,62,4,191660
3171,340,3,19725
3171,37,1,95128
3172,84,1,301427
3173,141,3,26582
3173,20,1,40179
3173,10,2,23500
3173,208,2,109078
3174,242,2,31952
3174,378,4,5364
3175,299,5,244845
3176,148,1,36417
3177,51,1,63866
3177,428,3,101575
3177,146,5,25217
3178,71,4,322513
3179,400,2,38896
3180,347,1,17871
3181,263,3,181135
3181,93,2,223976
3181,176,1,282106
3181,37,3,95128
3181,335,2,325437
3182,177,5,19098
3183,425,5,55700
3183,231,4,33257
3184,207,4,38826
3184,372,1,135500
3185,76,2,16359
3185,254,4,37839
3186,396,3,108856
3186,33,4,40980
3187,429,1,25549
3187,193,2,21914
3187,494,3,339385
3187,349,3,175402
3187,500,1,26997
3188,89,3,28187
3188,75,3,14201
3188,409,1,353178
3188,233,5,70397
3188,11,4,28502
3189,316,5,110095
3189,271,4,87661
3190,79,2,284973
3190,55,5,195035
3191,9,1,14154
3191,353,4,64555
3191,89,1,28187
3191,145,2,213841
3192,296,5,26698
3193,287,4,38127
3193,454,1,31060
3193,176,5,282106
3193,410,4,25982
3193,401,2,14740
3194,169,2,178723
3195,177,1,19098
3195,475,3,364569
3195,257,3,48066
3195,395,3,12207
3196,421,1,16165
3197,474,2,19972
3197,445,3,44894
3197,49,2,135654
3198,72,3,13930
3198,189,1,37505
3198,66,3,94469
3198,262,4,113819
3199,15,1,53076
3200,239,1,104124
3201,254,2,37839
3201,337,3,22216
3202,105,4,2703
3202,443,3,15672
3202,466,5,56723
3202,333,4,33838
3202,163,2,2388
3203,434,1,20170
3203,187,5,209644
3203,54,5,253598
3203,489,1,83195
3204,244,4,81779
3204,174,4,14927
3205,252,1,30564
3205,306,3,21631
3206,46,1,29243
3206,195,1,45299
3206,391,3,118125
3206,451,4,107375
3206,218,3,23819
3207,382,3,96598
3207,428,2,101575
3208,430,2,246618
3209,54,4,253598
3209,97,4,29008
3209,315,5,254338
3209,497,2,25163
3210,438,3,23481
3210,410,3,25982
3210,19,2,46145
3210,334,4,178337
3211,111,3,54394
3211,143,1,32664
3211,122,2,58379
3212,343,4,30610
3212,78,4,46284
3212,479,2,124870
3213,21,2,4967
3213,181,3,135041
3213,274,2,29236
3213,8,3,45692
3213,233,1,70397
3214,99,2,318029
3214,399,1,70186
3214,308,3,132875
3214,312,2,3394
3214,443,3,15672
3215,421,2,16165
3215,480,1,56026
3215,409,3,353178
3215,238,2,13772
3215,460,3,3548
3216,327,4,46032
3216,393,1,66531
3216,323,3,1715
3216,447,2,17438
3216,246,5,55705
3217,168,3,50130
3217,69,4,341185
3217,417,4,13389
3218,83,3,117842
3219,129,3,5827
3219,314,2,291451
3220,345,5,205943
3220,161,2,57428
3220,201,2,31948
3220,108,1,14119
3220,274,3,29236
3221,122,1,58379
3221,148,4,36417
3221,421,3,16165
3221,85,5,11618
3222,3,2,16395
3222,142,4,3835
3223,162,1,214499
3223,492,1,21824
3224,112,4,20511
3224,457,4,43692
3224,238,5,13772
3225,304,3,52325
3225,248,4,63230
3226,384,2,12824
3226,186,4,94727
3226,296,3,26698
3227,150,1,9051
3228,31,2,4757
3228,452,3,10853
3229,181,4,135041
3230,398,4,122257
3230,173,2,65328
3230,347,1,17871
3230,245,1,32690
3230,348,1,203414
3231,378,4,5364
3231,67,2,27366
3231,440,1,45817
3232,401,1,14740
3232,306,3,21631
3232,489,5,83195
3233,218,2,23819
3233,374,5,197138
3233,59,1,16564
3233,392,2,96682
3234,168,5,50130
3234,186,1,94727
3235,85,1,11618
3235,377,1,84604
3235,490,1,21175
3235,497,3,25163
3235,271,3,87661
3236,351,3,30502
3236,318,2,49519
3236,131,5,24943
3236,192,2,57730
3236,267,3,70542
3237,282,3,79545
3237,389,1,50329
3237,467,3,64096
3237,239,2,104124
3237,425,4,55700
3238,50,3,31053
3238,180,2,95722
3239,15,2,53076
3239,253,4,33950
3239,115,4,46906
3239,346,3,13653
3239,31,2,4757
3240,244,3,81779
3240,435,1,2101
3241,12,2,19732
3241,350,4,30892
3241,128,5,18782
3241,394,4,26520
3241,499,1,6622
3242,35,3,10454
3242,130,2,103020
3242,71,2,322513
3243,349,1,175402
3244,461,1,4179
3245,451,2,107375
3245,277,2,97231
3246,88,5,34078
3246,308,1,132875
3246,183,1,25987
3246,188,4,29382
3247,15,5,53076
3247,384,3,12824
3248,45,3,177896
3248,150,2,9051
3248,442,3,33478
3248,107,1,22966
3249,267,3,70542
3249,210,5,233057
3249,166,3,12541
3250,177,1,19098
3250,129,3,5827
3251,379,2,84354
3251,375,4,304045
3251,410,5,25982
3252,434,5,20170
3253,496,2,15155
3253,95,3,39750
3253,439,5,76172
3253,329,2,23164
3253,5,5,43504
3254,299,3,244845
3254,390,1,77909
3254,432,2,10521
3254,356,1,13766
3254,41,2,13733
3255,97,3,29008
3255,178,2,42065
3255,313,1,28221
3255,83,1,117842
3255,407,5,90865
3256,478,3,30883
3256,146,5,25217
3257,130,1,103020
3257,54,5,253598
3258,486,5,12910
3258,414,5,278944
3258,23,1,17339
3258,194,1,278145
3258,494,5,339385
3259,166,1,12541
3259,42,4,269340
3259,327,1,46032
3260,213,4,12503
3260,288,2,37239
3260,140,3,297192
3260,271,2,87661
3260,167,2,349988
3261,433,4,104248
3261,155,3,11589
3261,64,2,16958
3262,216,5,126332
3262,367,3,385569
3262,240,3,11336
3263,475,3,364569
3263,419,4,78777
3263,363,2,17442
3263,320,2,353761
3263,326,4,4873
3264,289,1,50842
3264,29,5,217876
3264,206,5,161706
3264,95,1,39750
3264,404,5,80639
3265,50,5,31053
3265,27,3,156687
3266,357,2,89463
3266,335,1,325437
3266,86,3,38482
3267,369,3,12491
3268,337,5,22216
3268,461,5,4179
3268,383,4,7803
3268,27,3,156687
3269,62,1,191660
3269,204,1,21413
3269,273,3,21099
3270,88,4,34078
3270,359,1,153672
3270,397,5,9374
3270,69,2,341185
3271,99,3,318029
3271,467,5,64096
3271,104,4,14364
3271,326,1,4873
3271,181,2,135041
3272,455,2,21022
3272,36,2,39591
3272,196,5,9369
3273,126,5,26687
3273,293,1,60030
3273,9,3,14154
3273,48,1,4403
3273,181,4,135041
3274,390,2,77909
3274,262,4,113819
3274,205,3,15342
3274,169,3,178723
3275,472,4,36408
3275,336,5,9486
3275,124,2,72493
3275,380,5,76284
3276,399,1,70186
3276,85,1,11618
3276,338,2,21332
3276,148,1,36417
3277,50,5,31053
3277,156,4,43299
3277,189,3,37505
3277,193,3,21914
3277,116,3,139479
3278,249,3,26469
3278,201,5,31948
3278,88,2,34078
3279,419,4,78777
3279,439,4,76172
3279,364,1,11269
3280,144,3,3348
3281,421,3,16165
3281,477,5,222378
3281,253,4,33950
3281,81,3,16640
3281,43,1,46765
3282,438,3,23481
3282,308,1,132875
3283,291,4,198170
3283,154,2,87423
3284,394,1,26520
3284,178,4,42065
3284,351,2,30502
3284,96,2,218785
3285,415,1,21167
3285,487,1,46116
3286,3,4,16395
3286,498,4,232103
3286,1,1,30460
3286,249,1,26469
3286,440,1,45817
3287,115,5,46906
3287,399,2,70186
3287,292,2,38803
3287,301,1,163056
3287,193,5,21914
3288,24,4,151640
3288,214,4,135750
3289,439,5,76172
3289,484,1,38947
3289,19,4,46145
3290,45,3,177896
3290,360,1,41689
3290,262,2,113819
3290,112,2,20511
3291,99,1,318029
3291,353,5,64555
3291,189,4,37505
3292,164,2,105636
3292,116,1,139479
3292,180,1,95722
3292,299,2,244845
3292,400,4,38896
3293,253,1,33950
3293,386,5,27994
3293,308,1,132875
3294,370,3,241518
3294,219,4,199512
3294,113,1,272293
3294,340,5,19725
3294,396,3,108856
3295,132,4,50067
3295,158,3,186789
3295,403,4,204017
3296,93,2,223976
3296,341,4,72235
3296,315,5,254338
3297,224,5,178542
3298,472,2,36408
3299,286,2,6843
3299,363,5,17442
3299,423,5,114188
3299,440,1,45817
3299,468,3,28516
3300,447,4,17438
3300,216,4,126332
3300,56,3,47059
3300,205,4,15342
3301,214,1,135750
3301,167,1,349988
3301,476,2,6653
3301,150,3,9051
3302,115,4,46906
3302,470,2,89384
3302,18,3,106801
3302,405,2,50824
3302,440,1,45817
3303,76,3,16359
3304,429,3,25549
3304,7,3,256638
3304,68,4,25262
3304,421,3,16165
3304,20,2,40179
3305,3,1,16395
3306,394,5,26520
3307,457,5,43692
3307,73,4,190146
3307,339,2,46398
3307,445,5,44894
3307,378,5,5364
3308,42,3,269340
3308,390,3,77909
3308,257,5,48066
3308,103,1,49500
3308,249,4,26469
3309,397,2,9374
3309,442,5,33478
3310,378,3,5364
3310,171,2,24723
3311,39,5,100595
3311,319,2,13408
3312,226,5,46493
3312,38,2,23812
3312,176,3,282106
3312,198,2,303186
3313,148,1,36417
3313,74,4,66338
3313,20,3,40179
3314,200,4,17698
3314,460,4,3548
3314,81,5,16640
3315,237,1,19452
3315,161,2,57428
3316,39,3,100595
3316,238,3,13772
3316,336,2,9486
3316,267,4,70542
3316,493,4,89214
3317,177,1,19098
3317,85,1,11618
3317,126,1,26687
3318,56,2,47059
3318,275,3,144381
3318,126,3,26687
3318,30,3,18635
3318,120,5,40593
3319,90,5,46285
3319,136,4,52918
3319,382,1,96598
3319,359,2,153672
3320,24,3,151640
3320,157,4,73175
3320,409,1,353178
3321,186,3,94727
3321,371,3,6925
3321,499,5,6622
3321,210,2,233057
3321,263,3,181135
3322,68,3,25262
3323,10,3,23500
3323,474,5,19972
3323,47,1,97070
3323,452,4,10853
3323,382,4,96598
3324,414,1,278944
3324,62,1,191660
3324,194,1,278145
3325,289,5,50842
3325,256,4,19337
3325,100,5,42292
3325,418,5,74261
3325,228,1,59191
3326,150,5,9051
3326,331,2,215153
3326,20,2,40179
3326,90,4,46285
3327,200,2,17698
3327,360,5,41689
3327,367,2,385569
3327,405,2,50824
3327,346,5,13653
3328,219,2,199512
3328,224,2,178542
3328,207,4,38826
3328,54,5,253598
3329,152,3,18477
3329,360,1,41689
3330,111,4,54394
3330,413,3,160936
3331,382,1,96598
3331,106,1,322592
3332,41,2,13733
3332,228,5,59191
3332,419,4,78777
3333,183,5,25987
3333,256,4,19337
3333,398,1,122257
3334,339,5,46398
3334,196,1,9369
3335,70,4,97975
3335,5,4,43504
3336,237,1,19452
3336,432,3,10521
3336,1,2,30460
3337,421,1,16165
3337,426,5,97056
3337,141,1,26582
3337,229,3,8418
3337,467,1,64096
3338,170,4,22358
3338,478,2,30883
3338,6,4,46366
3339,263,1,181135
3339,471,2,162289
3339,32,5,27405
3340,45,3,177896
3341,73,4,190146
3341,151,1,159955
3341,499,2,6622
3341,449,3,245241
3341,210,4,233057
3342,124,3,72493
3342,170,3,22358
3343,238,2,13772
3343,475,4,364569
3343,99,5,318029
3343,191,3,67223
3344,497,4,25163
3344,359,2,153672
3344,109,4,28029
3345,25,4,21895
3346,47,2,97070
3346,219,5,199512
3346,90,2,46285
3346,344,4,209531
3346,202,3,30734
3347,191,3,67223
3347,12,3,19732
3347,394,3,26520
3348,53,3,174455
3349,394,1,26520
3349,390,3,77909
3349,474,4,19972
3350,368,2,11692
3350,325,3,17404
3351,173,1,65328
3351,435,4,2101
3351,55,2,195035
3352,7,3,256638
3352,216,1,126332
3353,317,1,6176
3353,222,2,59357
3353,372,2,135500
3353,189,1,37505
3353,174,4,14927
3354,443,2,15672
3355,230,3,5812
3356,419,5,78777
3356,328,5,322486
3357,485,1,23113
3357,426,4,97056
3357,386,1,27994
3357,452,2,10853
3357,70,1,97975
3358,406,3,45566
3358,154,2,87423
3359,252,4,30564
3359,198,3,303186
3359,376,4,62184
3359,208,5,109078
3359,458,5,71947
3360,123,1,279054
3361,244,3,81779
3361,493,3,89214
3361,106,3,322592
3361,9,5,14154
3362,258,1,46266
3362,9,4,14154
3363,322,3,69626
3363,478,3,30883
3363,258,1,46266
3363,188,2,29382
3364,158,5,186789
3365,137,1,188948
3365,22,1,140911
3365,146,3,25217
3365,346,4,13653
3365,348,1,203414
3366,453,3,96234
3367,401,2,14740
3368,32,1,27405
3369,293,1,60030
3369,365,5,1681
3369,7,3,256638
3370,375,4,304045
3371,102,5,104057
3371,365,1,1681
3371,290,4,195202
3372,138,5,107533
3372,87,1,40788
3372,55,5,195035
3372,390,2,77909
3373,498,4,232103
3373,194,3,278145
3373,484,3,38947
3373,213,1,12503
3374,398,2,122257
3374,454,2,31060
3374,64,3,16958
3375,39,1,100595
3376,192,3,57730
3376,75,5,14201
3376,213,5,12503
3376,349,2,175402
3376,182,4,100465
3377,241,1,8530
3378,83,3,117842
3378,179,2,147980
3379,64,4,16958
3379,59,5,16564
3380,352,3,165672
3380,356,5,13766
3380,366,3,6107
3381,312,3,3394
3381,204,3,21413
3381,404,2,80639
3381,475,4,364569
3382,176,4,282106
3382,24,1,151640
3382,55,4,195035
3382,277,4,97231
3382,93,3,223976
3383,455,2,21022
3384,103,4,49500
3384,79,5,284973
3384,276,5,31306
3384,195,1,45299
3384,446,5,28425
3385,336,1,9486
3385,10,1,23500
3385,248,2,63230
3386,250,5,57769
3386,376,5,62184
3386,18,5,106801
3386,184,5,94140
3386,9,4,14154
3387,171,2,24723
3387,17,3,39052
3387,212,2,5586
3388,371,2,6925
3388,46,2,29243
3388,149,2,9848
3388,466,2,56723
3389,9,4,14154
3389,350,5,30892
3390,253,1,33950
3390,136,2,52918
3390,482,1,202407
3390,419,3,78777
3390,246,4,55705
3391,38,4,23812
3391,465,5,18047
3391,404,4,80639
3391,443,5,15672
3391,291,4,198170
3392,434,3,20170
3392,42,5,269340
3392,146,5,25217
3392,273,5,21099
3392,352,3,165672
3393,480,4,56026
3394,110,2,89656
3394,297,4,152414
3394,52,4,94514
3395,317,1,6176
3396,439,1,76172
3396,156,3,43299
3396,267,3,70542
3396,318,5,49519
3396,329,4,23164
3397,391,5,118125
3397,480,5,56026
3397,370,4,241518
3397,300,5,19728
3397,382,1,96598
3398,249,4,26469
3398,417,4,13389
3398,63,5,16864
3398,478,3,30883
3399,413,2,160936
3399,451,5,107375
3400,252,1,30564
3400,384,1,12824
3401,22,3,140911
3401,145,2,213841
3402,45,1,177896
3402,416,4,29781
3402,343,4,30610
3403,227,2,34328
3404,237,3,19452
3404,315,5,254338
3404,160,5,31418
3405,462,3,84658
3405,87,4,40788
3405,409,4,353178
3406,54,3,253598
3407,90,4,46285
3407,164,3,105636
3407,282,1,79545
3407,448,1,12674
3408,53,2,174455
3409,425,2,55700
3409,158,3,186789
3409,308,5,132875
3409,299,1,244845
3409,279,4,26587
3410,488,3,5098
3411,336,5,9486
3411,198,3,303186
3411,284,5,216354
3411,66,2,94469
3411,131,4,24943
3412,93,2,223976
3412,391,4,118125
3412,469,5,25965
3413,42,3,269340
3413,377,3,84604
3413,87,1,40788
3414,149,1,9848
3415,326,2,4873
3415,447,1,17438
3416,313,3,28221
3416,352,1,165672
3417,136,1,52918
3417,458,1,71947
3417,197,2,56261
3417,216,2,126332
3417,183,3,25987
3418,341,4,72235
3418,278,1,213791
3419,279,4,26587
3419,179,4,147980
3419,123,5,279054
3419,399,1,70186
3420,485,4,23113
3421,80,5,27685
3421,153,4,45281
3421,124,5,72493
3422,44,2,38256
3422,438,3,23481
3422,192,3,57730
3423,43,4,46765
3423,109,3,28029
3423,40,5,366700
3424,429,5,25549
3424,190,3,35521
3424,460,1,3548
3424,344,2,209531
3424,154,3,87423
3425,348,1,203414
3425,331,3,215153
3426,117,3,64514
3426,199,5,183584
3427,249,3,26469
3427,25,3,21895
3427,58,3,18434
3428,440,2,45817
3428,383,3,7803
3428,429,3,25549
3429,252,5,30564
3429,94,4,58365
3429,1,4,30460
3429,416,3,29781
3429,240,3,11336
3430,176,3,282106
3430,101,1,18123
3430,91,2,6014
3431,426,2,97056
3431,247,1,3753
3431,46,5,29243
3431,93,2,223976
3431,442,1,33478
3432,48,4,4403
3432,160,2,31418
3433,32,1,27405
3433,85,1,11618
3433,123,5,279054
3433,9,1,14154
3433,284,4,216354
3434,316,5,110095
3434,273,4,21099
3434,123,2,279054
3435,152,5,18477
3435,19,1,46145
3435,432,1,10521
3435,74,5,66338
3435,390,4,77909
3436,308,1,132875
3436,69,5,341185
3436,34,2,88927
3437,191,5,67223
3438,479,5,124870
3438,61,4,83470
3438,146,5,25217
3438,204,3,21413
3439,42,2,269340
3439,59,2,16564
3440,305,4,133725
3441,151,2,159955
3441,245,3,32690
3442,356,3,13766
3442,302,4,174010
3442,315,2,254338
3443,293,5,60030
3443,331,3,215153
3444,328,3,322486
3444,450,2,18155
3445,188,2,29382
3445,296,2,26698
3446,77,4,29468
3447,353,5,64555
3447,54,4,253598
3448,378,5,5364
3448,132,2,50067
3448,294,5,24516
3448,476,3,6653
3449,380,3,76284
3450,235,4,12586
3451,147,3,17331
3451,173,4,65328
3451,91,3,6014
3451,462,4,84658
3451,372,4,135500
3452,267,5,70542
3453,275,3,144381
3453,454,3,31060
3453,27,1,156687
3453,322,2,69626
3453,352,4,165672
3454,129,3,5827
3454,22,5,140911
3454,223,4,50138
3454,256,2,19337
3455,236,1,17489
3455,167,5,349988
3456,182,1,100465
3457,14,4,44460
3457,289,4,50842
3458,114,5,165626
3459,370,4,241518
3460,183,2,25987
3460,221,4,166207
3461,249,4,26469
3461,436,3,201412
3462,51,4,63866
3462,9,2,14154
3463,216,3,126332
3463,248,5,63230
3463,50,4,31053
3464,334,4,178337
3464,311,2,26373
3464,254,4,37839
3464,304,4,52325
3465,454,2,31060
3465,215,5,24668
3465,401,3,14740
3465,55,4,195035
3465,478,3,30883
3466,96,4,218785
3466,34,4,88927
3466,435,5,2101
3467,485,1,23113
3468,467,2,64096
3468,102,3,104057
3468,77,5,29468
3468,163,2,2388
3468,214,2,135750
3469,347,3,17871
3469,218,5,23819
3469,180,2,95722
3469,478,4,30883
3470,22,5,140911
3470,253,3,33950
3470,95,5,39750
3470,11,1,28502
3471,172,1,113684
3471,79,2,284973
3471,74,3,66338
3471,363,3,17442
3472,302,1,174010
3472,220,2,30297
3472,203,2,12061
3473,454,2,31060
3474,412,4,63565
3475,444,3,36153
3475,32,2,27405
3476,321,5,117567
3476,252,3,30564
3476,76,2,16359
3476,224,3,178542
3477,310,3,6597
3478,310,1,6597
3478,428,4,101575
3478,363,2,17442
3478,57,5,38622
3478,2,4,1161
3479,198,5,303186
3479,190,4,35521
3479,211,4,236041
3479,297,3,152414
3479,159,5,13360
3480,218,5,23819
3480,399,5,70186
3480,312,3,3394
3480,363,5,17442
3481,107,5,22966
3482,350,2,30892
3482,245,1,32690
3482,85,4,11618
3482,164,4,105636
3482,434,3,20170
3483,436,3,201412
3483,28,4,262645
3483,145,4,213841
3483,281,3,39335
3483,97,5,29008
3484,323,2,1715
3484,2,3,1161
3484,93,4,223976
3484,74,3,66338
3484,199,3,183584
3485,335,2,325437
3485,343,4,30610
3485,370,4,241518
3485,143,2,32664
3485,51,1,63866
3486,44,1,38256
3486,354,5,49452
3486,488,2,5098
3487,103,2,49500
3487,72,1,13930
3487,361,4,15440
3487,87,3,40788
3488,171,2,24723
3488,241,4,8530
3489,468,1,28516
3489,418,2,74261
3489,321,1,117567
3489,150,1,9051
3489,257,5,48066
3490,166,4,12541
3490,399,2,70186
3490,299,4,244845
3490,53,5,174455
3490,178,2,42065
3491,312,3,3394
3491,129,5,5827
3491,174,2,14927
3491,349,4,175402
3491,303,2,66948
3492,269,5,216861
3492,460,4,3548
3492,164,2,105636
3492,221,1,166207
3492,494,5,339385
3493,89,4,28187
3493,7,2,256638
3493,288,3,37239
3493,443,1,15672
3494,304,5,52325
3494,88,5,34078
3495,500,1,26997
3495,176,1,282106
3496,452,1,10853
3497,158,1,186789
3497,466,4,56723
3497,214,4,135750
3497,365,3,1681
3497,188,1,29382
3498,186,2,94727
3498,10,2,23500
3499,242,2,31952
3499,336,2,9486
3499,161,4,57428
3500,183,4,25987
3500,460,5,3548
3500,408,5,169925
3501,406,4,45566
3502,16,2,12466
3502,180,3,95722
3502,395,4,12207
3503,306,1,21631
3503,231,2,33257
3503,184,4,94140
3503,97,3,29008
3503,334,1,178337
3504,308,5,132875
3504,104,5,14364
3504,289,3,50842
3504,459,5,390475
3504,321,3,117567
3505,178,4,42065
3505,267,3,70542
3505,173,5,65328
3505,485,3,23113
3505,433,3,104248
3506,2,4,1161
3506,73,4,190146
3506,42,1,269340
3507,491,5,329786
3507,198,1,303186
3508,289,2,50842
3508,145,1,213841
3508,241,5,8530
3508,276,3,31306
3509,212,1,5586
3509,128,3,18782
3510,450,1,18155
3510,240,2,11336
3511,6,3,46366
3511,157,1,73175
3511,190,5,35521
3511,291,4,198170
3511,154,2,87423
3512,420,5,337141
3512,178,4,42065
3513,466,5,56723
3513,102,2,104057
3513,249,1,26469
3514,56,3,47059
3514,252,2,30564
3515,397,5,9374
3515,184,5,94140
3515,322,3,69626
3515,11,4,28502
3515,82,4,137182
3516,426,4,97056
3516,296,2,26698
3516,373,2,16339
3516,305,2,133725
3516,407,3,90865
3517,345,4,205943
3517,367,2,385569
3517,38,3,23812
3518,422,4,84671
3518,457,5,43692
3518,216,4,126332
3518,346,2,13653
3518,116,2,139479
3519,39,2,100595
3519,215,2,24668
3519,122,2,58379
3519,57,5,38622
3519,406,2,45566
3520,473,3,35743
3521,143,5,32664
3522,35,4,10454
3522,446,3,28425
3522,353,3,64555
3522,250,3,57769
3523,62,1,191660
3523,392,3,96682
3524,129,2,5827
3525,205,2,15342
3525,470,2,89384
3525,126,3,26687
3525,92,3,49542
3526,220,4,30297
3526,75,3,14201
3526,450,5,18155
3526,321,2,117567
3527,298,5,33167
3528,471,2,162289
3528,51,5,63866
3528,441,2,39469
3529,170,4,22358
3529,160,1,31418
3529,315,2,254338
3530,355,1,32016
3530,348,3,203414
3530,369,1,12491
3530,391,1,118125
3531,457,4,43692
3531,39,2,100595
3532,471,1,162289
3532,376,4,62184
3533,390,3,77909
3533,481,2,50319
3533,210,1,233057
3534,192,2,57730
3535,235,3,12586
3535,173,4,65328
3535,472,1,36408
3535,429,1,25549
3536,188,3,29382
3536,177,5,19098
3536,11,5,28502
3536,148,4,36417
3536,22,4,140911
3537,116,3,139479
3537,156,3,43299
3537,75,3,14201
3537,69,5,341185
3538,311,5,26373
3538,358,2,161738
3538,216,1,126332
3538,332,5,90588
3539,113,1,272293
3539,468,1,28516
3540,142,2,3835
3540,348,5,203414
3541,87,4,40788
3541,369,1,12491
3541,422,1,84671
3541,153,1,45281
3542,8,1,45692
3542,149,4,9848
3542,412,4,63565
3542,167,2,349988
3543,141,2,26582
3543,160,5,31418
3543,113,3,272293
3543,10,4,23500
3543,468,2,28516
3544,60,1,91561
3545,274,4,29236
3545,423,2,114188
3546,417,4,13389
3546,13,3,62062
3547,315,5,254338
3547,216,4,126332
3547,242,1,31952
3547,357,3,89463
3548,325,2,17404
3548,445,5,44894
3548,353,2,64555
3548,159,3,13360
3548,396,1,108856
3549,16,3,12466
3549,66,3,94469
3549,467,1,64096
3549,375,2,304045
3550,481,1,50319
3551,71,5,322513
3551,312,4,3394
3552,53,2,174455
3552,92,5,49542
3552,52,1,94514
3552,387,3,72331
3553,304,5,52325
3553,499,4,6622
3553,439,4,76172
3553,422,1,84671
3554,293,3,60030
3554,192,3,57730
3554,174,5,14927
3555,397,5,9374
3555,119,5,126842
3556,315,3,254338
3556,45,5,177896
3557,185,4,21284
3557,421,2,16165
3557,457,1,43692
3558,22,4,140911
3558,270,4,279510
3558,264,1,127162
3558,337,2,22216
3558,497,3,25163
3559,494,5,339385
3560,62,4,191660
3560,160,2,31418
3560,423,5,114188
3561,288,2,37239
3561,30,3,18635
3562,263,4,181135
3562,326,4,4873
3562,195,1,45299
3562,360,5,41689
3563,86,2,38482
3564,47,5,97070
3564,361,3,15440
3564,276,4,31306
3565,349,4,175402
3566,443,2,15672
3566,425,5,55700
3566,472,4,36408
3566,221,5,166207
3566,333,1,33838
3567,282,5,79545
3567,272,1,126874
3568,330,2,13065
3568,262,5,113819
3568,269,1,216861
3568,418,3,74261
3569,282,3,79545
3569,322,3,69626
3569,132,2,50067
3569,269,5,216861
3570,176,1,282106
3570,403,1,204017
3570,15,1,53076
3570,469,3,25965
3571,198,3,303186
3571,197,1,56261
3571,127,3,72595
3571,146,3,25217
3571,142,3,3835
3572,214,1,135750
3572,473,1,35743
3573,2,5,1161
3573,436,2,201412
3573,165,2,236084
3574,289,5,50842
3574,294,4,24516
3574,284,4,216354
3574,141,1,26582
3575,332,4,90588
3575,437,2,32226
3575,134,2,27301
3576,379,3,84354
3577,277,1,97231
3577,18,5,106801
3578,17,5,39052
3579,25,5,21895
3579,17,1,39052
3579,368,5,11692
3580,307,4,25820
3581,3,5,16395
3581,88,4,34078
3582,297,1,152414
3582,440,3,45817
3582,414,5,278944
3583,378,3,5364
3583,109,4,28029
3583,101,2,18123
3584,284,5,216354
3584,146,4,25217
3585,159,4,13360
3585,480,2,56026
3585,298,1,33167
3585,174,4,14927
3585,384,3,12824
3586,440,3,45817
3586,91,3,6014
3587,374,2,197138
3588,385,4,130577
3588,261,5,110716
3589,7,1,256638
3589,141,2,26582
3589,150,4,9051
3589,208,1,109078
3589,152,4,18477
3590,195,3,45299
3590,75,1,14201
3591,481,5,50319
3591,102,3,104057
3591,140,5,297192
3591,281,1,39335
3591,217,5,46252
3592,103,2,49500
3593,453,3,96234
3593,481,2,50319
3594,46,1,29243
3594,208,5,109078
3594,405,2,50824
3594,335,2,325437
3595,99,2,318029
3595,234,2,21558
3595,321,4,117567
3596,3,3,16395
3596,279,1,26587
3596,385,2,130577
3597,481,3,50319
3597,258,4,46266
3598,279,3,26587
3598,491,1,329786
3598,73,4,190146
3598,473,4,35743
3598,285,3,25867
3599,50,5,31053
3599,213,2,12503
3599,187,3,209644
3600,201,5,31948
3600,319,3,13408
3601,79,1,284973
3601,105,3,2703
3601,76,4,16359
3601,200,5,17698
3601,182,3,100465
3602,32,3,27405
3603,205,2,15342
3604,242,1,31952
3604,239,5,104124
3604,213,2,12503
3605,302,2,174010
3605,98,3,33877
3606,229,2,8418
3606,296,1,26698
3606,141,5,26582
3607,39,1,100595
3607,28,1,262645
3607,481,3,50319
3608,48,1,4403
3608,408,5,169925
3608,222,2,59357
3608,294,5,24516
3609,445,1,44894
3609,430,5,246618
3610,189,5,37505
3610,432,3,10521
3610,166,3,12541
3610,392,2,96682
3610,279,2,26587
3611,155,1,11589
3611,108,2,14119
3611,441,4,39469
3611,173,4,65328
3612,295,1,4752
3612,322,4,69626
3612,479,3,124870
3612,376,1,62184
3612,41,3,13733
3613,274,4,29236
3613,87,5,40788
3613,384,5,12824
3613,430,1,246618
3614,331,4,215153
3614,316,4,110095
3614,452,3,10853
3615,103,3,49500
3615,283,2,18422
3615,65,5,30850
3615,347,2,17871
3615,210,1,233057
3616,181,1,135041
3616,383,2,7803
3616,254,2,37839
3617,480,2,56026
3617,396,2,108856
3617,349,5,175402
3617,150,4,9051
3617,14,4,44460
3618,430,1,246618
3619,38,4,23812
3620,87,4,40788
3620,67,5,27366
3620,35,2,10454
3620,317,1,6176
3621,238,1,13772
3622,183,2,25987
3622,45,1,177896
3623,323,3,1715
3623,428,2,101575
3623,358,1,161738
3623,24,4,151640
3624,350,3,30892
3624,136,1,52918
3624,223,1,50138
3625,63,4,16864
3625,220,1,30297
3625,229,4,8418
3626,133,4,5374
3626,313,4,28221
3626,128,5,18782
3626,488,4,5098
3627,137,4,188948
3627,421,2,16165
3627,98,1,33877
3628,47,4,97070
3629,347,4,17871
3629,84,5,301427
3629,67,4,27366
3629,474,3,19972
3629,33,1,40980
3630,214,2,135750
3630,177,1,19098
3630,96,2,218785
3630,232,4,46489
3630,192,3,57730
3631,27,2,156687
3632,317,4,6176
3632,101,3,18123
3632,164,3,105636
3632,356,4,13766
3632,432,2,10521
3633,306,3,21631
3633,242,1,31952
3634,161,1,57428
3634,129,4,5827
3634,298,4,33167
3635,19,1,46145
3635,4,5,16115
3635,237,3,19452
3635,16,5,12466
3635,265,2,228182
3636,487,2,46116
3636,307,2,25820
3637,52,4,94514
3637,172,2,113684
3637,386,4,27994
3637,305,1,133725
3637,216,1,126332
3638,494,2,339385
3638,111,1,54394
3638,166,1,12541
3638,487,5,46116
3639,339,2,46398
3639,21,5,4967
3639,26,2,17025
3639,363,1,17442
3640,351,5,30502
3640,299,1,244845
3641,473,4,35743
3641,468,2,28516
3641,212,2,5586
3641,328,4,322486
3642,141,2,26582
3642,41,3,13733
3643,240,1,11336
3643,223,2,50138
3643,126,4,26687
3643,388,2,281397
3644,170,1,22358
3645,224,4,178542
3645,38,2,23812
3646,38,1,23812
3646,134,1,27301
3647,72,4,13930
3647,120,5,40593
3647,55,5,195035
3647,117,5,64514
3647,340,3,19725
3648,331,1,215153
3648,406,3,45566
3648,41,2,13733
3649,328,4,322486
3649,134,4,27301
3649,251,3,136070
3650,295,1,4752
3650,325,1,17404
3650,462,2,84658
3650,196,1,9369
3651,489,1,83195
3651,326,1,4873
3652,259,5,204654
3652,166,3,12541
3653,10,2,23500
3653,88,5,34078
3653,184,4,94140
3654,171,5,24723
3654,302,5,174010
3654,451,1,107375
3654,174,4,14927
3655,79,3,284973
3656,274,5,29236
3656,197,3,56261
3656,417,2,13389
3656,269,4,216861
3656,157,4,73175
3657,50,3,31053
3657,444,3,36153
3657,177,1,19098
3657,482,1,202407
3657,52,3,94514
3658,16,3,12466
3659,100,3,42292
3659,468,3,28516
3659,72,2,13930
3659,248,2,63230
3659,347,3,17871
3660,388,5,281397
3661,221,1,166207
3661,57,3,38622
3662,301,1,163056
3662,102,5,104057
3663,206,4,161706
3663,113,2,272293
3663,381,1,3620
3663,393,5,66531
3664,51,2,63866
3664,262,2,113819
3664,275,1,144381
3664,258,3,46266
3665,438,5,23481
3665,250,3,57769
3665,367,2,385569
3665,407,4,90865
3665,186,5,94727
3666,356,1,13766
3667,136,3,52918
3667,358,1,161738
3667,367,4,385569
3667,327,5,46032
3667,20,2,40179
3668,148,2,36417
3668,488,3,5098
3668,50,3,31053
3669,11,5,28502
3669,96,5,218785
3670,54,1,253598
3670,271,4,87661
3671,32,4,27405
3671,205,3,15342
3671,342,1,49463
3671,129,2,5827
3672,477,3,222378
3672,20,2,40179
3673,289,1,50842
3673,351,1,30502
3673,463,3,93210
3673,437,4,32226
3674,396,3,108856
3674,383,1,7803
3675,370,2,241518
3675,153,2,45281
3675,93,2,223976
3676,161,1,57428
3676,422,2,84671
3676,453,2,96234
3677,305,5,133725
3677,430,2,246618
3678,108,3,14119
3678,382,3,96598
3679,80,2,27685
3679,367,5,385569
3680,41,1,13733
3680,5,2,43504
3680,12,1,19732
3680,422,3,84671
3680,13,1,62062
3681,279,4,26587
3681,191,4,67223
3682,419,5,78777
3682,174,5,14927
3682,352,1,165672
3682,431,5,23838
3682,347,3,17871
3683,41,4,13733
3683,336,3,9486
3683,432,5,10521
3684,388,2,281397
3684,77,1,29468
3684,73,4,190146
3684,160,3,31418
3685,258,3,46266
3685,31,3,4757
3686,152,1,18477
3686,322,1,69626
3686,215,2,24668
3687,176,5,282106
3687,99,4,318029
3687,181,1,135041
3687,420,3,337141
3688,330,2,13065
3689,182,5,100465
3689,5,1,43504
3689,268,4,245217
3689,192,5,57730
3690,183,3,25987
3691,355,3,32016
3691,441,1,39469
3691,203,4,12061
3691,225,2,376537
3692,125,4,3329
3693,447,2,17438
3693,241,1,8530
3693,310,2,6597
3693,45,3,177896
3694,60,3,91561
3695,459,1,390475
3695,406,3,45566
3695,454,1,31060
3696,175,4,80636
3696,301,3,163056
3696,149,5,9848
3697,35,5,10454
3698,332,2,90588
3699,146,3,25217
3699,442,3,33478
3700,345,5,205943
3700,40,2,366700
3701,164,2,105636
3701,135,4,68026
3701,217,5,46252
3701,168,5,50130
3702,253,1,33950
3702,239,4,104124
3702,195,4,45299
3702,27,1,156687
3703,20,2,40179
3703,416,5,29781
3704,467,1,64096
3704,487,4,46116
3704,30,4,18635
3704,266,2,3862
3705,255,4,5246
3706,201,4,31948
3707,337,3,22216
3707,354,1,49452
3708,438,1,23481
3708,376,3,62184
3708,481,1,50319
3709,462,4,84658
3709,59,1,16564
3709,170,4,22358
3709,234,5,21558
3709,450,1,18155
3710,95,4,39750
3710,277,3,97231
3711,464,3,50392
3711,152,5,18477
3711,240,1,11336
3711,248,1,63230
3712,120,1,40593
3713,1,2,30460
3713,31,3,4757
3713,186,1,94727
3714,322,1,69626
3714,59,1,16564
3714,41,1,13733
3714,124,1,72493
3714,361,1,15440
3715,355,1,32016
3715,265,3,228182
3715,469,3,25965
3716,345,5,205943
3717,142,2,3835
3717,303,2,66948
3717,272,3,126874
3717,174,1,14927
3717,445,1,44894
3718,227,4,34328
3719,295,4,4752
3719,368,3,11692
3719,333,1,33838
3719,456,4,53827
3719,347,5,17871
3720,395,1,12207
3721,407,2,90865
3721,224,1,178542
3721,83,2,117842
3721,91,5,6014
3722,351,5,30502
3722,14,2,44460
3722,393,5,66531
3722,374,5,197138
3722,95,5,39750
3723,331,5,215153
3723,73,3,190146
3724,477,2,222378
3724,444,2,36153
3725,289,2,50842
3726,318,4,49519
3727,21,3,4967
3727,217,4,46252
3727,397,1,9374
3727,266,4,3862
3728,106,3,322592
3728,193,3,21914
3728,69,4,341185
3729,199,2,183584
3729,231,4,33257
3729,326,1,4873
3730,238,4,13772
3731,331,4,215153
3732,481,1,50319
3732,457,5,43692
3732,241,1,8530
3732,166,3,12541
3732,217,1,46252
3733,183,1,25987
3733,96,5,218785
3733,442,1,33478
3734,345,3,205943
3734,406,4,45566
3734,122,1,58379
3734,324,2,246505
3735,329,4,23164
3735,49,3,135654
3735,153,5,45281
3736,370,3,241518
3736,280,4,31887
3737,277,5,97231
3738,98,5,33877
3738,397,2,9374
3739,112,3,20511
3739,293,4,60030
3739,499,4,6622
3739,64,1,16958
3739,23,4,17339
3740,5,5,43504
3741,108,1,14119
3741,78,5,46284
3741,218,4,23819
3741,171,3,24723
3741,151,1,159955
3742,168,4,50130
3742,71,4,322513
3742,386,5,27994
3742,427,1,11528
3742,313,1,28221
3743,105,4,2703
3743,396,4,108856
3743,171,4,24723
3744,325,1,17404
3744,23,5,17339
3744,413,1,160936
3745,491,1,329786
3745,380,1,76284
3745,304,1,52325
3745,152,5,18477
3745,352,1,165672
3746,376,5,62184
3746,133,5,5374
3746,467,5,64096
3746,192,2,57730
3747,373,2,16339
3747,243,4,37716
3748,179,5,147980
3749,494,3,339385
3750,252,1,30564
3751,475,1,364569
3752,483,2,19217
3752,150,5,9051
3752,461,2,4179
3752,271,5,87661
3752,379,4,84354
3753,186,4,94727
3753,124,2,72493
3753,443,1,15672
3753,46,3,29243
3754,149,3,9848
3754,162,2,214499
3754,40,3,366700
3754,2,3,1161
3754,378,3,5364
3755,328,1,322486
3755,231,3,33257
3755,172,1,113684
3755,101,1,18123
3755,441,2,39469
3756,283,4,18422
3756,375,1,304045
3756,68,1,25262
3756,159,5,13360
3756,500,4,26997
3757,54,5,253598
3757,404,2,80639
3757,364,2,11269
3757,270,3,279510
3758,443,4,15672
3758,256,2,19337
3758,248,3,63230
3758,283,5,18422
3759,172,2,113684
3759,480,5,56026
3759,462,4,84658
3759,404,1,80639
3760,136,5,52918
3760,34,2,88927
3761,387,2,72331
3762,137,4,188948
3762,419,1,78777
3762,250,1,57769
3762,13,3,62062
3763,340,3,19725
3763,253,3,33950
3764,137,5,188948
3765,215,3,24668
3765,328,2,322486
3766,305,5,133725
3767,296,4,26698
3767,326,3,4873
3767,398,3,122257
3768,410,1,25982
3768,203,5,12061
3768,361,4,15440
3769,63,3,16864
3769,463,4,93210
3770,451,4,107375
3770,159,5,13360
3770,181,2,135041
3771,206,1,161706
3771,288,1,37239
3771,464,4,50392
3771,121,3,295195
3772,73,3,190146
3772,13,4,62062
3772,274,5,29236
3772,202,2,30734
3773,99,5,318029
3773,275,5,144381
3773,356,5,13766
3773,105,4,2703
3774,493,1,89214
3774,398,3,122257
3774,317,1,6176
3774,126,3,26687
3774,314,1,291451
3775,116,1,139479
3775,78,1,46284
3775,445,3,44894
3775,41,1,13733
3776,268,2,245217
3776,43,4,46765
3776,496,5,15155
3777,28,5,262645
3777,307,1,25820
3777,181,2,135041
3777,25,5,21895
3777,104,2,14364
3778,341,3,72235
3778,349,4,175402
3778,329,4,23164
3779,367,5,385569
3779,25,1,21895
3779,96,1,218785
3779,445,2,44894
3780,476,1,6653
3780,94,2,58365
3780,322,3,69626
3780,71,3,322513
3781,3,5,16395
3782,460,2,3548
3782,163,3,2388
3782,273,2,21099
3783,381,5,3620
3784,12,5,19732
3785,268,5,245217
3785,446,4,28425
3785,402,2,30524
3785,388,5,281397
3785,249,3,26469
3786,434,1,20170
3787,430,1,246618
3787,207,1,38826
3788,217,1,46252
3788,406,3,45566
3788,130,2,103020
3788,434,2,20170
3788,11,4,28502
3789,479,1,124870
3789,300,3,19728
3789,34,2,88927
3789,449,2,245241
3789,221,2,166207
3790,97,2,29008
3790,445,4,44894
3790,373,5,16339
3790,323,3,1715
3791,168,3,50130
3791,394,3,26520
3791,423,3,114188
3791,147,1,17331
3792,173,4,65328
3792,217,2,46252
3792,210,2,233057
3793,451,5,107375
3793,86,1,38482
3794,163,2,2388
3794,337,5,22216
3794,279,1,26587
3795,442,2,33478
3795,236,3,17489
3795,245,1,32690
3795,16,1,12466
3796,288,2,37239
3796,395,3,12207
3796,460,2,3548
3796,168,2,50130
3797,209,1,75954
3797,7,5,256638
3797,198,1,303186
3797,294,4,24516
3798,360,5,41689
3798,260,5,198369
3798,466,2,56723
3799,3,2,16395
3799,164,3,105636
3799,38,4,23812
3799,499,4,6622
3800,26,3,17025
3800,161,1,57428
3800,471,3,162289
3801,355,2,32016
3801,386,4,27994
3802,381,4,3620
3802,429,1,25549
3802,64,5,16958
3802,19,1,46145
3802,257,3,48066
3803,70,4,97975
3804,295,4,4752
3804,47,1,97070
3804,25,5,21895
3805,424,3,71953
3805,334,3,178337
3805,299,1,244845
3805,403,4,204017
3806,151,4,159955
3806,14,3,44460
3806,177,5,19098
3807,373,4,16339
3807,495,1,21011
3807,302,1,174010
3807,218,1,23819
3808,286,5,6843
3808,160,1,31418
3808,360,5,41689
3808,299,3,244845
3809,193,1,21914
3809,115,2,46906
3809,121,5,295195
3809,327,5,46032
3810,349,2,175402
3810,110,4,89656
3811,146,5,25217
3811,342,4,49463
3811,2,1,1161
3812,47,1,97070
3812,325,3,17404
3812,254,2,37839
3813,4,5,16115
3813,344,5,209531
3813,481,3,50319
3813,72,1,13930
3814,250,2,57769
3814,349,1,175402
3814,238,5,13772
3814,490,4,21175
3814,57,4,38622
3815,233,2,70397
3815,172,5,113684
3815,282,4,79545
3816,447,3,17438
3817,392,5,96682
3818,171,3,24723
3818,50,4,31053
3818,421,5,16165
3818,7,5,256638
3818,146,5,25217
3819,461,2,4179
3819,474,1,19972
3819,362,5,163523
3819,14,5,44460
3820,410,4,25982
3820,179,3,147980
3820,199,5,183584
3820,82,5,137182
3821,490,2,21175
3821,422,2,84671
3821,337,5,22216
3821,201,1,31948
3822,278,1,213791
3822,5,5,43504
3822,446,1,28425
3822,14,2,44460
3823,200,4,17698
3824,336,2,9486
3825,16,4,12466
3825,238,3,13772
3825,199,5,183584
3826,483,4,19217
3826,109,4,28029
3826,157,5,73175
3827,56,3,47059
3827,430,3,246618
3827,86,5,38482
3827,359,1,153672
3827,494,2,339385
3828,429,5,25549
3828,116,1,139479
3828,17,3,39052
3829,273,1,21099
3829,416,1,29781
3830,296,4,26698
3830,222,3,59357
3830,432,3,10521
3830,493,5,89214
3831,494,3,339385
3832,143,5,32664
3833,193,3,21914
3833,220,5,30297
3834,6,3,46366
3835,92,2,49542
3835,494,1,339385
3835,482,2,202407
3835,79,3,284973
3836,212,4,5586
3836,198,3,303186
3837,378,5,5364
3837,68,1,25262
3837,349,1,175402
3837,150,2,9051
3837,474,4,19972
3838,204,3,21413
3838,494,5,339385
3838,146,3,25217
3838,398,5,122257
3839,420,3,337141
3840,289,2,50842
3841,13,4,62062
3841,6,3,46366
3841,139,1,33059
3841,100,2,42292
3842,38,3,23812
3843,25,1,21895
3844,154,3,87423
3844,90,1,46285
3844,88,1,34078
3845,11,5,28502
3845,351,3,30502
3846,88,5,34078
3847,471,3,162289
3847,432,5,10521
3848,73,4,190146
3849,68,4,25262
3850,272,4,126874
3850,486,5,12910
3850,153,4,45281
3850,38,2,23812
3851,126,2,26687
3851,259,3,204654
3852,218,1,23819
3852,424,2,71953
3852,383,2,7803
3852,160,5,31418
3853,94,3,58365
3853,192,5,57730
3853,93,5,223976
3853,398,3,122257
3854,17,3,39052
3854,176,5,282106
3854,181,3,135041
3854,329,2,23164
3855,426,2,97056
3855,217,3,46252
3855,73,1,190146
3855,368,2,11692
3856,285,1,25867
3856,36,4,39591
3856,27,5,156687
3856,431,5,23838
3856,169,2,178723
3857,488,5,5098
3857,423,3,114188
3858,141,2,26582
3858,456,2,53827
3858,321,2,117567
3858,341,1,72235
3859,484,5,38947
3859,129,1,5827
3859,330,4,13065
3859,409,5,353178
3860,232,1,46489
3861,27,1,156687
3861,236,2,17489
3861,455,3,21022
3861,497,3,25163
3862,270,2,279510
3862,8,3,45692
3862,315,5,254338
3863,404,1,80639
3863,210,1,233057
3863,14,5,44460
3864,119,2,126842
3864,426,5,97056
3864,170,4,22358
3865,159,4,13360
3865,124,5,72493
3866,329,5,23164
3867,390,4,77909
3867,468,2,28516
3867,325,5,17404
3868,386,2,27994
3868,288,1,37239
3868,78,2,46284
3868,230,4,5812
3869,251,3,136070
3869,52,3,94514
3869,65,2,30850
3869,427,3,11528
3870,379,4,84354
3870,88,4,34078
3870,252,4,30564
3870,198,5,303186
3871,377,3,84604
3871,181,5,135041
3871,458,1,71947
3871,163,2,2388
3872,429,2,25549
3872,482,1,202407
3872,20,3,40179
3872,242,3,31952
3872,113,2,272293
3873,150,4,9051
3873,92,1,49542
3873,444,2,36153
3873,371,2,6925
3873,491,4,329786
3874,86,1,38482
3874,467,5,64096
3874,3,2,16395
3875,361,5,15440
3875,238,2,13772
3875,379,2,84354
3876,5,1,43504
3877,93,4,223976
3878,173,1,65328
3879,21,2,4967
3879,324,3,246505
3879,418,4,74261
3879,165,2,236084
3879,232,5,46489
3880,96,3,218785
3881,388,4,281397
3881,221,5,166207
3881,229,2,8418
3881,233,5,70397
3882,354,4,49452
3882,3,1,16395
3882,331,3,215153
3882,53,3,174455
3882,145,4,213841
3883,112,5,20511
3883,115,5,46906
3883,266,1,3862
3884,380,3,76284
3884,67,1,27366
3885,275,1,144381
3885,71,3,322513
3886,325,1,17404
3886,427,5,11528
3886,334,4,178337
3887,248,2,63230
3887,85,3,11618
3888,44,4,38256
3889,335,5,325437
3889,182,5,100465
3889,73,1,190146
3889,392,5,96682
3890,106,1,322592
3890,159,3,13360
3890,241,3,8530
3891,386,5,27994
3891,249,4,26469
3891,134,4,27301
3892,343,5,30610
3892,455,5,21022
3892,91,4,6014
3893,286,3,6843
3893,54,3,253598
3894,234,5,21558
3894,74,4,66338
3894,129,3,5827
3894,158,3,186789
3895,252,2,30564
3896,167,4,349988
3896,71,2,322513
3896,337,2,22216
3896,454,1,31060
3896,157,2,73175
3897,363,5,17442
3897,327,3,46032
3897,240,4,11336
3897,423,2,114188
3897,469,4,25965
3898,37,2,95128
3898,392,1,96682
3898,20,3,40179
3899,382,4,96598
3899,429,3,25549
3899,262,1,113819
3899,297,2,152414
3900,361,3,15440
3900,290,5,195202
3900,418,4,74261
3901,436,2,201412
3901,126,5,26687
3902,222,1,59357
3902,385,2,130577
3902,174,3,14927
3902,80,2,27685
3903,262,2,113819
3903,199,3,183584
3903,135,2,68026
3903,412,5,63565
3903,33,5,40980
3904,186,4,94727
3904,347,2,17871
3904,435,2,2101
3904,365,5,1681
3904,378,1,5364
3905,305,2,133725
3905,14,3,44460
3906,485,5,23113
3907,41,4,13733
3907,463,1,93210
3907,61,4,83470
3907,5,4,43504
3908,196,4,9369
3908,345,4,205943
3908,211,5,236041
3908,407,2,90865
3909,79,3,284973
3909,155,5,11589
3909,381,3,3620
3910,162,3,214499
3911,445,3,44894
3911,123,1,279054
3911,43,4,46765
3911,386,4,27994
3912,57,2,38622
3913,285,5,25867
3913,336,4,9486
3913,322,2,69626
3913,59,2,16564
3913,244,5,81779
3914,174,3,14927
3914,382,1,96598
3914,226,4,46493
3914,434,3,20170
3914,427,1,11528
3915,214,3,135750
3915,14,3,44460
3915,438,2,23481
3916,406,3,45566
3916,266,4,3862
3916,274,4,29236
3916,187,3,209644
3917,320,4,353761
3917,206,2,161706
3917,284,5,216354
3917,436,2,201412
3917,351,4,30502
3918,363,2,17442
3918,57,4,38622
3918,357,4,89463
3918,297,5,152414
3919,390,1,77909
3919,412,3,63565
3919,112,1,20511
3919,236,5,17489
3919,483,1,19217
3920,256,4,19337
3920,306,2,21631
3920,281,2,39335
3920,275,4,144381
3921,421,2,16165
3921,106,1,322592
3921,1,4,30460
3921,297,1,152414
3922,150,1,9051
3922,351,2,30502
3922,282,2,79545
3923,54,1,253598
3923,174,3,14927
3923,40,3,366700
3923,179,4,147980
3924,25,3,21895
3924,184,3,94140
3924,234,5,21558
3924,304,3,52325
3925,1,2,30460
3925,181,3,135041
3926,49,5,135654
3926,485,1,23113
3927,268,3,245217
3927,18,1,106801
3928,213,2,12503
3928,467,3,64096
3928,336,4,9486
3928,108,1,14119
3929,144,2,3348
3929,270,1,279510
3929,239,2,104124
3929,45,2,177896
3930,58,2,18434
3930,209,2,75954
3930,50,2,31053
3931,26,1,17025
3931,411,5,54390
3931,100,4,42292
3932,150,3,9051
3932,158,2,186789
3933,194,3,278145
3933,481,3,50319
3933,180,1,95722
3933,339,2,46398
3934,225,2,376537
3934,95,1,39750
3934,135,2,68026
3935,431,3,23838
3935,488,5,5098
3935,95,2,39750
3935,198,4,303186
3936,484,2,38947
3936,64,5,16958
3937,1,2,30460
3937,249,2,26469
3937,254,1,37839
3937,353,5,64555
3937,365,5,1681
3938,469,5,25965
3938,354,3,49452
3938,179,2,147980
3939,470,4,89384
3940,171,5,24723
3941,350,3,30892
3941,459,4,390475
3941,2,4,1161
3941,242,5,31952
3941,404,3,80639
3942,402,3,30524
3942,114,1,165626
3942,379,5,84354
3942,472,3,36408
3942,236,5,17489
3943,356,3,13766
3943,149,1,9848
3944,187,4,209644
3944,42,1,269340
3945,255,2,5246
3945,23,3,17339
3946,191,1,67223
3946,275,1,144381
3946,199,5,183584
3946,196,1,9369
3947,170,1,22358
3947,71,5,322513
3947,466,3,56723
3948,255,3,5246
3948,41,4,13733
3948,348,4,203414
3948,319,3,13408
3948,368,3,11692
3949,158,2,186789
3949,111,5,54394
3949,390,1,77909
3949,488,5,5098
3950,268,3,245217
3950,239,5,104124
3950,350,5,30892
3950,203,2,12061
3950,16,4,12466
3951,110,5,89656
3951,188,1,29382
3952,437,1,32226
3952,107,3,22966
3952,425,3,55700
3952,184,5,94140
3953,496,4,15155
3954,158,2,186789
3954,311,5,26373
3954,259,2,204654
3955,253,4,33950
3955,63,4,16864
3955,263,4,181135
3956,292,2,38803
3956,171,1,24723
3956,49,4,135654
3956,285,1,25867
3957,467,4,64096
3957,397,1,9374
3957,404,2,80639
3957,155,3,11589
3958,408,3,169925
3958,173,2,65328
3959,318,3,49519
3959,316,4,110095
3960,352,5,165672
3960,103,4,49500
3960,8,5,45692
3960,295,5,4752
3961,80,4,27685
3962,98,1,33877
3962,289,5,50842
3963,264,2,127162
3963,448,5,12674
3963,194,1,278145
3964,189,5,37505
3964,493,1,89214
3965,445,2,44894
3965,173,5,65328
3965,368,4,11692
3966,6,2,46366
3966,397,2,9374
3966,116,5,139479
3967,477,1,222378
3968,259,5,204654
3968,111,1,54394
3968,115,4,46906
3968,15,4,53076
3968,339,4,46398
3969,408,2,169925
3969,422,1,84671
3969,132,3,50067
3970,129,5,5827
3970,198,3,303186
3971,223,2,50138
3971,18,5,106801
3971,239,2,104124
3972,275,5,144381
3972,254,1,37839
3972,405,5,50824
3972,342,1,49463
3973,234,1,21558
3973,389,1,50329
3974,146,5,25217
3974,1,3,30460
3974,237,3,19452
3974,166,3,12541
3974,154,4,87423
3975,474,3,19972
3975,122,3,58379
3975,250,3,57769
3975,115,1,46906
3976,57,4,38622
3977,39,4,100595
3977,56,4,47059
3977,381,5,3620
3978,226,4,46493
3978,118,5,45795
3978,32,1,27405
3979,452,2,10853
3979,447,3,17438
3979,366,1,6107
3980,372,2,135500
3980,484,2,38947
3980,32,4,27405
3980,500,1,26997
3980,186,5,94727
3981,61,1,83470
3981,436,2,201412
3981,189,4,37505
3982,216,1,126332
3983,9,4,14154
3984,220,5,30297
3984,70,3,97975
3984,365,1,1681
3985,242,3,31952
3985,417,1,13389
3985,253,1,33950
3985,496,1,15155
3986,170,5,22358
3987,17,3,39052
3987,176,2,282106
3987,48,1,4403
3987,53,1,174455
3987,237,4,19452
3988,368,2,11692
3989,253,2,33950
3989,228,2,59191
3990,196,5,9369
3990,58,5,18434
3990,256,4,19337
3990,314,1,291451
3991,70,5,97975
3991,427,1,11528
3991,472,1,36408
3992,394,4,26520
3992,298,3,33167
3992,157,1,73175
3992,346,4,13653
3992,174,2,14927
3993,227,5,34328
3993,257,3,48066
3993,134,3,27301
3993,249,5,26469
3993,359,1,153672
3994,65,4,30850
3994,62,1,191660
3994,111,2,54394
3994,445,3,44894
3994,452,5,10853
3995,105,1,2703
3995,102,3,104057
3995,111,4,54394
3995,493,2,89214
3996,113,3,272293
3996,324,5,246505
3997,230,1,5812
3997,434,1,20170
3997,222,5,59357
3998,280,3,31887
3998,167,1,349988
3998,362,1,163523
3999,380,4,76284
3999,68,5,25262
3999,336,2,9486
3999,219,2,199512
3999,73,2,190146
4000,123,2,279054
4001,1,1,30460
4002,61,4,83470
4002,445,1,44894
4002,70,3,97975
4002,377,1,84604
4002,473,2,35743
4003,231,5,33257
4003,305,5,133725
4003,271,2,87661
4003,172,2,113684
4004,22,1,140911
4004,88,1,34078
4004,381,4,3620
4004,359,1,153672
4005,341,4,72235
4005,303,3,66948
4005,473,5,35743
4005,440,2,45817
4006,388,2,281397
4006,119,4,126842
4006,432,3,10521
4006,446,2,28425
4007,351,2,30502
4008,382,2,96598
4008,69,3,341185
4008,391,4,118125
4008,291,5,198170
4008,22,3,140911
4009,136,5,52918
4010,443,4,15672
4010,385,4,130577
4010,107,4,22966
4010,184,4,94140
4010,1,3,30460
4011,191,3,67223
4012,423,5,114188
4013,207,3,38826
4013,234,2,21558
4014,132,1,50067
4015,382,4,96598
4015,467,3,64096
4015,123,1,279054
4016,400,4,38896
4016,416,4,29781
4017,381,4,3620
4017,110,3,89656
4017,222,3,59357
4017,449,2,245241
4018,224,4,178542
4018,242,4,31952
4019,156,2,43299
4019,273,2,21099
4019,166,4,12541
4020,423,1,114188
4020,253,4,33950
4020,162,4,214499
4020,142,2,3835
4021,134,4,27301
4021,68,5,25262
4021,126,5,26687
4021,79,2,284973
4022,471,5,162289
4022,11,2,28502
4022,134,1,27301
4022,93,1,223976
4023,380,5,76284
4023,100,2,42292
4024,403,4,204017
4024,474,2,19972
4025,383,3,7803
4025,341,2,72235
4025,249,3,26469
4025,448,4,12674
4026,217,1,46252
4026,290,5,195202
4026,465,5,18047
4026,55,1,195035
4027,71,2,322513
4028,294,3,24516
4028,243,3,37716
4028,232,3,46489
4028,357,3,89463
4028,347,1,17871
4029,280,5,31887
4029,171,1,24723
4029,56,4,47059
4029,36,2,39591
4029,424,3,71953
4030,67,5,27366
4030,476,2,6653
4030,199,3,183584
4031,460,1,3548
4032,334,5,178337
4032,380,1,76284
4033,436,5,201412
4034,234,3,21558
4034,313,4,28221
4034,483,4,19217
4034,420,4,337141
4035,13,5,62062
4035,54,5,253598
4036,95,3,39750
4036,304,2,52325
4036,335,5,325437
4037,214,3,135750
4037,249,5,26469
4037,317,4,6176
4037,313,5,28221
4038,415,2,21167
4038,280,5,31887
4038,439,3,76172
4038,76,1,16359
4039,222,2,59357
4039,443,5,15672
4040,40,4,366700
4041,488,3,5098
4042,61,1,83470
4042,231,2,33257
4043,439,3,76172
4044,27,4,156687
4045,423,4,114188
4046,46,2,29243
4046,284,5,216354
4047,185,4,21284
4047,253,3,33950
4048,100,2,42292
4048,108,4,14119
4048,441,5,39469
4048,282,5,79545
4048,82,2,137182
4049,49,3,135654
4049,141,3,26582
4049,12,4,19732
4050,61,1,83470
4051,179,2,147980
4052,375,4,304045
4052,174,4,14927
4052,121,2,295195
4052,211,1,236041
4052,439,4,76172
4053,306,3,21631
4053,49,3,135654
4054,319,2,13408
4054,316,4,110095
4054,126,5,26687
4054,466,2,56723
4054,348,2,203414
4055,465,1,18047
4055,384,1,12824
4055,252,3,30564
4056,276,1,31306
4056,185,3,21284
4056,362,5,163523
4057,122,2,58379
4057,493,2,89214
4057,205,4,15342
4058,2,4,1161
4059,56,2,47059
4059,54,4,253598
4059,402,2,30524
4059,151,3,159955
4059,435,2,2101
4060,129,4,5827
4060,352,1,165672
4061,232,5,46489
4061,479,2,124870
4061,53,5,174455
4061,107,1,22966
4062,336,2,9486
4062,272,1,126874
4062,339,5,46398
4062,72,5,13930
4062,119,5,126842
4063,465,4,18047
4063,354,1,49452
4063,494,2,339385
4063,384,1,12824
4064,140,2,297192
4065,329,4,23164
4066,203,1,12061
4066,271,3,87661
4066,351,4,30502
4067,156,4,43299
4068,391,3,118125
4068,188,3,29382
4068,80,4,27685
4069,355,3,32016
4070,247,2,3753
4070,106,1,322592
4071,48,4,4403
4071,431,1,23838
4071,334,4,178337
4071,339,3,46398
4072,346,5,13653
4072,287,1,38127
4073,369,2,12491
4073,225,4,376537
4073,290,5,195202
4073,23,2,17339
4074,108,2,14119
4074,360,2,41689
4075,215,1,24668
4075,159,3,13360
4075,129,1,5827
4076,348,1,203414
4076,38,3,23812
4076,123,3,279054
4077,107,2,22966
4077,211,4,236041
4077,114,3,165626
4077,42,5,269340
4078,396,5,108856
4078,453,1,96234
4079,384,3,12824
4079,183,2,25987
4079,363,1,17442
4079,238,5,13772
4080,8,5,45692
4080,33,2,40980
4080,475,5,364569
4080,70,5,97975
4080,186,5,94727
4081,97,3,29008
4082,384,3,12824
4082,179,3,147980
4082,356,5,13766
4082,159,2,13360
4082,94,3,58365
4083,329,3,23164
4083,285,4,25867
4083,222,1,59357
4084,340,1,19725
4085,236,3,17489
4085,299,3,244845
4085,199,3,183584
4086,35,4,10454
4086,413,4,160936
4086,138,3,107533
4086,293,5,60030
4087,136,1,52918
4087,193,5,21914
4087,114,3,165626
4087,244,1,81779
4087,270,1,279510
4088,6,5,46366
4088,435,4,2101
4088,248,1,63230
4088,476,4,6653
4089,466,2,56723
4089,52,3,94514
4090,283,3,18422
4090,145,4,213841
4091,134,2,27301
4091,302,4,174010
4091,49,1,135654
4091,356,2,13766
4092,109,1,28029
4092,487,3,46116
4092,312,1,3394
4092,205,4,15342
4092,283,1,18422
4093,189,4,37505
4093,142,2,3835
4093,97,3,29008
4093,226,4,46493
4093,104,2,14364
4094,175,5,80636
4094,306,1,21631
4095,296,3,26698
4095,271,5,87661
4095,426,4,97056
4095,328,1,322486
4095,35,3,10454
4096,128,5,18782
4096,153,5,45281
4096,489,4,83195
4096,79,2,284973
4096,374,4,197138
4097,335,1,325437
4097,5,1,43504
4097,49,3,135654
4098,77,4,29468
4098,66,2,94469
4098,361,3,15440
4099,272,1,126874
4100,375,3,304045
4100,13,1,62062
4100,361,2,15440
4101,212,1,5586
4102,21,1,4967
4102,371,2,6925
4102,240,1,11336
4102,72,4,13930
4102,34,5,88927
4103,135,2,68026
4103,258,4,46266
4103,188,1,29382
4103,88,5,34078
4103,233,3,70397
4104,164,4,105636
4104,312,1,3394
4104,487,5,46116
4105,352,3,165672
4106,494,5,339385
4106,101,5,18123
4107,348,3,203414
4107,162,5,214499
4108,231,5,33257
4108,468,5,28516
4108,120,2,40593
4108,273,5,21099
4109,165,3,236084
4109,487,3,46116
4110,489,5,83195
4110,109,4,28029
4110,198,4,303186
4110,226,5,46493
4111,314,3,291451
4111,393,4,66531
4112,325,3,17404
4112,212,3,5586
4113,301,3,163056
4113,129,1,5827
4113,156,2,43299
4114,118,1,45795
4115,360,1,41689
4115,389,4,50329
4116,4,1,16115
4117,94,2,58365
4117,359,2,153672
4117,54,4,253598
4118,84,2,301427
4118,45,1,177896
4118,485,2,23113
4118,299,1,244845
4119,73,5,190146
4119,251,1,136070
4119,186,5,94727
4119,226,3,46493
4120,342,3,49463
4120,262,4,113819
4120,169,5,178723
4120,214,4,135750
4120,150,5,9051
4121,456,5,53827
4122,358,2,161738
4122,269,1,216861
4122,428,3,101575
4122,57,5,38622
4122,104,2,14364
4123,468,2,28516
4123,474,2,19972
4124,21,2,4967
4125,223,1,50138
4125,158,5,186789
4125,344,3,209531
4125,129,5,5827
4125,493,1,89214
4126,210,4,233057
4126,260,4,198369
4126,231,3,33257
4126,202,3,30734
4127,339,4,46398
4127,27,4,156687
4127,58,5,18434
4127,204,2,21413
4128,129,4,5827
4128,427,2,11528
4128,21,5,4967
4129,492,5,21824
4129,140,1,297192
4129,265,2,228182
4129,39,1,100595
4129,438,4,23481
4130,281,4,39335
4130,32,4,27405
4130,500,1,26997
4130,394,5,26520
4131,95,3,39750
4131,28,3,262645
4131,44,1,38256
4131,50,5,31053
4132,42,3,269340
4132,47,5,97070
4133,112,1,20511
4133,382,2,96598
4133,288,2,37239
4133,431,3,23838
4133,359,4,153672
4134,150,5,9051
4134,10,3,23500
4134,367,2,385569
4135,190,4,35521
4136,132,3,50067
4136,268,2,245217
4136,212,5,5586
4137,407,2,90865
4137,433,3,104248
4138,228,1,59191
4139,207,1,38826
4139,401,2,14740
4139,286,1,6843
4139,137,4,188948
4139,227,3,34328
4140,275,4,144381
4141,128,4,18782
4142,160,1,31418
4142,293,5,60030
4142,342,4,49463
4143,43,4,46765
4143,351,5,30502
4144,388,3,281397
4144,18,2,106801
4144,114,4,165626
4145,446,4,28425
4145,437,2,32226
4145,251,5,136070
4145,396,1,108856
4145,145,3,213841
4146,188,2,29382
4147,392,2,96682
4147,17,4,39052
4147,284,5,216354
4147,44,3,38256
4148,8,2,45692
4148,272,5,126874
4149,83,2,117842
4149,446,5,28425
4149,430,3,246618
4149,123,3,279054
4149,449,3,245241
4150,315,1,254338
4150,335,4,325437
4151,269,2,216861
4152,57,1,38622
4152,344,4,209531
4152,7,1,256638
4152,468,5,28516
4152,128,4,18782
4153,52,1,94514
4153,497,1,25163
4153,391,2,118125
4153,119,4,126842
4154,83,5,117842
4154,17,1,39052
4154,374,3,197138
4155,58,4,18434
4155,226,4,46493
4156,146,3,25217
4157,386,4,27994
4157,13,5,62062
4157,204,1,21413
4157,87,3,40788
4158,320,2,353761
4158,237,1,19452
4159,283,1,18422
4159,351,3,30502
4159,106,1,322592
4159,175,1,80636
4160,11,1,28502
4160,90,4,46285
4160,147,5,17331
4161,272,3,126874
4161,453,3,96234
4161,363,1,17442
4161,162,4,214499
4161,474,2,19972
4162,20,3,40179
4162,68,5,25262
4162,83,1,117842
4162,366,2,6107
4162,276,5,31306
4163,247,1,3753
4163,10,3,23500
4164,145,2,213841
4164,298,2,33167
4164,106,3,322592
4164,296,1,26698
4164,448,4,12674
4165,425,4,55700
4165,272,2,126874
4165,416,1,29781
4165,456,4,53827
4166,479,4,124870
4166,223,3,50138
4166,105,2,2703
4166,184,2,94140
4166,408,2,169925
4167,391,5,118125
4168,302,2,174010
4168,40,1,366700
4169,8,3,45692
4169,29,5,217876
4169,424,3,71953
4170,229,1,8418
4170,374,3,197138
4170,496,2,15155
4170,325,3,17404
4170,244,2,81779
4171,342,5,49463
4172,457,2,43692
4172,301,5,163056
4172,32,5,27405
4173,377,5,84604
4174,102,2,104057
4174,331,2,215153
4174,193,3,21914
4175,210,2,233057
4176,312,3,3394
4176,430,1,246618
4176,340,1,19725
4176,195,2,45299
4177,51,3,63866
4178,417,4,13389
4178,359,3,153672
4179,139,4,33059
4179,209,5,75954
4179,387,1,72331
4180,55,2,195035
4181,30,4,18635
4181,16,3,12466
4181,128,3,18782
4182,144,5,3348
4183,445,4,44894
4183,273,1,21099
4183,121,4,295195
4184,428,5,101575
4185,474,4,19972
4185,344,2,209531
4185,11,2,28502
4185,248,4,63230
4185,7,4,256638
4186,411,4,54390
4187,261,5,110716
4188,436,2,201412
4189,104,1,14364
4189,36,5,39591
4189,309,4,6928
4189,120,2,40593
4189,372,5,135500
4190,123,5,279054
4190,135,1,68026
4191,119,2,126842
4191,485,5,23113
4191,297,4,152414
4191,439,4,76172
4192,177,2,19098
4193,174,2,14927
4193,375,3,304045
4194,316,5,110095
4194,66,2,94469
4194,142,3,3835
4194,384,1,12824
4194,457,4,43692
4195,344,3,209531
4195,181,1,135041
4195,275,1,144381
4195,166,3,12541
4196,257,1,48066
4196,242,3,31952
4196,355,3,32016
4196,374,4,197138
4196,241,5,8530
4197,181,4,135041
4197,337,4,22216
4197,9,3,14154
4197,303,4,66948
4198,249,3,26469
4198,302,4,174010
4198,409,4,353178
4198,82,2,137182
4199,127,3,72595
4199,464,2,50392
4199,200,3,17698
4199,70,4,97975
4200,432,5,10521
4201,82,4,137182
4201,450,3,18155
4202,43,3,46765
4202,129,4,5827
4203,34,1,88927
4203,366,1,6107
4203,253,2,33950
4204,468,4,28516
4204,92,3,49542
4204,461,2,4179
4205,48,4,4403
4205,500,4,26997
4205,252,5,30564
4205,89,2,28187
4205,256,3,19337
4206,390,1,77909
4206,215,3,24668
4207,44,5,38256
4207,27,4,156687
4207,5,3,43504
4208,322,3,69626
4208,143,2,32664
4208,75,2,14201
4208,113,2,272293
4209,28,4,262645
4209,352,4,165672
4209,395,2,12207
4209,478,5,30883
4209,363,5,17442
4210,117,2,64514
4210,412,3,63565
4210,27,3,156687
4210,369,3,12491
4211,375,2,304045
4211,60,1,91561
4211,484,1,38947
4212,112,2,20511
4212,364,3,11269
4212,51,1,63866
4213,155,5,11589
4213,409,3,353178
4213,5,2,43504
4214,176,3,282106
4214,479,3,124870
4214,102,2,104057
4215,24,5,151640
4215,100,3,42292
4215,102,1,104057
4216,435,4,2101
4216,344,5,209531
4216,402,2,30524
4217,147,3,17331
4217,35,1,10454
4217,62,2,191660
4218,288,2,37239
4219,226,1,46493
4219,31,1,4757
4219,241,4,8530
4220,205,2,15342
4220,242,2,31952
4221,353,2,64555
4221,286,5,6843
4221,455,4,21022
4221,463,5,93210
4222,487,3,46116
4222,329,2,23164
4223,156,5,43299
4223,54,3,253598
4224,439,1,76172
4224,471,1,162289
4224,263,4,181135
4224,338,2,21332
4224,47,1,97070
4225,244,2,81779
4225,253,4,33950
4226,330,3,13065
4226,155,1,11589
4226,208,5,109078
4226,354,4,49452
4226,375,5,304045
4227,463,1,93210
4227,377,2,84604
4227,78,3,46284
4228,154,5,87423
4228,89,3,28187
4229,87,2,40788
4230,81,2,16640
4230,320,2,353761
4230,141,4,26582
4230,333,5,33838
4230,261,5,110716
4231,478,3,30883
4231,173,4,65328
4231,315,2,254338
4231,169,3,178723
4231,211,1,236041
4232,407,1,90865
4232,331,3,215153
4233,133,2,5374
4233,355,3,32016
4234,223,1,50138
4234,274,1,29236
4235,61,3,83470
4235,216,5,126332
4235,144,4,3348
4236,81,5,16640
4236,326,1,4873
4236,236,4,17489
4236,298,5,33167
4236,137,3,188948
4237,137,3,188948
4237,286,4,6843
4237,425,2,55700
4238,32,1,27405
4238,12,3,19732
4238,287,5,38127
4239,352,3,165672
4239,325,5,17404
4240,298,1,33167
4240,89,2,28187
4240,14,4,44460
4241,218,1,23819
4242,101,2,18123
4242,276,3,31306
4242,84,5,301427
4243,182,5,100465
4243,118,5,45795
4243,86,5,38482
4244,251,1,136070
4244,119,3,126842
4244,441,5,39469
4244,449,1,245241
4244,361,3,15440
4245,372,4,135500
4245,262,4,113819
4245,46,3,29243
4246,293,1,60030
4247,325,2,17404
4247,268,5,245217
4247,145,5,213841
4247,163,2,2388
4247,64,3,16958
4248,291,2,198170
4248,248,5,63230
4249,67,4,27366
4249,250,2,57769
4249,346,4,13653
4249,77,5,29468
4250,148,2,36417
4250,246,4,55705
4250,58,1,18434
4250,288,1,37239
4251,263,4,181135
4251,115,5,46906
4251,402,1,30524
4251,161,1,57428
4252,461,3,4179
4253,111,3,54394
4254,156,1,43299
4254,1,5,30460
4254,340,1,19725
4254,36,1,39591
4255,100,2,42292
4255,391,2,118125
4255,55,4,195035
4255,421,1,16165
4255,354,4,49452
4256,31,3,4757
4256,212,2,5586
4256,479,4,124870
4256,40,5,366700
4257,420,1,337141
4257,123,3,279054
4257,80,2,27685
4257,180,1,95722
4258,91,3,6014
4258,131,1,24943
4259,85,5,11618
4259,29,2,217876
4259,250,5,57769
4260,6,5,46366
4260,57,3,38622
4261,464,3,50392
4261,276,3,31306
4262,277,5,97231
4263,118,2,45795
4263,433,1,104248
4263,201,2,31948
4264,118,3,45795
4264,427,3,11528
4264,362,3,163523
4264,371,3,6925
4264,136,2,52918
4265,141,3,26582
4265,60,3,91561
4266,128,3,18782
4266,418,4,74261
4266,3,4,16395
4266,409,2,353178
4266,107,4,22966
4267,104,4,14364
4267,296,3,26698
4267,271,1,87661
4267,203,1,12061
4267,324,2,246505
4268,57,2,38622
4268,195,4,45299
4268,102,5,104057
4269,205,3,15342
4269,202,5,30734
4269,207,2,38826
4270,143,4,32664
4270,206,1,161706
4270,408,3,169925
4270,453,4,96234
4270,392,3,96682
4271,322,2,69626
4271,108,2,14119
4271,109,1,28029
4271,173,2,65328
4271,310,1,6597
4272,387,1,72331
4272,74,1,66338
4272,236,1,17489
4273,293,1,60030
4273,311,5,26373
4273,99,4,318029
4273,282,5,79545
4273,171,1,24723
4274,56,1,47059
4274,270,1,279510
4274,166,2,12541
4274,193,4,21914
4274,50,2,31053
4275,12,4,19732
4275,28,3,262645
4275,419,1,78777
4275,113,3,272293
4276,490,2,21175
4276,340,1,19725
4277,198,4,303186
4277,53,1,174455
4277,90,5,46285
4277,196,2,9369
4278,388,1,281397
4278,439,4,76172
4279,137,1,188948
4279,435,2,2101
4279,454,3,31060
4279,211,4,236041
4279,106,4,322592
4280,395,2,12207
4280,468,1,28516
4280,314,1,291451
4280,496,3,15155
4280,248,2,63230
4281,20,4,40179
4282,465,1,18047
4282,168,2,50130
4283,34,2,88927
4283,158,4,186789
4284,252,4,30564
4284,339,4,46398
4284,486,2,12910
4284,81,4,16640
4285,169,3,178723
4285,46,4,29243
4285,264,4,127162
4285,210,3,233057
4285,245,1,32690
4286,85,5,11618
4286,197,2,56261
4286,469,3,25965
4287,194,4,278145
4287,292,4,38803
4287,311,4,26373
4287,265,5,228182
4288,124,1,72493
4289,242,2,31952
4289,470,4,89384
4289,56,1,47059
4289,393,1,66531
4289,123,5,279054
4290,311,1,26373
4291,422,3,84671
4291,29,4,217876
4292,335,3,325437
4292,341,3,72235
4292,168,4,50130
4292,133,3,5374
4292,134,3,27301
4293,316,4,110095
4293,224,1,178542
4293,41,3,13733
4293,134,2,27301
4293,35,1,10454
4294,195,4,45299
4294,257,5,48066
4294,452,5,10853
4295,119,5,126842
4295,361,3,15440
4295,387,5,72331
4295,432,2,10521
4295,236,5,17489
4296,21,3,4967
4296,378,3,5364
4296,429,4,25549
4297,140,3,297192
4298,370,3,241518
4298,180,4,95722
4298,415,1,21167
4298,307,5,25820
4299,451,4,107375
4299,221,1,166207
4299,198,3,303186
4300,485,2,23113
4300,306,5,21631
4301,482,4,202407
4301,193,4,21914
4301,402,5,30524
4301,44,4,38256
4301,426,4,97056
4302,197,3,56261
4302,105,5,2703
4302,378,3,5364
4302,228,3,59191
4302,266,2,3862
4303,78,1,46284
4303,461,5,4179
4303,468,4,28516
4303,166,3,12541
4304,143,4,32664
4304,295,2,4752
4304,498,1,232103
4304,358,1,161738
4305,183,5,25987
4305,354,3,49452
4306,161,4,57428
4306,29,3,217876
4307,121,1,295195
4307,383,1,7803
4308,235,2,12586
4309,161,5,57428
4309,83,2,117842
4309,181,2,135041
4309,312,1,3394
4309,156,3,43299
4310,38,5,23812
4310,15,2,53076
4310,241,3,8530
4310,386,2,27994
4311,414,1,278944
4311,489,1,83195
4311,402,4,30524
4311,471,4,162289
4312,327,1,46032
4313,92,5,49542
4313,13,2,62062
4314,180,5,95722
4314,193,5,21914
4314,306,5,21631
4314,66,4,94469
4314,297,3,152414
4315,137,2,188948
4315,207,3,38826
4315,79,3,284973
4316,247,3,3753
4316,137,3,188948
4316,421,2,16165
4317,452,3,10853
4318,250,1,57769
4318,500,1,26997
4318,52,2,94514
4318,62,5,191660
4319,500,4,26997
4320,225,4,376537
4320,349,2,175402
4320,191,2,67223
4320,56,1,47059
4321,278,5,213791
4322,98,3,33877
4322,394,4,26520
4322,285,5,25867
4322,454,3,31060
4322,495,2,21011
4323,410,2,25982
4324,343,5,30610
4324,97,2,29008
4324,494,4,339385
4324,4,2,16115
4325,7,5,256638
4325,130,5,103020
4325,369,1,12491
4326,147,4,17331
4326,40,1,366700
4326,145,2,213841
4326,110,3,89656
4326,457,3,43692
4327,403,4,204017
4327,404,5,80639
4327,13,3,62062
4328,330,3,13065
4328,471,5,162289
4328,116,3,139479
4328,391,4,118125
4329,262,4,113819
4329,218,1,23819
4330,337,4,22216
4330,142,1,3835
4330,379,5,84354
4330,239,2,104124
4330,406,1,45566
4331,49,3,135654
4331,197,4,56261
4331,166,1,12541
4331,419,4,78777
4332,350,3,30892
4332,117,3,64514
4333,307,1,25820
4333,100,3,42292
4333,397,2,9374
4333,465,2,18047
4333,195,2,45299
4334,375,2,304045
4334,347,5,17871
4335,132,5,50067
4335,174,4,14927
4335,117,5,64514
4336,108,2,14119
4336,387,5,72331
4337,231,3,33257
4338,273,3,21099
4338,290,2,195202
4338,336,1,9486
4338,129,3,5827
4339,161,1,57428
4339,392,5,96682
4339,464,4,50392
4339,134,1,27301
4339,406,3,45566
4340,498,4,232103
4341,271,1,87661
4341,12,5,19732
4341,28,2,262645
4341,365,1,1681
4341,104,3,14364
4342,231,3,33257
4342,226,2,46493
4343,112,4,20511
4344,226,3,46493
4345,193,2,21914
4345,170,4,22358
4346,475,5,364569
4346,241,2,8530
4346,140,1,297192
4347,427,3,11528
4347,49,1,135654
4347,370,2,241518
4347,80,3,27685
4347,185,4,21284
4348,290,5,195202
4348,481,5,50319
4348,4,2,16115
4348,265,2,228182
4349,200,2,17698
4349,134,3,27301
4349,453,4,96234
4350,62,1,191660
4350,257,4,48066
4351,247,5,3753
4352,306,3,21631
4352,314,5,291451
4352,85,3,11618
4353,477,4,222378
4354,96,3,218785
4354,317,4,6176
4354,376,3,62184
4355,202,4,30734
4355,498,3,232103
4355,254,3,37839
4355,492,1,21824
4355,71,3,322513
4356,67,2,27366
4356,229,3,8418
4356,2,2,1161
4356,271,4,87661
4356,266,4,3862
4357,152,5,18477
4357,51,1,63866
4357,485,3,23113
4357,247,3,3753
4357,413,1,160936
4358,263,5,181135
4358,446,2,28425
4358,107,3,22966
4359,228,3,59191
4359,215,2,24668
4359,164,3,105636
4359,48,1,4403
4359,374,5,197138
4360,219,5,199512
4360,499,1,6622
4360,410,5,25982
4360,126,1,26687
4361,238,1,13772
4362,16,4,12466
4362,58,5,18434
4362,203,2,12061
4362,116,3,139479
4362,10,3,23500
4363,310,1,6597
4363,218,4,23819
4363,369,1,12491
4364,268,2,245217
4364,173,1,65328
4365,208,3,109078
4365,150,2,9051
4366,221,5,166207
4366,500,2,26997
4366,479,5,124870
4367,487,4,46116
4368,313,2,28221
4368,199,5,183584
4368,97,3,29008
4369,407,3,90865
4369,450,5,18155
4370,428,3,101575
4370,307,1,25820
4371,383,4,7803
4371,108,1,14119
4371,194,2,278145
4372,11,4,28502
4372,83,5,117842
4372,473,2,35743
4373,176,3,282106
4373,375,2,304045
4373,353,2,64555
4374,197,1,56261
4374,231,5,33257
4375,441,5,39469
4375,322,2,69626
4376,249,5,26469
4376,411,3,54390
4376,343,1,30610
4376,26,4,17025
4376,247,1,3753
4377,197,4,56261
4377,375,1,304045
4377,448,2,12674
4377,25,1,21895
4378,123,3,279054
4378,310,3,6597
4378,360,2,41689
4379,133,2,5374
4380,385,2,130577
4380,379,5,84354
4380,492,3,21824
4380,314,2,291451
4380,152,4,18477
4381,344,2,209531
4381,393,5,66531
4382,445,2,44894
4382,54,4,253598
4382,17,3,39052
4382,133,1,5374
4382,119,3,126842
4383,414,1,278944
4383,239,3,104124
4383,244,5,81779
4383,199,3,183584
4383,232,2,46489
4384,190,1,35521
4384,202,5,30734
4384,439,3,76172
4384,14,2,44460
4384,46,5,29243
4385,93,2,223976
4385,379,4,84354
4385,410,4,25982
4385,273,2,21099
4385,295,3,4752
4386,245,2,32690
4386,225,4,376537
4386,294,5,24516
4386,48,1,4403
4387,58,2,18434
4387,91,2,6014
4387,350,2,30892
4387,10,5,23500
4388,434,3,20170
4389,73,5,190146
4389,489,2,83195
4389,26,5,17025
4389,191,2,67223
4390,375,5,304045
4390,462,4,84658
4390,92,2,49542
4391,62,5,191660
4391,69,4,341185
4391,235,4,12586
4392,102,3,104057
4392,239,2,104124
4392,257,1,48066
4392,278,4,213791
4392,50,1,31053
4393,96,1,218785
4393,140,1,297192
4394,352,2,165672
4394,259,3,204654
4394,321,4,117567
4394,451,3,107375
4395,25,1,21895
4395,371,1,6925
4395,26,5,17025
4395,223,4,50138
4395,7,4,256638
4396,159,4,13360
4396,418,1,74261
4396,458,2,71947
4396,183,4,25987
4397,46,2,29243
4398,254,2,37839
4398,286,4,6843
4398,111,3,54394
4398,380,2,76284
4399,130,4,103020
4399,235,1,12586
4399,254,2,37839
4399,154,3,87423
4400,313,1,28221
4400,422,1,84671
4401,132,3,50067
4402,412,4,63565
4402,59,2,16564
4402,313,3,28221
4403,485,1,23113
4403,272,1,126874
4403,246,2,55705
4404,241,3,8530
4404,111,4,54394
4404,299,1,244845
4404,203,1,12061
4404,347,4,17871
4405,259,3,204654
4405,105,2,2703
4405,466,4,56723
4405,59,1,16564
4405,459,5,390475
4406,170,3,22358
4406,127,1,72595
4407,58,4,18434
4407,154,1,87423
4407,249,1,26469
4407,80,2,27685
4408,204,5,21413
4408,278,3,213791
4408,166,4,12541
4409,158,4,186789
4409,44,5,38256
4409,249,5,26469
4410,386,3,27994
4410,36,3,39591
4410,250,1,57769
4410,279,3,26587
4410,48,1,4403
4411,95,4,39750
4411,107,4,22966
4412,45,1,177896
4412,25,5,21895
4413,124,3,72493
4413,56,5,47059
4413,106,5,322592
4413,389,1,50329
4413,403,4,204017
4414,259,4,204654
4414,341,5,72235
4414,374,3,197138
4415,212,2,5586
4415,378,4,5364
4416,268,4,245217
4416,269,5,216861
4417,25,1,21895
4418,121,5,295195
4418,304,1,52325
4418,12,4,19732
4418,313,1,28221
4418,143,4,32664
4419,412,5,63565
4420,223,4,50138
4421,469,2,25965
4421,215,4,24668
4421,4,4,16115
4422,60,5,91561
4422,470,3,89384
4423,279,3,26587
4423,348,4,203414
4423,218,4,23819
4423,442,4,33478
4423,128,4,18782
4424,496,4,15155
4425,41,4,13733
4425,54,1,253598
4425,467,2,64096
4425,278,2,213791
4426,316,4,110095
4426,147,1,17331
4426,214,2,135750
4427,324,2,246505
4427,308,2,132875
4427,163,1,2388
4428,216,3,126332
4428,107,4,22966
4428,100,5,42292
4428,115,3,46906
4429,105,5,2703
4429,371,5,6925
4430,490,4,21175
4430,142,5,3835
4430,156,5,43299
4431,443,3,15672
4432,311,4,26373
4433,382,3,96598
4433,113,4,272293
4434,82,1,137182
4434,272,1,126874
4434,489,5,83195
4434,225,2,376537
4434,406,5,45566
4435,50,4,31053
4435,2,1,1161
4436,222,3,59357
4436,348,4,203414
4436,163,1,2388
4436,156,5,43299
4437,104,3,14364
4437,459,1,390475
4437,285,5,25867
4437,375,2,304045
4437,198,3,303186
4438,334,3,178337
4438,370,1,241518
4439,316,5,110095
4439,193,4,21914
4439,175,2,80636
4440,110,4,89656
4440,195,4,45299
4440,416,1,29781
4440,187,5,209644
4441,23,2,17339
4442,18,4,106801
4442,199,4,183584
4442,157,5,73175
4443,83,5,117842
4444,309,5,6928
4444,409,5,353178
4444,94,2,58365
4444,473,1,35743
4445,421,1,16165
4445,314,1,291451
4445,26,5,17025
4446,386,5,27994
4447,46,4,29243
4447,236,2,17489
4447,294,4,24516
4448,416,4,29781
4448,421,5,16165
4449,355,4,32016
4449,98,3,33877
4450,328,3,322486
4451,233,4,70397
4451,458,5,71947
4451,31,1,4757
4451,474,4,19972
4451,138,4,107533
4452,363,1,17442
4452,423,5,114188
4452,245,3,32690
4452,209,2,75954
4453,291,1,198170
4453,194,1,278145
4453,265,4,228182
4454,364,2,11269
4454,130,2,103020
4454,320,5,353761
4455,385,3,130577
4455,485,5,23113
4456,437,4,32226
4456,96,5,218785
4456,232,3,46489
4457,122,5,58379
4457,16,5,12466
4457,303,5,66948
4458,157,4,73175
4458,452,1,10853
4458,100,2,42292
4459,456,3,53827
4459,314,1,291451
4459,205,2,15342
4459,372,4,135500
4459,103,5,49500
4460,108,3,14119
4460,120,2,40593
4461,80,1,27685
4461,338,1,21332
4461,114,5,165626
4461,357,3,89463
4462,499,3,6622
4462,60,5,91561
4462,209,4,75954
4462,265,1,228182
4462,72,4,13930
4463,191,2,67223
4463,24,3,151640
4464,71,3,322513
4464,38,4,23812
4464,110,4,89656
4464,261,3,110716
4464,408,4,169925
4465,167,2,349988
4465,39,4,100595
4466,386,1,27994
4467,244,3,81779
4467,184,1,94140
4467,340,4,19725
4467,270,3,279510
4467,147,3,17331
4468,130,4,103020
4468,180,1,95722
4468,207,5,38826
4468,352,1,165672
4469,65,2,30850
4469,148,1,36417
4469,340,1,19725
4469,285,4,25867
4470,339,3,46398
4470,483,2,19217
4471,10,5,23500
4471,441,2,39469
4471,292,2,38803
4471,74,4,66338
4472,47,3,97070
4472,253,4,33950
4472,483,5,19217
4472,368,4,11692
4473,465,4,18047
4473,458,1,71947
4474,190,2,35521
4474,377,2,84604
4474,167,3,349988
4475,64,4,16958
4475,152,5,18477
4475,346,2,13653
4476,139,1,33059
4476,330,1,13065
4476,190,2,35521
4477,28,1,262645
4477,102,5,104057
4477,422,5,84671
4477,482,4,202407
4477,230,5,5812
4478,392,1,96682
4478,252,4,30564
4479,270,3,279510
4479,494,4,339385
4479,67,2,27366
4480,392,1,96682
4480,252,1,30564
4480,395,2,12207
4480,217,4,46252
4480,331,4,215153
4481,37,4,95128
4481,73,1,190146
4482,239,1,104124
4482,80,5,27685
4483,200,5,17698
4483,140,3,297192
4484,349,2,175402
4484,441,1,39469
4485,307,4,25820
4485,315,2,254338
4485,269,4,216861
4485,23,1,17339
4486,467,2,64096
4486,142,1,3835
4486,70,2,97975
4486,309,4,6928
4487,309,5,6928
4487,112,5,20511
4487,234,5,21558
4488,158,3,186789
4488,191,1,67223
4488,465,5,18047
4489,387,3,72331
4489,277,2,97231
4489,314,1,291451
4490,327,1,46032
4490,384,1,12824
4490,130,4,103020
4490,113,4,272293
4490,398,1,122257
4491,21,1,4967
4492,194,1,278145
4492,334,4,178337
4492,451,1,107375
4493,229,2,8418
4493,151,5,159955
4494,27,1,156687
4494,214,2,135750
4495,488,4,5098
4495,25,1,21895
4495,141,2,26582
4495,42,4,269340
4495,487,3,46116
4496,73,2,190146
4496,319,3,13408
4497,301,3,163056
4497,352,5,165672
4498,462,4,84658
4498,327,1,46032
4499,403,5,204017
4499,474,3,19972
4499,198,4,303186
4500,295,5,4752
4500,459,3,390475
4500,398,2,122257
4501,58,2,18434
4502,55,5,195035
4502,158,2,186789
4503,434,1,20170
4503,292,5,38803
4503,258,2,46266
4503,408,1,169925
4504,101,3,18123
4504,349,3,175402
4505,331,1,215153
4505,418,3,74261
4506,360,3,41689
4506,475,5,364569
4506,114,3,165626
4506,137,5,188948
4507,191,4,67223
4508,480,2,56026
4508,380,3,76284
4509,149,3,9848
4509,46,2,29243
4509,160,2,31418
4510,429,4,25549
4510,493,4,89214
4510,122,4,58379
4511,114,1,165626
4511,219,2,199512
4511,98,4,33877
4512,472,3,36408
4512,178,1,42065
4512,42,1,269340
4513,76,2,16359
4513,52,5,94514
4513,237,3,19452
4513,315,5,254338
4513,57,3,38622
4514,151,4,159955
4514,365,2,1681
4514,187,2,209644
4514,154,5,87423
4514,149,3,9848
4515,410,4,25982
4515,176,4,282106
4515,374,3,197138
4516,396,5,108856
4516,192,2,57730
4516,20,2,40179
4517,231,5,33257
4517,177,1,19098
4517,74,3,66338
4517,33,2,40980
4517,416,1,29781
4518,463,2,93210
4518,89,3,28187
4518,67,3,27366
4518,476,5,6653
4518,266,2,3862
4519,177,2,19098
4519,362,2,163523
4519,250,5,57769
4519,122,3,58379
4519,308,3,132875
4520,172,5,113684
4521,101,2,18123
4521,200,5,17698
4522,424,3,71953
4522,139,3,33059
4523,69,5,341185
4523,162,1,214499
4523,22,4,140911
4523,315,2,254338
4523,66,2,94469
4524,91,5,6014
4524,149,5,9848
4524,313,3,28221
4524,496,5,15155
4524,473,3,35743
4525,273,1,21099
4526,82,1,137182
4526,314,3,291451
4526,25,5,21895
4526,483,1,19217
4526,121,2,295195
4527,232,3,46489
4527,111,1,54394
4527,13,2,62062
4527,415,1,21167
4528,251,3,136070
4528,311,3,26373
4528,73,5,190146
4529,428,2,101575
4529,435,2,2101
4529,243,3,37716
4529,191,2,67223
4530,196,3,9369
4530,329,1,23164
4530,414,3,278944
4531,261,5,110716
4531,311,5,26373
4531,329,5,23164
4531,13,1,62062
4531,227,5,34328
4532,249,3,26469
4532,237,3,19452
4532,417,1,13389
4532,477,3,222378
4533,65,2,30850
4533,52,1,94514
4533,178,3,42065
4534,474,2,19972
4534,346,3,13653
4535,247,3,3753
4535,27,4,156687
4535,4,2,16115
4535,440,4,45817
4536,190,3,35521
4536,141,2,26582
4536,85,1,11618
4536,391,3,118125
4536,392,3,96682
4537,265,4,228182
4538,80,4,27685
4538,235,5,12586
4538,246,1,55705
4539,101,4,18123
4539,62,4,191660
4539,352,2,165672
4540,75,2,14201
4540,349,2,175402
4540,64,5,16958
4540,391,5,118125
4540,271,1,87661
4541,135,5,68026
4541,374,2,197138
4541,163,1,2388
4541,401,1,14740
4542,47,3,97070
4542,195,2,45299
4542,460,1,3548
4542,137,1,188948
4542,387,3,72331
4543,112,4,20511
4543,106,3,322592
4543,43,2,46765
4543,160,2,31418
4543,209,3,75954
4544,327,1,46032
4544,286,3,6843
4545,202,2,30734
4545,362,3,163523
4545,55,3,195035
4546,243,4,37716
4546,414,1,278944
4546,4,1,16115
4546,379,1,84354
4547,427,4,11528
4547,171,1,24723
4548,158,5,186789
4548,75,1,14201
4548,460,3,3548
4549,322,4,69626
4550,369,4,12491
4550,192,2,57730
4550,373,3,16339
4550,176,1,282106
4551,172,4,113684
4551,309,3,6928
4551,228,1,59191
4552,245,1,32690
4552,282,3,79545
4553,13,2,62062
4553,463,1,93210
4554,403,5,204017
4555,342,2,49463
4555,273,5,21099
4556,151,3,159955
4556,247,3,3753
4556,87,1,40788
4557,356,4,13766
4557,485,1,23113
4557,46,4,29243
4557,442,4,33478
4557,147,5,17331
4558,31,3,4757
4558,277,5,97231
4558,68,5,25262
4558,195,5,45299
4558,9,5,14154
4559,336,3,9486
4559,439,2,76172
4559,173,4,65328
4560,161,5,57428
4560,302,5,174010
4560,95,2,39750
4560,133,2,5374
4560,55,3,195035
4561,40,4,366700
4561,421,4,16165
4561,197,5,56261
4561,216,5,126332
4562,392,4,96682
4562,370,5,241518
4562,37,3,95128
4563,438,1,23481
4563,226,5,46493
4563,195,1,45299
4563,101,3,18123
4563,196,5,9369
4564,431,3,23838
4564,34,1,88927
4564,378,1,5364
4565,322,2,69626
4565,338,4,21332
4565,316,2,110095
4565,210,5,233057
4566,465,4,18047
4566,346,3,13653
4566,133,3,5374
4567,338,5,21332
4567,50,5,31053
4568,217,1,46252
4568,210,2,233057
4569,441,4,39469
4569,283,3,18422
4569,354,3,49452
4569,360,5,41689
4570,327,1,46032
4570,215,2,24668
4570,431,1,23838
4570,306,4,21631
4571,451,4,107375
4571,143,1,32664
4571,391,2,118125
4571,220,1,30297
4572,345,1,205943
4572,446,4,28425
4572,477,5,222378
4572,467,5,64096
4573,2,4,1161
4574,70,1,97975
4574,453,1,96234
4574,445,3,44894
4574,212,4,5586
4574,476,1,6653
4575,130,3,103020
4575,304,3,52325
4576,407,1,90865
4576,458,1,71947
4577,294,3,24516
4577,198,1,303186
4577,247,4,3753
4578,406,3,45566
4578,13,1,62062
4578,266,1,3862
4578,373,2,16339
4578,7,5,256638
4579,247,3,3753
4579,28,5,262645
4579,144,3,3348
4579,134,3,27301
4580,7,5,256638
4580,286,1,6843
4580,134,4,27301
4580,118,5,45795
4580,429,3,25549
4581,173,5,65328
4581,12,5,19732
4581,183,2,25987
4581,378,3,5364
4581,217,4,46252
4582,282,3,79545
4582,447,2,17438
4582,3,1,16395
4582,327,5,46032
4583,341,5,72235
4583,407,4,90865
4584,63,2,16864
4584,118,3,45795
4584,470,3,89384
4584,215,2,24668
4584,443,4,15672
4585,296,3,26698
4585,246,1,55705
4585,276,4,31306
4586,1,5,30460
4586,168,3,50130
4586,396,1,108856
4586,22,4,140911
4587,66,4,94469
4587,250,2,57769
4587,182,1,100465
4587,147,4,17331
4587,497,1,25163
4588,427,2,11528
4588,107,2,22966
4588,96,3,218785
4588,256,1,19337
4589,472,4,36408
4589,25,5,21895
4589,21,3,4967
4589,344,1,209531
4589,418,2,74261
4590,47,5,97070
4590,473,2,35743
4591,9,2,14154
4591,305,4,133725
4592,367,1,385569
4592,491,2,329786
4593,106,3,322592
4594,319,1,13408
4594,43,5,46765
4594,272,5,126874
4595,281,5,39335
4595,154,1,87423
4595,90,1,46285
4596,253,1,33950
4596,306,5,21631
4596,47,3,97070
4596,297,1,152414
4597,161,4,57428
4598,180,1,95722
4599,18,2,106801
4600,139,5,33059
4601,165,2,236084
4601,425,1,55700
4602,113,3,272293
4602,223,1,50138
4602,473,3,35743
4602,124,2,72493
4602,146,1,25217
4603,144,4,3348
4603,410,3,25982
4603,440,5,45817
4603,356,4,13766
4603,49,1,135654
4604,123,5,279054
4604,117,2,64514
4604,133,2,5374
4605,396,4,108856
4605,23,3,17339
4605,184,4,94140
4605,123,3,279054
4606,426,5,97056
4606,18,3,106801
4606,349,2,175402
4606,439,2,76172
4607,377,2,84604
4607,29,2,217876
4607,316,4,110095
4608,270,1,279510
4608,167,1,349988
4608,387,3,72331
4609,102,5,104057
4609,48,3,4403
4609,428,1,101575
4610,453,4,96234
4611,262,3,113819
4611,10,4,23500
4611,238,1,13772
4611,443,1,15672
4611,91,4,6014
4612,459,3,390475
4612,53,3,174455
4612,145,4,213841
4612,439,3,76172
4612,421,3,16165
4613,200,3,17698
4613,114,3,165626
4613,22,2,140911
4613,454,1,31060
4614,37,1,95128
4614,270,2,279510
4614,491,2,329786
4614,30,4,18635
4614,375,5,304045
4615,299,3,244845
4615,471,3,162289
4616,269,4,216861
4616,166,3,12541
4616,52,3,94514
4616,407,1,90865
4616,419,2,78777
4617,196,5,9369
4618,397,1,9374
4618,323,4,1715
4618,493,4,89214
4618,439,5,76172
4618,405,1,50824
4619,413,5,160936
4620,244,3,81779
4620,204,1,21413
4620,39,1,100595
4620,134,3,27301
4620,147,3,17331
4621,45,1,177896
4621,288,5,37239
4622,256,1,19337
4622,233,3,70397
4622,139,5,33059
4622,26,1,17025
4623,180,3,95722
4624,30,4,18635
4625,120,2,40593
4626,109,1,28029
4626,413,5,160936
4626,11,4,28502
4626,222,4,59357
4627,91,4,6014
4627,397,2,9374
4627,455,2,21022
4628,477,2,222378
4628,205,1,15342
4628,161,3,57428
4628,433,2,104248
4628,325,2,17404
4629,79,2,284973
4629,343,5,30610
4630,21,3,4967
4630,485,3,23113
4631,40,2,366700
4631,488,4,5098
4632,281,2,39335
4633,467,4,64096
4633,99,4,318029
4634,4,5,16115
4634,182,5,100465
4634,284,1,216354
4634,87,2,40788
4634,475,2,364569
4635,141,3,26582
4635,197,5,56261
4635,422,1,84671
4636,469,1,25965
4636,430,2,246618
4637,78,5,46284
4637,102,3,104057
4638,95,3,39750
4638,73,1,190146
4638,82,3,137182
4638,135,1,68026
4639,262,4,113819
4639,434,3,20170
4639,206,5,161706
4639,381,5,3620
4639,202,2,30734
4640,180,4,95722
4640,41,4,13733
4640,282,5,79545
4640,313,1,28221
4640,390,1,77909
4641,425,1,55700
4641,210,5,233057
4642,2,4,1161
4642,370,2,241518
4642,482,4,202407
4642,190,2,35521
4642,268,5,245217
4643,396,4,108856
4643,162,2,214499
4643,422,3,84671
4644,108,3,14119
4644,498,1,232103
4644,213,4,12503
4644,64,1,16958
4644,26,2,17025
4645,181,5,135041
4645,450,3,18155
4645,202,5,30734
4646,166,4,12541
4646,135,5,68026
4646,352,1,165672
4646,334,3,178337
4647,483,5,19217
4647,242,1,31952
4647,417,1,13389
4648,84,4,301427
4648,43,3,46765
4648,222,1,59357
4649,126,3,26687
4650,198,3,303186
4650,297,2,152414
4651,483,5,19217
4651,249,3,26469
4651,79,4,284973
4651,322,4,69626
4651,338,3,21332
4652,11,5,28502
4652,487,1,46116
4653,2,2,1161
4653,261,1,110716
4653,5,5,43504
4654,136,3,52918
4654,349,1,175402
4654,334,5,178337
4654,204,2,21413
4654,141,3,26582
4655,39,3,100595
4656,500,1,26997
4656,474,1,19972
4657,444,1,36153
4657,192,5,57730
4657,272,3,126874
4657,322,3,69626
4657,419,4,78777
4658,233,5,70397
4658,350,5,30892
4658,333,4,33838
4659,303,2,66948
4660,486,1,12910
4660,257,2,48066
4661,435,2,2101
4662,80,1,27685
4662,460,4,3548
4662,109,5,28029
4663,326,3,4873
4663,424,5,71953
4663,203,2,12061
4663,51,3,63866
4664,481,4,50319
4664,10,1,23500
4664,469,5,25965
4664,167,4,349988
4664,265,4,228182
4665,126,3,26687
4665,208,1,109078
4665,456,2,53827
4665,322,3,69626
4666,234,5,21558
4666,388,4,281397
4666,334,2,178337
4666,48,3,4403
4667,47,3,97070
4667,157,3,73175
4668,110,4,89656
4668,455,4,21022
4668,272,3,126874
4668,393,5,66531
4668,406,2,45566
4669,440,1,45817
4669,407,5,90865
4669,66,3,94469
4669,46,1,29243
4670,32,4,27405
4670,148,3,36417
4670,365,2,1681
4671,40,5,366700
4671,396,5,108856
4671,247,3,3753
4671,358,4,161738
4672,172,5,113684
4672,29,1,217876
4672,304,5,52325
4672,339,5,46398
4672,482,5,202407
4673,202,5,30734
4673,376,3,62184
4673,94,4,58365
4674,54,4,253598
4675,457,2,43692
4675,196,2,9369
4675,414,3,278944
4675,222,5,59357
4675,244,4,81779
4676,474,4,19972
4676,486,3,12910
4677,351,5,30502
4677,265,3,228182
4677,220,5,30297
4677,139,1,33059
4678,232,1,46489
4678,129,2,5827
4678,494,4,339385
4678,220,3,30297
4678,438,1,23481
4679,406,2,45566
4679,124,2,72493
4679,113,1,272293
4680,144,5,3348
4680,91,5,6014
4680,222,1,59357
4680,479,5,124870
4680,418,1,74261
4681,402,1,30524
4681,406,2,45566
4681,140,3,297192
4681,391,1,118125
4682,457,4,43692
4682,405,2,50824
4682,251,4,136070
4682,193,5,21914
4682,321,4,117567
4683,2,5,1161
4683,447,1,17438
4684,230,5,5812
4684,489,3,83195
4684,51,2,63866
4684,379,4,84354
4684,481,5,50319
4685,268,3,245217
4686,307,4,25820
4686,197,4,56261
4686,157,1,73175
4686,44,3,38256
4686,127,4,72595
4687,356,1,13766
4687,199,2,183584
4687,260,4,198369
4687,456,2,53827
4688,263,1,181135
4688,419,2,78777
4688,247,2,3753
4688,342,4,49463
4689,398,3,122257
4689,432,1,10521
4689,128,1,18782
4689,34,3,88927
4689,332,2,90588
4690,50,1,31053
4690,297,4,152414
4690,214,4,135750
4690,296,1,26698
4691,100,4,42292
4692,115,5,46906
4692,25,2,21895
4692,371,1,6925
4692,153,4,45281
4693,261,1,110716
4693,350,1,30892
4693,357,5,89463
4694,51,5,63866
4695,393,1,66531
4695,425,5,55700
4695,115,3,46906
4695,77,5,29468
4695,345,1,205943
4696,60,5,91561
4697,287,1,38127
4697,19,4,46145
4697,306,5,21631
4697,270,4,279510
4697,435,3,2101
4698,421,1,16165
4698,481,5,50319
4699,185,2,21284
4699,213,2,12503
4699,56,1,47059
4700,490,4,21175
4700,322,4,69626
4701,399,1,70186
4701,395,5,12207
4702,384,1,12824
4702,167,4,349988
4702,21,5,4967
4703,252,2,30564
4703,210,4,233057
4703,376,4,62184
4703,302,4,174010
4703,218,3,23819
4704,98,3,33877
4704,210,5,233057
4705,236,3,17489
4705,407,1,90865
4706,89,5,28187
4707,252,2,30564
4707,25,4,21895
4707,227,4,34328
4707,442,4,33478
4707,168,3,50130
4708,30,2,18635
4708,424,2,71953
4708,27,1,156687
4708,242,5,31952
4708,467,1,64096
4709,25,4,21895
4709,148,3,36417
4709,345,4,205943
4709,91,4,6014
4709,469,5,25965
4710,253,2,33950
4710,205,3,15342
4711,334,5,178337
4711,379,2,84354
4711,90,4,46285
4711,484,4,38947
4711,295,4,4752
4712,487,1,46116
4712,147,1,17331
4712,189,5,37505
4712,180,3,95722
4712,176,4,282106
4713,6,3,46366
4713,83,2,117842
4713,229,5,8418
4713,323,1,1715
4713,10,5,23500
4714,126,4,26687
4714,289,5,50842
4714,97,2,29008
4715,29,1,217876
4715,140,2,297192
4715,62,1,191660
4715,343,1,30610
4716,84,3,301427
4717,128,3,18782
4717,138,5,107533
4718,468,1,28516
4719,290,3,195202
4719,227,4,34328
4720,374,2,197138
4720,497,1,25163
4720,301,3,163056
4720,148,3,36417
4721,395,3,12207
4721,349,1,175402
4722,10,1,23500
4722,367,2,385569
4722,166,4,12541
4723,370,3,241518
4723,1,5,30460
4723,420,3,337141
4723,448,5,12674
4723,361,4,15440
4724,396,2,108856
4724,350,4,30892
4724,86,4,38482
4724,262,2,113819
4724,421,1,16165
4725,284,5,216354
4725,392,5,96682
4725,435,3,2101
4726,250,4,57769
4726,450,1,18155
4726,216,2,126332
4726,361,2,15440
4727,205,1,15342
4727,332,3,90588
4727,404,4,80639
4727,148,5,36417
4727,68,1,25262
4728,409,2,353178
4728,149,2,9848
4728,21,2,4967
4729,25,2,21895
4729,340,1,19725
4729,127,2,72595
4730,53,3,174455
4730,238,2,13772
4730,471,5,162289
4731,180,5,95722
4731,63,3,16864
4731,114,1,165626
4731,21,2,4967
4732,276,2,31306
4732,481,1,50319
4732,311,2,26373
4732,412,5,63565
4733,1,1,30460
4733,225,5,376537
4733,277,4,97231
4733,481,3,50319
4733,386,1,27994
4734,371,2,6925
4734,106,4,322592
4734,318,2,49519
4734,186,2,94727
4734,100,4,42292
4735,162,1,214499
4735,50,5,31053
4735,334,4,178337
4735,18,1,106801
4736,270,2,279510
4736,427,2,11528
4736,217,1,46252
4736,432,4,10521
4736,48,1,4403
4737,178,1,42065
4737,54,3,253598
4737,110,5,89656
4738,53,2,174455
4738,498,5,232103
4738,70,2,97975
4739,324,4,246505
4739,274,4,29236
4739,76,5,16359
4740,28,5,262645
4740,110,2,89656
4740,224,2,178542
4740,237,2,19452
4741,466,5,56723
4741,81,5,16640
4741,369,2,12491
4741,391,4,118125
4742,22,2,140911
4742,74,4,66338
4743,185,2,21284
4744,261,2,110716
4744,307,1,25820
4745,286,2,6843
4746,465,3,18047
4746,133,1,5374
4746,204,5,21413
4747,178,5,42065
4748,484,5,38947
4748,338,1,21332
4749,349,1,175402
4749,295,5,4752
4750,191,5,67223
4750,270,5,279510
4750,308,4,132875
4751,5,2,43504
4751,103,5,49500
4751,258,5,46266
4751,131,4,24943
4752,311,5,26373
4752,485,5,23113
4753,343,4,30610
4753,191,2,67223
4754,328,5,322486
4754,282,1,79545
4755,56,2,47059
4756,380,1,76284
4756,317,4,6176
4756,308,1,132875
4756,264,1,127162
4757,5,5,43504
4757,170,2,22358
4757,58,1,18434
4757,370,4,241518
4758,75,2,14201
4758,281,3,39335
4759,21,1,4967
4760,48,1,4403
4760,489,3,83195
4760,137,4,188948
4760,102,4,104057
4761,357,4,89463
4761,12,5,19732
4761,224,5,178542
4762,145,2,213841
4762,341,1,72235
4762,181,2,135041
4763,389,4,50329
4764,205,5,15342
4764,185,5,21284
4764,410,2,25982
4764,53,4,174455
4764,287,1,38127
4765,306,3,21631
4765,121,1,295195
4765,356,4,13766
4765,471,5,162289
4765,310,1,6597
4766,446,3,28425
4767,160,5,31418
4767,476,1,6653
4767,190,4,35521
4767,240,5,11336
4767,120,1,40593
4768,75,5,14201
4768,62,2,191660
4768,485,2,23113
4768,454,1,31060
4768,324,5,246505
4769,26,3,17025
4769,159,4,13360
4769,470,1,89384
4770,26,5,17025
4770,437,1,32226
4770,106,3,322592
4771,301,1,163056
4771,424,2,71953
4771,119,4,126842
4772,132,1,50067
4772,214,5,135750
4772,465,5,18047
4773,17,5,39052
4773,275,5,144381
4773,304,3,52325
4774,74,1,66338
4774,120,5,40593
4775,388,1,281397
4775,174,2,14927
4775,384,3,12824
4776,362,2,163523
4776,468,4,28516
4776,417,2,13389
4776,411,1,54390
4776,26,1,17025
4777,476,5,6653
4778,203,5,12061
4778,275,3,144381
4778,100,2,42292
4778,186,3,94727
4778,483,4,19217
4779,461,4,4179
4779,33,2,40980
4779,394,3,26520
4779,441,1,39469
4779,292,2,38803
4780,126,1,26687
4780,10,1,23500
4781,283,2,18422
4782,71,5,322513
4783,265,1,228182
4783,389,4,50329
4784,51,5,63866
4784,177,4,19098
4785,204,1,21413
4785,144,3,3348
4785,28,4,262645
4786,176,1,282106
4787,129,5,5827
4787,280,4,31887
4787,55,4,195035
4787,316,4,110095
4787,118,2,45795
4788,211,3,236041
4789,331,2,215153
4790,372,1,135500
4790,480,4,56026
4790,455,5,21022
4790,434,4,20170
4791,339,4,46398
4791,352,2,165672
4791,353,3,64555
4791,420,2,337141
4792,235,3,12586
4793,488,4,5098
4793,133,3,5374
4793,243,3,37716
4794,475,2,364569
4794,83,2,117842
4794,444,5,36153
4794,361,3,15440
4795,394,2,26520
4795,45,5,177896
4795,284,2,216354
4795,417,2,13389
4796,485,4,23113
4797,401,5,14740
4797,7,1,256638
4798,380,1,76284
4799,212,1,5586
4799,294,2,24516
4800,463,4,93210
4801,229,1,8418
4801,225,4,376537
4802,236,2,17489
4802,251,5,136070
4802,386,1,27994
4803,457,1,43692
4803,339,4,46398
4803,455,2,21022
4804,84,4,301427
4804,313,3,28221
4804,388,5,281397
4804,417,1,13389
4805,88,4,34078
4806,8,3,45692
4806,460,1,3548
4806,490,2,21175
4806,475,3,364569
4806,133,3,5374
4807,311,1,26373
4807,447,5,17438
4808,350,2,30892
4808,31,1,4757
4808,11,3,28502
4808,465,2,18047
4809,376,1,62184
4809,334,4,178337
4809,121,5,295195
4810,143,2,32664
4810,361,3,15440
4811,244,4,81779
4811,69,3,341185
4812,114,3,165626
4812,219,4,199512
4813,332,4,90588
4813,70,1,97975
4813,456,2,53827
4813,285,3,25867
4814,244,2,81779
4814,194,3,278145
4815,484,4,38947
4815,62,4,191660
4815,331,4,215153
4816,441,2,39469
4816,316,5,110095
4816,18,1,106801
4816,342,1,49463
4816,119,1,126842
4817,38,4,23812
4817,195,4,45299
4818,22,1,140911
4818,415,4,21167
4818,197,5,56261
4818,361,1,15440
4818,364,5,11269
4819,441,4,39469
4819,226,2,46493
4820,231,4,33257
4821,288,2,37239
4821,384,1,12824
4822,248,1,63230
4822,184,3,94140
4822,500,3,26997
4822,310,2,6597
4822,256,4,19337
4823,204,2,21413
4823,285,5,25867
4823,371,2,6925
4823,113,1,272293
4824,348,4,203414
4824,357,3,89463
4824,168,5,50130
4825,461,2,4179
4825,79,4,284973
4826,107,5,22966
4827,264,1,127162
4827,64,4,16958
4827,318,5,49519
4827,13,3,62062
4828,31,1,4757
4828,326,4,4873
4828,298,1,33167
4828,437,2,32226
4828,10,1,23500
4829,183,1,25987
4829,161,5,57428
4829,190,3,35521
4830,477,4,222378
4830,364,5,11269
4830,200,3,17698
4831,17,4,39052
4831,372,4,135500
4831,431,1,23838
4832,181,3,135041
4832,379,4,84354
4833,373,4,16339
4833,134,5,27301
4834,54,4,253598
4834,185,1,21284
4834,46,2,29243
4835,25,2,21895
4835,384,3,12824
4835,90,4,46285
4835,366,4,6107
4836,13,5,62062
4837,200,1,17698
4838,213,3,12503
4838,140,3,297192
4838,291,5,198170
4839,93,2,223976
4839,45,2,177896
4839,121,1,295195
4839,124,3,72493
4840,321,3,117567
4840,213,3,12503
4840,53,3,174455
4840,285,2,25867
4841,444,4,36153
4841,352,4,165672
4842,209,5,75954
4842,442,4,33478
4842,189,3,37505
4842,220,1,30297
4843,1,3,30460
4843,431,1,23838
4843,197,5,56261
4843,452,1,10853
4843,448,2,12674
4844,426,3,97056
4844,142,5,3835
4845,246,2,55705
4845,114,4,165626
4845,16,3,12466
4845,346,1,13653
4845,483,4,19217
4846,153,4,45281
4846,356,4,13766
4846,489,5,83195
4846,18,3,106801
4847,494,4,339385
4847,27,2,156687
4847,468,3,28516
4847,309,1,6928
4847,93,5,223976
4848,282,4,79545
4848,353,4,64555
4848,68,3,25262
4848,42,4,269340
4848,334,1,178337
4849,322,4,69626
4850,157,1,73175
4851,241,2,8530
4851,416,2,29781
4852,473,5,35743
4853,170,4,22358
4853,199,5,183584
4853,413,1,160936
4853,148,2,36417
4853,444,3,36153
4854,13,5,62062
4854,173,4,65328
4854,356,3,13766
4855,362,2,163523
4855,121,2,295195
4855,393,3,66531
4855,286,2,6843
4856,300,5,19728
4856,147,2,17331
4856,438,3,23481
4857,464,3,50392
4857,5,5,43504
4857,100,3,42292
4858,463,2,93210
4859,471,5,162289
4859,141,4,26582
4859,204,5,21413
4859,492,5,21824
4859,458,1,71947
4860,186,5,94727
4860,171,5,24723
4861,192,5,57730
4861,152,5,18477
4862,443,3,15672
4862,15,4,53076
4863,480,4,56026
4864,224,1,178542
4864,490,1,21175
4864,98,2,33877
4865,369,2,12491
4866,162,5,214499
4866,456,1,53827
4866,310,3,6597
4867,351,3,30502
4867,227,4,34328
4867,391,5,118125
4867,400,5,38896
4867,83,4,117842
4868,130,4,103020
4868,91,1,6014
4869,34,5,88927
4869,29,2,217876
4869,46,1,29243
4869,478,3,30883
4870,386,3,27994
4870,296,5,26698
4870,118,1,45795
4870,370,2,241518
4871,356,2,13766
4871,53,4,174455
4872,421,1,16165
4872,321,2,117567
4872,235,3,12586
4872,250,1,57769
4873,286,3,6843
4873,18,4,106801
4873,66,2,94469
4873,431,4,23838
4873,112,2,20511
4874,355,2,32016
4874,413,5,160936
4875,115,3,46906
4875,133,4,5374
4875,466,1,56723
4876,227,4,34328
4876,48,2,4403
4876,261,5,110716
4877,302,1,174010
4878,348,5,203414
4878,252,4,30564
4879,282,3,79545
4879,29,5,217876
4880,17,5,39052
4880,418,3,74261
4880,126,3,26687
4881,30,5,18635
4882,351,4,30502
4882,197,2,56261
4882,492,4,21824
4882,222,5,59357
4882,433,3,104248
4883,395,1,12207
4883,407,2,90865
4883,83,5,117842
4883,103,1,49500
4883,267,3,70542
4884,44,5,38256
4885,97,2,29008
4886,437,3,32226
4886,272,1,126874
4886,453,2,96234
4886,262,4,113819
4887,384,2,12824
4887,1,1,30460
4888,104,1,14364
4888,77,1,29468
4889,290,3,195202
4889,438,2,23481
4890,489,2,83195
4890,11,1,28502
4890,317,4,6176
4891,106,1,322592
4891,387,4,72331
4891,70,4,97975
4891,10,4,23500
4892,66,3,94469
4892,22,5,140911
4892,127,2,72595
4892,209,3,75954
4893,475,5,364569
4893,98,1,33877
4893,401,1,14740
4893,328,4,322486
4893,123,4,279054
4894,456,3,53827
4895,347,4,17871
4896,208,5,109078
4897,283,1,18422
4897,101,5,18123
4897,59,5,16564
4898,21,4,4967
4898,33,5,40980
4898,130,4,103020
4898,216,5,126332
4898,145,1,213841
4899,308,5,132875
4899,273,3,21099
4900,178,4,42065
4900,278,4,213791
4900,136,5,52918
4900,75,5,14201
4901,231,2,33257
4901,314,4,291451
4901,387,3,72331
4901,171,3,24723
4901,397,2,9374
4902,453,3,96234
4903,486,2,12910
4903,43,2,46765
4903,63,1,16864
4904,384,4,12824
4904,363,5,17442
4904,396,1,108856
4905,245,2,32690
4906,155,2,11589
4906,116,3,139479
4906,451,4,107375
4906,434,5,20170
4907,113,5,272293
4907,448,3,12674
4908,18,4,106801
4908,203,5,12061
4908,492,3,21824
4908,66,5,94469
4909,352,5,165672
4909,296,5,26698
4910,216,5,126332
4910,417,4,13389
4910,58,3,18434
4910,384,4,12824
4911,91,2,6014
4911,80,3,27685
4911,477,2,222378
4911,64,1,16958
4911,498,1,232103
4912,253,5,33950
4913,415,5,21167
4914,55,1,195035
4915,87,4,40788
4915,88,5,34078
4915,134,2,27301
4916,495,4,21011
4917,495,1,21011
4917,498,3,232103
4918,393,4,66531
4918,226,1,46493
4919,249,4,26469
4919,33,1,40980
4919,89,5,28187
4919,232,3,46489
4919,132,5,50067
4920,228,3,59191
4921,436,5,201412
4921,359,5,153672
4921,95,5,39750
4921,43,5,46765
4921,367,5,385569
4922,433,2,104248
4923,59,5,16564
4924,285,5,25867
4924,276,2,31306
4924,192,3,57730
4924,422,2,84671
4924,251,4,136070
4925,241,5,8530
4925,107,5,22966
4926,428,3,101575
4927,484,3,38947
4927,255,1,5246
4927,387,1,72331
4927,23,4,17339
4927,310,3,6597
4928,145,1,213841
4929,353,1,64555
4929,372,4,135500
4929,470,2,89384
4929,253,2,33950
4929,23,3,17339
4930,313,1,28221
4930,473,4,35743
4930,212,4,5586
4931,248,2,63230
4931,274,4,29236
4931,282,4,79545
4931,310,3,6597
4932,8,5,45692
4932,59,5,16564
4932,306,1,21631
4932,288,1,37239
4933,382,1,96598
4934,284,3,216354
4934,413,5,160936
4934,110,4,89656
4935,282,3,79545
4935,343,1,30610
4935,345,5,205943
4935,19,4,46145
4936,127,2,72595
4936,372,1,135500
4936,45,5,177896
4936,78,4,46284
4936,72,4,13930
4937,326,5,4873
4938,413,1,160936
4938,70,2,97975
4939,237,5,19452
4939,459,5,390475
4939,425,4,55700
4940,319,5,13408
4940,252,5,30564
4940,96,3,218785
4941,173,3,65328
4942,80,4,27685
4942,483,5,19217
4942,70,3,97975
4942,265,4,228182
4943,34,4,88927
4944,328,1,322486
4944,488,4,5098
4944,393,3,66531
4944,32,1,27405
4944,495,5,21011
4945,254,4,37839
4945,168,2,50130
4945,174,1,14927
4945,245,3,32690
4946,72,2,13930
4947,403,2,204017
4947,24,5,151640
4947,247,2,3753
4948,435,1,2101
4948,144,1,3348
4948,253,2,33950
4948,391,1,118125
4948,367,4,385569
4949,72,2,13930
4949,427,1,11528
4949,458,3,71947
4950,219,2,199512
4950,258,1,46266
4951,293,4,60030
4951,321,4,117567
4951,412,5,63565
4951,166,4,12541
4951,332,4,90588
4952,354,2,49452
4953,310,3,6597
4953,481,3,50319
4953,221,5,166207
4953,20,4,40179
4953,313,5,28221
4954,59,2,16564
4954,345,4,205943
4954,492,2,21824
4954,421,1,16165
4955,424,4,71953
4956,330,5,13065
4956,471,1,162289
4957,349,2,175402
4957,40,1,366700
4957,11,3,28502
4958,136,2,52918
4958,80,1,27685
4959,272,1,126874
4959,223,2,50138
4959,207,3,38826
4960,427,4,11528
4960,1,4,30460
4960,370,5,241518
4961,383,3,7803
4961,323,3,1715
4961,32,1,27405
4962,370,3,241518
4962,271,3,87661
4962,2,5,1161
4963,37,3,95128
4964,191,4,67223
4964,33,5,40980
4964,79,1,284973
4964,482,1,202407
4965,144,5,3348
4965,426,5,97056
4965,375,4,304045
4965,325,2,17404
4965,489,4,83195
4966,109,1,28029
4966,365,5,1681
4966,414,2,278944
4967,170,3,22358
4968,79,3,284973
4968,225,1,376537
4969,52,3,94514
4969,478,4,30883
4969,56,3,47059
4969,467,1,64096
4969,67,2,27366
4970,133,5,5374
4970,328,3,322486
4970,187,2,209644
4971,215,4,24668
4971,388,5,281397
4971,57,2,38622
4971,140,1,297192
4972,426,4,97056
4973,393,5,66531
4973,460,3,3548
4973,253,5,33950
4973,139,5,33059
4974,160,5,31418
4974,477,2,222378
4974,319,1,13408
4975,352,3,165672
4975,115,5,46906
4975,348,4,203414
4976,288,2,37239
4976,307,4,25820
4977,267,4,70542
4977,299,4,244845
4977,96,1,218785
4977,55,2,195035
4977,226,5,46493
4978,444,3,36153
4978,370,4,241518
4979,469,3,25965
4979,52,3,94514
4980,348,1,203414
4980,388,5,281397
4980,88,2,34078
4980,5,1,43504
4980,429,4,25549
4981,242,3,31952
4982,477,4,222378
4982,447,3,17438
4982,9,4,14154
4982,191,3,67223
4982,408,4,169925
4983,321,1,117567
4983,414,4,278944
4984,12,2,19732
4984,174,3,14927
4984,305,4,133725
4984,35,4,10454
4984,405,3,50824
4985,383,1,7803
4985,298,4,33167
4985,233,2,70397
4985,485,4,23113
4985,146,1,25217
4986,320,2,353761
4986,120,5,40593
4986,321,4,117567
4986,409,2,353178
4986,402,1,30524
4987,443,2,15672
4987,462,2,84658
4987,260,3,198369
4987,73,4,190146
4988,324,3,246505
4988,177,2,19098
4988,285,4,25867
4989,224,2,178542
4990,224,4,178542
4991,90,5,46285
4992,388,5,281397
4992,399,3,70186
4992,349,5,175402
4992,405,3,50824
4992,371,4,6925
4993,330,1,13065
4993,389,5,50329
4993,428,5,101575
4993,262,2,113819
4994,140,4,297192
4995,433,1,104248
4996,413,4,160936
4996,337,3,22216
4997,295,1,4752
4997,323,1,1715
4998,107,3,22966
4998,313,2,28221
4999,414,3,278944
4999,100,2,42292
4999,322,4,69626
4999,490,4,21175
4999,467,5,64096
5000,307,4,25820
5000,140,5,297192
