payment_id,order_id,payment_type,payment_amount,payment_date,payment_status
1,1,upi,732328,2023-01-28,completed
2,2,upi,466229,2024-09-17,completed
3,3,card,635548,2025-03-16,completed
4,4,cash,607149,2025-05-18,completed
5,5,upi,13576,2023-09-30,completed
6,6,cash,511334,2026-04-06,completed
7,7,card,2156069,2024-06-06,completed
8,8,upi,28122,2024-06-12,completed
9,9,upi,527914,2025-12-08,completed
10,10,card,475905,2025-12-23,completed
11,11,card,448383,2023-05-16,failed
12,12,upi,543000,2025-09-27,completed
13,13,cash,681673,2024-10-15,pending
14,14,cash,106894,2023-09-24,completed
15,15,upi,981577,2025-10-07,completed
16,16,cash,427406,2026-04-11,completed
17,17,cash,493151,2024-01-30,failed
18,18,card,499210,2023-12-01,completed
19,19,cash,969460,2024-04-23,completed
20,20,card,68656,2025-04-11,completed
21,21,cash,827677,2024-12-05,completed
22,22,card,2508502,2024-02-26,completed
23,23,card,534005,2026-03-04,completed
24,24,upi,1075427,2026-07-14,completed
25,25,upi,361483,2023-07-11,completed
26,26,card,831035,2025-11-26,completed
27,27,upi,1456308,2024-06-22,failed
28,28,cash,354570,2025-11-01,completed
29,29,card,775965,2024-12-12,completed
30,30,card,364569,2023-11-23,completed
31,31,cash,322224,2024-07-30,pending
32,32,cash,66964,2026-06-04,completed
33,33,card,1901470,2025-08-09,completed
34,34,upi,128294,2025-11-12,completed
35,35,card,23409,2023-08-29,completed
36,36,upi,311636,2024-07-16,completed
37,37,upi,892424,2024-08-21,completed
38,38,upi,127923,2025-08-04,completed
39,39,card,909098,2023-09-24,completed
40,40,upi,283536,2024-06-11,failed
41,41,upi,693120,2024-10-06,failed
42,42,cash,806545,2024-03-29,completed
43,43,cash,110095,2025-12-05,pending
44,44,cash,682260,2026-06-08,completed
45,45,card,1268564,2025-09-23,pending
46,46,upi,504903,2024-06-17,completed
47,47,upi,347377,2025-09-28,completed
48,48,upi,9746,2024-06-22,completed
49,49,cash,1244324,2025-10-23,completed
50,50,upi,106846,2023-10-22,failed
51,51,card,591920,2023-11-23,completed
52,52,cash,442864,2024-08-01,completed
53,53,card,1327128,2024-11-15,completed
54,54,upi,424025,2024-01-13,return
55,55,cash,1636984,2024-01-05,return
56,56,upi,429500,2024-09-14,failed
57,57,cash,225306,2023-02-15,completed
58,58,card,302656,2024-10-07,completed
59,59,card,678137,2023-10-06,completed
60,60,upi,1521466,2025-06-04,return
61,61,cash,307182,2026-03-28,completed
62,62,cash,704980,2026-07-25,completed
63,63,card,627897,2026-07-24,failed
64,64,upi,167831,2026-03-19,completed
65,65,card,2222160,2025-08-19,completed
66,66,upi,377417,2025-08-18,completed
67,67,cash,1690875,2023-07-23,completed
68,68,upi,102555,2025-07-06,completed
69,69,cash,115460,2024-10-31,completed
70,70,upi,611285,2024-09-17,completed
71,71,card,823775,2025-10-01,completed
72,72,card,589789,2025-12-29,completed
73,73,cash,3010839,2025-02-21,failed
74,74,upi,55104,2026-06-05,completed
75,75,cash,1562036,2025-08-22,completed
76,76,upi,976311,2023-07-14,completed
77,77,cash,468062,2026-03-13,pending
78,78,cash,490749,2025-01-23,completed
79,79,cash,636418,2025-04-27,completed
80,80,cash,889480,2023-08-05,failed
81,81,cash,80094,2023-09-02,completed
82,82,upi,84561,2026-04-14,completed
83,83,upi,34495,2024-06-05,completed
84,84,card,261312,2026-07-14,completed
85,85,card,168806,2023-03-04,completed
86,86,cash,856562,2026-03-14,completed
87,87,upi,129475,2025-05-22,completed
88,88,upi,542818,2024-09-19,completed
89,89,card,794764,2025-08-22,completed
90,90,card,92568,2026-03-08,completed
91,91,upi,1307492,2023-09-01,failed
92,92,cash,581173,2024-05-29,failed
93,93,upi,857698,2026-06-26,pending
94,94,cash,550473,2024-06-08,return
95,95,upi,27153,2023-03-21,completed
96,96,cash,35396,2023-03-17,completed
97,97,upi,32230,2024-11-08,failed
98,98,upi,1162151,2023-05-02,completed
99,99,cash,1064734,2025-09-26,completed
100,100,cash,1279025,2023-09-23,pending
101,101,upi,3209608,2023-01-19,pending
102,102,upi,1633821,2025-01-26,completed
103,103,upi,836925,2023-01-31,completed
104,104,upi,24414,2026-05-18,failed
105,105,upi,684241,2023-10-12,completed
106,106,cash,400153,2024-10-21,completed
107,107,cash,118662,2023-12-02,completed
108,108,card,194480,2025-12-29,completed
109,109,card,1216828,2025-06-02,failed
110,110,cash,1116163,2023-06-21,failed
111,111,upi,1168877,2025-01-12,completed
112,112,card,332414,2025-10-12,completed
113,113,card,580956,2024-12-15,return
114,114,cash,338910,2023-04-30,completed
115,115,card,2282048,2025-03-03,failed
116,116,card,58486,2025-01-13,return
117,117,upi,28458,2024-02-21,completed
118,118,card,610242,2024-04-12,completed
119,119,upi,1998793,2023-06-22,completed
120,120,card,1654510,2024-06-20,completed
121,121,card,1193123,2025-08-30,completed
122,122,card,1192721,2023-05-29,completed
123,123,upi,1141724,2026-07-14,completed
124,124,upi,1180420,2026-03-23,completed
125,125,upi,517548,2023-10-15,completed
126,126,cash,202796,2026-01-16,completed
127,127,upi,348795,2023-06-02,completed
128,128,upi,1557453,2026-02-01,pending
129,129,cash,165245,2024-01-26,completed
130,130,upi,301785,2025-07-11,completed
131,131,card,144878,2023-02-15,completed
132,132,cash,1270709,2024-05-28,completed
133,133,upi,459575,2024-06-03,completed
134,134,cash,1051194,2024-01-04,completed
135,135,cash,13856,2023-07-06,completed
136,136,cash,1718083,2024-11-13,completed
137,137,upi,480152,2025-02-18,completed
138,138,cash,1363882,2025-10-19,completed
139,139,cash,80636,2025-09-13,completed
140,140,cash,2283202,2024-12-21,pending
141,141,cash,734336,2024-02-28,completed
142,142,upi,59546,2023-04-23,completed
143,143,card,552482,2023-05-26,pending
144,144,upi,132252,2025-10-15,completed
145,145,cash,2771337,2024-02-18,completed
146,146,cash,1523078,2023-10-28,return
147,147,upi,568711,2024-10-17,completed
148,148,cash,433047,2024-12-19,completed
149,149,cash,207307,2024-11-04,completed
150,150,upi,84663,2024-01-21,completed
151,151,upi,188580,2023-12-15,completed
152,152,upi,791216,2023-07-08,completed
153,153,cash,719557,2023-09-07,completed
154,154,upi,752929,2025-02-25,pending
155,155,cash,1239014,2026-06-20,completed
156,156,card,836832,2023-09-19,completed
157,157,upi,1170876,2025-02-14,failed
158,158,upi,281183,2023-04-26,completed
159,159,upi,378340,2026-03-05,completed
160,160,cash,697978,2025-10-22,completed
161,161,card,487024,2025-01-20,completed
162,162,upi,54932,2024-04-15,failed
163,163,card,764041,2025-10-13,completed
164,164,upi,204544,2024-10-22,return
165,165,card,50326,2023-10-07,completed
166,166,card,368910,2025-12-11,completed
167,167,upi,650029,2025-10-13,completed
168,168,upi,364796,2025-01-10,return
169,169,cash,866360,2023-02-18,failed
170,170,card,357603,2024-01-12,completed
171,171,upi,1213116,2023-01-18,completed
172,172,cash,52106,2026-07-11,return
173,173,cash,67040,2026-03-13,failed
174,174,upi,838741,2023-04-15,completed
175,175,card,1892896,2023-04-28,completed
176,176,upi,152300,2025-11-10,completed
177,177,upi,1628881,2025-05-18,completed
178,178,upi,344612,2025-09-26,completed
179,179,cash,1171284,2023-12-04,pending
180,180,card,2881495,2023-04-12,completed
181,181,card,2304360,2023-09-16,completed
182,182,cash,424479,2026-03-07,completed
183,183,upi,374579,2023-02-26,completed
184,184,cash,350804,2025-06-18,pending
185,185,cash,448604,2026-02-14,completed
186,186,upi,2593546,2024-06-19,completed
187,187,card,1702757,2023-09-29,completed
188,188,cash,244674,2023-10-14,completed
189,189,upi,170363,2023-09-14,completed
190,190,upi,108856,2024-03-17,completed
191,191,card,204900,2023-12-05,completed
192,192,upi,850316,2025-02-06,failed
193,193,cash,526323,2026-04-15,completed
194,194,cash,27466,2026-05-15,completed
195,195,upi,129897,2023-06-21,failed
196,196,card,1282650,2023-06-13,completed
197,197,upi,886118,2024-03-06,completed
198,198,upi,522927,2023-04-18,completed
199,199,upi,880414,2023-04-02,completed
200,200,upi,467070,2023-07-18,completed
201,201,upi,128182,2026-05-18,completed
202,202,card,261413,2023-09-01,completed
203,203,card,70186,2024-10-14,completed
204,204,cash,305431,2023-02-26,completed
205,205,card,210074,2026-02-23,failed
206,206,card,714572,2025-11-10,completed
207,207,card,857191,2025-10-31,failed
208,208,cash,516011,2025-03-05,completed
209,209,upi,1471646,2025-12-10,failed
210,210,cash,554967,2024-06-11,completed
211,211,cash,1891709,2025-09-28,completed
212,212,upi,1233333,2025-10-30,completed
213,213,upi,698989,2023-01-04,completed
214,214,card,388440,2023-08-06,completed
215,215,card,1882779,2024-01-22,completed
216,216,card,1302848,2026-06-23,completed
217,217,upi,482729,2024-02-11,completed
218,218,cash,1615891,2025-10-26,completed
219,219,cash,299283,2025-10-03,completed
220,220,upi,471788,2024-04-27,completed
221,221,upi,460964,2025-08-26,completed
222,222,card,648730,2025-05-11,completed
223,223,upi,2121084,2023-02-14,completed
224,224,cash,2228376,2025-04-24,failed
225,225,cash,185140,2023-05-13,completed
226,226,upi,99038,2024-12-07,completed
227,227,upi,2135305,2023-09-26,completed
228,228,upi,213305,2026-01-01,completed
229,229,upi,884440,2023-02-16,failed
230,230,card,836655,2024-10-06,completed
231,231,upi,810974,2023-11-07,completed
232,232,card,80825,2024-02-09,completed
233,233,cash,834648,2024-09-15,completed
234,234,upi,11505,2023-03-02,completed
235,235,cash,1013690,2023-06-18,completed
236,236,cash,98963,2023-11-05,completed
237,237,upi,1855046,2023-06-05,completed
238,238,card,1749940,2026-02-15,pending
239,239,cash,1407358,2025-09-01,completed
240,240,upi,5586,2025-02-10,completed
241,241,cash,590158,2023-10-29,completed
242,242,upi,89355,2023-11-10,completed
243,243,upi,3777675,2024-03-12,pending
244,244,cash,1068955,2026-07-03,completed
245,245,upi,2009718,2024-07-01,return
246,246,upi,1434994,2026-02-20,pending
247,247,card,155212,2025-10-26,pending
248,248,card,1002698,2023-07-21,completed
249,249,cash,542523,2024-04-12,completed
250,250,upi,248705,2026-03-15,completed
251,251,cash,612765,2023-08-08,completed
252,252,card,2891316,2025-11-19,completed
253,253,card,336764,2025-12-10,completed
254,254,cash,697631,2026-04-12,completed
255,255,card,188948,2025-06-21,completed
256,256,cash,1417420,2023-03-27,completed
257,257,upi,2639177,2025-05-03,completed
258,258,card,221543,2024-03-01,completed
259,259,card,1436798,2024-01-10,completed
260,260,card,497963,2025-05-31,return
261,261,cash,339584,2023-09-28,completed
262,262,card,1008275,2025-08-23,pending
263,263,upi,763146,2026-06-07,completed
264,264,card,1530301,2024-02-04,completed
265,265,upi,1544410,2025-08-10,completed
266,266,card,204770,2023-12-15,completed
267,267,card,1785831,2025-05-27,completed
268,268,card,1160925,2023-05-15,completed
269,269,cash,167765,2025-12-11,completed
270,270,cash,442822,2024-09-01,completed
271,271,card,34584,2023-08-24,completed
272,272,upi,42306,2023-06-25,completed
273,273,cash,1933267,2024-07-10,completed
274,274,card,35742,2025-04-11,completed
275,275,upi,677500,2023-02-01,pending
276,276,cash,210680,2024-05-20,completed
277,277,upi,804494,2026-06-12,completed
278,278,upi,1783876,2025-07-08,completed
279,279,card,1422426,2025-01-01,completed
280,280,upi,665881,2023-08-06,completed
281,281,upi,646445,2023-02-09,completed
282,282,upi,721004,2023-05-16,failed
283,283,card,583112,2025-08-23,return
284,284,cash,288739,2023-10-09,completed
285,285,upi,2474464,2023-02-26,completed
286,286,cash,976156,2024-07-13,completed
287,287,card,246259,2026-06-06,completed
288,288,card,155212,2024-05-20,completed
289,289,card,469640,2024-04-06,completed
290,290,card,500218,2024-01-26,pending
291,291,card,662355,2026-04-10,failed
292,292,upi,1309059,2025-09-30,pending
293,293,upi,1405853,2025-10-18,completed
294,294,cash,210405,2023-08-23,completed
295,295,upi,802918,2026-04-24,completed
296,296,upi,3278057,2026-01-25,completed
297,297,cash,3862,2026-07-28,completed
298,298,cash,1953734,2025-10-10,completed
299,299,upi,675887,2023-04-07,failed
300,300,cash,803726,2025-07-19,completed
301,301,card,189341,2024-03-15,completed
302,302,upi,184677,2025-12-23,completed
303,303,cash,660871,2025-11-18,completed
304,304,upi,883905,2025-09-27,failed
305,305,card,607221,2024-12-22,completed
306,306,cash,565886,2025-05-06,completed
307,307,upi,1639053,2024-08-02,completed
308,308,cash,139467,2024-07-08,completed
309,309,upi,2483774,2025-02-16,completed
310,310,upi,1902146,2026-01-16,completed
311,311,card,12910,2024-03-21,completed
312,312,card,1288557,2024-04-03,completed
313,313,upi,1743384,2025-08-23,completed
314,314,upi,35743,2024-11-23,completed
315,315,cash,531146,2025-02-06,failed
316,316,card,474947,2026-01-30,completed
317,317,cash,500703,2026-01-29,completed
318,318,upi,867076,2023-01-14,failed
319,319,upi,184580,2023-04-17,completed
320,320,upi,1468239,2025-09-09,completed
321,321,cash,667312,2023-08-21,failed
322,322,upi,1151095,2025-09-27,completed
323,323,card,412052,2023-02-02,completed
324,324,cash,677251,2024-01-20,completed
325,325,card,786470,2026-06-01,completed
326,326,upi,336442,2025-07-04,failed
327,327,upi,741607,2024-02-29,completed
328,328,upi,235192,2023-03-17,completed
329,329,card,61533,2023-02-09,pending
330,330,upi,1520225,2024-10-13,return
331,331,cash,70660,2024-10-22,completed
332,332,card,305782,2023-09-17,completed
333,333,upi,813406,2024-05-08,completed
334,334,upi,1002683,2024-05-05,failed
335,335,upi,388023,2025-07-21,completed
336,336,card,150201,2025-02-22,failed
337,337,card,1176296,2023-07-22,pending
338,338,cash,843500,2025-09-16,failed
339,339,upi,609900,2026-01-07,completed
340,340,upi,637615,2023-07-24,completed
341,341,card,840374,2024-10-30,completed
342,342,upi,663038,2023-07-18,completed
343,343,card,1356044,2023-02-28,completed
344,344,card,724554,2023-02-19,pending
345,345,card,105104,2025-10-16,completed
346,346,upi,321489,2024-10-26,completed
347,347,card,375771,2026-07-04,completed
348,348,upi,965835,2023-11-14,completed
349,349,upi,265762,2026-04-16,completed
350,350,card,742548,2023-12-09,pending
351,351,cash,104248,2024-12-09,completed
352,352,card,720160,2024-10-10,completed
353,353,upi,1783033,2026-03-15,failed
354,354,upi,1164202,2026-01-28,completed
355,355,card,1008259,2025-04-16,completed
356,356,upi,900584,2025-02-15,completed
357,357,card,2637565,2026-01-01,completed
358,358,cash,1621309,2024-11-27,completed
359,359,upi,225768,2023-04-15,completed
360,360,upi,13576,2025-04-11,completed
361,361,cash,1754693,2023-08-27,completed
362,362,card,133204,2026-06-16,pending
363,363,upi,17871,2023-03-10,completed
364,364,upi,590808,2024-07-26,pending
365,365,card,407895,2023-12-04,completed
366,366,upi,67155,2023-09-24,pending
367,367,card,2406460,2026-07-12,pending
368,368,cash,941120,2024-10-19,completed
369,369,card,351272,2025-07-29,completed
370,370,upi,1921808,2025-10-28,completed
371,371,upi,302149,2026-03-25,completed
372,372,cash,57651,2023-07-15,pending
373,373,upi,277584,2023-07-25,failed
374,374,upi,575448,2024-11-18,failed
375,375,card,474973,2024-07-02,completed
376,376,card,575616,2026-02-19,completed
377,377,card,1570564,2025-08-29,return
378,378,upi,1132867,2023-01-16,pending
379,379,upi,1053242,2024-06-08,completed
380,380,cash,1066500,2024-01-22,completed
381,381,cash,626636,2026-05-16,completed
382,382,card,1799104,2025-09-30,completed
383,383,card,1307587,2024-09-02,return
384,384,upi,269385,2025-03-25,completed
385,385,cash,327234,2024-09-02,completed
386,386,cash,794494,2024-01-03,completed
387,387,upi,2345754,2025-03-23,completed
388,388,card,766707,2026-02-08,completed
389,389,upi,81987,2023-07-05,failed
390,390,cash,1214340,2026-04-17,pending
391,391,cash,981185,2026-01-25,completed
392,392,upi,160841,2026-04-28,completed
393,393,cash,808690,2023-12-08,completed
394,394,cash,1748631,2024-03-24,completed
395,395,cash,602990,2026-07-01,failed
396,396,cash,1783077,2024-08-03,pending
397,397,upi,279660,2026-06-28,pending
398,398,cash,1509609,2024-07-15,completed
399,399,card,39944,2023-09-20,completed
400,400,upi,738509,2024-11-21,completed
401,401,card,149736,2025-11-06,completed
402,402,cash,801778,2025-02-28,completed
403,403,cash,356976,2024-05-29,failed
404,404,cash,898634,2026-07-05,completed
405,405,card,1313549,2026-02-02,return
406,406,card,42603,2023-06-29,completed
407,407,upi,762584,2023-02-20,completed
408,408,card,420958,2025-12-27,failed
409,409,upi,1271656,2024-10-11,completed
410,410,card,563616,2024-02-29,completed
411,411,card,1348662,2024-08-28,completed
412,412,card,1489224,2024-12-13,completed
413,413,upi,759364,2024-10-13,pending
414,414,upi,947827,2023-08-28,completed
415,415,card,293925,2024-09-18,completed
416,416,cash,983570,2024-04-02,completed
417,417,card,958637,2026-07-26,completed
418,418,upi,642114,2023-03-09,completed
419,419,card,267142,2024-03-31,completed
420,420,upi,16984,2025-03-02,failed
421,421,upi,684357,2024-08-04,completed
422,422,cash,16165,2025-03-31,completed
423,423,upi,1532980,2023-02-22,completed
424,424,upi,412080,2025-05-28,failed
425,425,card,1968650,2026-03-30,completed
426,426,upi,112020,2026-04-29,completed
427,427,cash,38674,2025-04-15,completed
428,428,upi,190672,2026-05-01,completed
429,429,upi,1038727,2024-12-27,completed
430,430,card,25348,2025-03-17,completed
431,431,upi,2708417,2024-11-01,completed
432,432,cash,253598,2025-01-05,completed
433,433,cash,361411,2025-10-11,completed
434,434,card,527996,2024-10-24,completed
435,435,cash,2374390,2024-03-04,completed
436,436,cash,495971,2023-04-23,completed
437,437,card,1076604,2025-09-21,completed
438,438,card,976146,2024-09-12,pending
439,439,upi,126332,2026-01-27,completed
440,440,card,151211,2025-04-28,return
441,441,card,406552,2023-08-23,completed
442,442,card,134114,2025-10-05,failed
443,443,card,430306,2026-02-02,failed
444,444,card,441564,2023-12-04,completed
445,445,card,671480,2023-09-02,completed
446,446,card,1302616,2024-10-08,completed
447,447,card,3105301,2026-04-11,completed
448,448,card,893085,2026-06-23,return
449,449,upi,519408,2026-05-24,completed
450,450,upi,393381,2025-04-10,completed
451,451,card,469370,2023-09-25,pending
452,452,upi,34625,2023-03-11,completed
453,453,upi,381518,2026-04-16,failed
454,454,cash,347924,2023-11-08,completed
455,455,card,686578,2024-08-21,pending
456,456,upi,306692,2024-04-19,completed
457,457,cash,427582,2026-07-17,pending
458,458,card,1165285,2023-07-03,completed
459,459,card,260066,2026-07-27,completed
460,460,upi,658230,2025-04-15,completed
461,461,cash,714600,2026-01-31,completed
462,462,upi,303566,2023-10-02,pending
463,463,upi,1157571,2026-01-12,failed
464,464,cash,1471239,2024-05-06,completed
465,465,cash,1064531,2026-01-12,completed
466,466,upi,601120,2024-06-21,completed
467,467,card,699710,2023-10-30,pending
468,468,cash,489180,2025-09-05,failed
469,469,upi,534005,2025-10-08,completed
470,470,upi,63525,2023-06-15,completed
471,471,upi,48495,2023-08-02,pending
472,472,cash,578136,2023-04-19,completed
473,473,cash,71570,2025-02-02,completed
474,474,card,1446584,2023-11-05,completed
475,475,upi,908326,2023-04-28,completed
476,476,upi,490063,2023-07-26,completed
477,477,upi,57008,2024-02-21,completed
478,478,upi,445591,2024-02-10,completed
479,479,card,374418,2023-09-14,failed
480,480,card,297068,2023-05-30,failed
481,481,cash,72627,2026-06-11,completed
482,482,upi,322132,2026-02-27,failed
483,483,card,267068,2025-04-18,completed
484,484,card,636058,2024-10-19,completed
485,485,cash,120537,2025-09-23,completed
486,486,cash,111717,2024-04-06,completed
487,487,upi,171640,2025-02-14,completed
488,488,upi,2146164,2025-01-06,completed
489,489,cash,1275134,2023-08-26,completed
490,490,card,2142694,2023-06-17,completed
491,491,upi,738703,2024-05-29,pending
492,492,upi,474327,2023-08-14,pending
493,493,card,976069,2025-03-06,completed
494,494,upi,1593145,2025-12-30,completed
495,495,upi,320808,2024-04-16,completed
496,496,cash,1453606,2024-08-04,completed
497,497,upi,606536,2023-11-10,pending
498,498,cash,811164,2024-05-05,completed
499,499,upi,643986,2026-03-25,completed
500,500,upi,126460,2023-05-25,completed
501,501,card,80636,2023-09-01,failed
502,502,cash,104103,2024-11-17,completed
503,503,cash,790949,2023-11-27,return
504,504,upi,1226083,2023-02-27,completed
505,505,cash,296210,2025-05-18,completed
506,506,cash,35268,2024-11-29,failed
507,507,upi,145040,2025-09-07,completed
508,508,cash,292958,2025-12-25,pending
509,509,upi,172636,2023-05-13,pending
510,510,card,59196,2025-01-06,completed
511,511,upi,575353,2024-01-16,completed
512,512,upi,567972,2026-07-13,completed
513,513,upi,868678,2025-05-22,completed
514,514,card,753074,2024-02-10,pending
515,515,cash,183701,2023-08-12,completed
516,516,card,1349684,2026-03-10,completed
517,517,card,1800776,2024-05-22,completed
518,518,cash,720181,2025-09-16,completed
519,519,cash,77895,2025-10-29,completed
520,520,upi,492041,2024-04-06,completed
521,521,card,1028997,2025-05-20,completed
522,522,upi,876972,2023-08-11,pending
523,523,upi,288188,2024-05-24,completed
524,524,upi,946565,2024-02-02,completed
525,525,card,2014287,2024-02-15,completed
526,526,cash,587835,2025-06-07,completed
527,527,upi,355153,2024-08-16,completed
528,528,cash,636983,2026-01-01,completed
529,529,upi,618343,2024-11-09,completed
530,530,cash,1592447,2023-06-29,return
531,531,upi,400631,2026-01-11,completed
532,532,card,1960851,2025-08-28,completed
533,533,card,1747374,2023-12-05,completed
534,534,upi,1537223,2023-08-06,completed
535,535,card,802603,2025-09-17,completed
536,536,upi,170773,2025-11-05,completed
537,537,upi,83195,2023-10-23,return
538,538,upi,124197,2025-08-24,completed
539,539,upi,753657,2023-06-01,failed
540,540,cash,47000,2024-02-14,failed
541,541,cash,956250,2023-04-25,completed
542,542,card,178731,2023-05-10,completed
543,543,card,5246,2023-01-20,completed
544,544,cash,2067371,2026-02-06,pending
545,545,upi,1832607,2024-11-10,failed
546,546,card,2432719,2023-03-31,completed
547,547,card,364853,2023-07-13,completed
548,548,card,549538,2023-12-08,failed
549,549,card,2053935,2023-10-02,completed
550,550,upi,1742943,2026-03-19,failed
551,551,card,161278,2025-05-05,completed
552,552,cash,56616,2024-10-17,completed
553,553,card,1308035,2026-06-05,completed
554,554,cash,1240490,2026-07-06,completed
555,555,upi,1389040,2023-12-24,return
556,556,cash,454142,2025-06-05,completed
557,557,cash,1061083,2023-03-14,failed
558,558,card,94580,2023-06-04,failed
559,559,upi,1666209,2026-05-07,failed
560,560,card,518647,2023-11-24,completed
561,561,cash,58356,2025-08-04,failed
562,562,upi,339357,2024-05-25,completed
563,563,card,1558856,2023-10-20,completed
564,564,upi,623744,2025-06-30,pending
565,565,card,825036,2025-01-22,completed
566,566,cash,1572051,2023-05-18,completed
567,567,upi,16645,2026-07-10,completed
568,568,card,244102,2024-11-25,completed
569,569,upi,1538527,2024-03-21,completed
570,570,card,2189157,2025-03-30,return
571,571,upi,78777,2024-12-07,completed
572,572,cash,2301878,2023-03-08,completed
573,573,upi,52017,2025-07-06,completed
574,574,upi,629783,2023-06-21,return
575,575,card,95116,2024-09-05,pending
576,576,upi,93530,2024-08-12,completed
577,577,upi,166357,2023-02-16,pending
578,578,cash,1254964,2024-08-15,pending
579,579,upi,297971,2025-08-16,completed
580,580,card,616559,2023-08-03,return
581,581,upi,378415,2025-11-27,completed
582,582,upi,44220,2026-02-02,completed
583,583,card,55720,2026-06-02,completed
584,584,card,200642,2023-10-17,completed
585,585,cash,699803,2024-04-20,completed
586,586,upi,1170656,2023-02-23,return
587,587,upi,216015,2023-08-19,failed
588,588,card,1771910,2023-08-15,completed
589,589,cash,801386,2024-04-27,completed
590,590,upi,644972,2023-12-10,completed
591,591,card,1930301,2023-02-16,completed
592,592,cash,629249,2023-09-22,completed
593,593,upi,281693,2023-11-29,completed
594,594,card,98926,2023-04-07,completed
595,595,card,614688,2025-01-18,completed
596,596,card,201824,2025-11-10,completed
597,597,cash,139102,2026-04-01,pending
598,598,card,897378,2026-05-21,completed
599,599,cash,1649612,2025-12-28,failed
600,600,card,1146340,2025-01-26,pending
601,601,upi,5812,2025-10-04,pending
602,602,cash,154405,2024-03-15,completed
603,603,upi,163182,2026-06-19,completed
604,604,upi,92656,2025-08-22,failed
605,605,cash,1180365,2025-12-08,completed
606,606,card,693484,2025-12-17,failed
607,607,upi,4059786,2023-09-15,pending
608,608,card,985427,2026-06-02,completed
609,609,upi,187642,2025-11-04,pending
610,610,card,1034775,2025-04-17,failed
611,611,card,878326,2024-03-23,completed
612,612,card,998339,2026-02-27,failed
613,613,upi,431286,2025-07-30,completed
614,614,upi,352516,2024-09-30,return
615,615,upi,232268,2025-11-30,failed
616,616,upi,506535,2023-05-19,pending
617,617,card,1177420,2025-11-25,completed
618,618,upi,19866,2025-07-26,completed
619,619,card,67456,2025-12-19,completed
620,620,upi,205838,2025-02-14,completed
621,621,upi,244272,2026-04-05,failed
622,622,cash,1739492,2023-11-10,completed
623,623,card,131811,2024-06-11,completed
624,624,cash,38469,2024-05-31,completed
625,625,upi,1707522,2025-03-20,pending
626,626,upi,178723,2026-04-21,completed
627,627,cash,714892,2026-02-01,pending
628,628,upi,1585888,2024-11-15,completed
629,629,card,77460,2025-03-13,pending
630,630,upi,363711,2024-08-30,failed
631,631,cash,1260260,2026-01-11,completed
632,632,card,678770,2023-08-12,completed
633,633,card,211153,2024-11-17,completed
634,634,card,3548,2025-09-02,completed
635,635,upi,761957,2023-03-18,failed
636,636,card,252664,2023-03-07,return
637,637,upi,1260498,2026-02-09,failed
638,638,upi,319315,2023-11-15,completed
639,639,card,3001317,2023-11-11,completed
640,640,cash,2012368,2023-11-05,completed
641,641,cash,237428,2024-03-24,completed
642,642,upi,1413679,2023-04-21,completed
643,643,upi,740294,2025-11-23,completed
644,644,upi,2392932,2025-05-28,completed
645,645,cash,1093789,2023-05-11,failed
646,646,upi,1680686,2023-12-12,completed
647,647,card,1199206,2025-01-19,completed
648,648,upi,87210,2026-01-23,failed
649,649,card,580520,2023-01-26,completed
650,650,card,218650,2025-09-07,completed
651,651,cash,684666,2025-02-08,completed
652,652,card,679814,2026-07-02,completed
653,653,cash,544280,2023-06-13,completed
654,654,upi,392123,2024-10-14,failed
655,655,card,71436,2023-11-06,completed
656,656,upi,198110,2025-03-27,failed
657,657,upi,360516,2023-09-04,pending
658,658,upi,675796,2023-11-17,completed
659,659,upi,192288,2025-02-12,completed
660,660,cash,200552,2025-04-23,completed
661,661,upi,128192,2023-06-08,completed
662,662,upi,228261,2025-05-30,failed
663,663,card,940409,2024-05-03,failed
664,664,upi,499249,2024-11-30,return
665,665,cash,353752,2023-12-21,failed
666,666,upi,614052,2023-11-28,completed
667,667,cash,112515,2023-06-18,completed
668,668,card,1669564,2025-03-14,completed
669,669,upi,53440,2025-09-23,completed
670,670,upi,1813229,2025-06-17,failed
671,671,upi,341663,2024-10-16,completed
672,672,card,536332,2025-08-28,completed
673,673,cash,562152,2025-01-27,completed
674,674,upi,921075,2026-06-11,completed
675,675,card,709052,2024-03-20,completed
676,676,card,271970,2023-01-10,completed
677,677,card,1093357,2024-07-26,completed
678,678,upi,858146,2024-11-12,completed
679,679,card,1522602,2024-04-14,completed
680,680,cash,1120804,2026-01-30,return
681,681,cash,443940,2025-08-31,completed
682,682,cash,23812,2024-01-03,completed
683,683,upi,361083,2024-05-07,pending
684,684,cash,54732,2026-07-05,pending
685,685,card,335442,2026-02-17,completed
686,686,upi,1927107,2025-05-20,completed
687,687,card,661358,2024-05-08,completed
688,688,card,1058558,2025-09-25,completed
689,689,upi,587687,2026-05-03,completed
690,690,card,111976,2023-02-12,completed
691,691,upi,203296,2023-05-15,pending
692,692,upi,328882,2023-10-21,completed
693,693,upi,858096,2025-01-06,completed
694,694,upi,291049,2023-11-05,failed
695,695,cash,44717,2025-08-01,failed
696,696,card,1110358,2026-05-09,pending
697,697,cash,165626,2023-09-02,completed
698,698,upi,910856,2025-03-17,completed
699,699,upi,181638,2023-10-23,pending
700,700,cash,674282,2026-01-14,completed
701,701,upi,122965,2023-05-07,return
702,702,upi,262224,2025-01-31,completed
703,703,cash,139098,2024-10-08,completed
704,704,upi,424011,2023-07-18,completed
705,705,upi,2379505,2024-06-28,completed
706,706,card,381973,2023-08-31,completed
707,707,card,757724,2026-01-22,completed
708,708,card,819029,2023-04-13,completed
709,709,card,2848078,2023-09-08,completed
710,710,cash,1532833,2023-08-26,completed
711,711,cash,349202,2025-09-11,pending
712,712,upi,1369844,2023-07-26,completed
713,713,cash,2377745,2026-03-09,failed
714,714,upi,87182,2025-01-16,completed
715,715,upi,711119,2023-01-05,completed
716,716,upi,2139520,2025-03-13,pending
717,717,cash,599270,2025-08-30,completed
718,718,upi,949266,2025-12-28,completed
719,719,upi,653603,2023-07-25,completed
720,720,cash,517464,2025-11-20,completed
721,721,upi,1401192,2023-04-06,failed
722,722,cash,180105,2023-04-01,completed
723,723,upi,1089172,2025-11-27,completed
724,724,upi,756935,2024-11-22,completed
725,725,card,1088790,2026-01-09,pending
726,726,cash,264368,2026-05-19,completed
727,727,upi,626071,2024-04-17,failed
728,728,cash,1165227,2023-07-31,completed
729,729,card,2064908,2025-08-01,completed
730,730,cash,1853129,2024-11-30,failed
731,731,card,156014,2025-09-24,completed
732,732,cash,154415,2024-12-23,pending
733,733,card,516926,2024-02-01,completed
734,734,card,385569,2026-03-27,failed
735,735,upi,571613,2024-05-07,completed
736,736,upi,1578760,2025-08-26,completed
737,737,card,912728,2025-05-28,completed
738,738,upi,796975,2025-05-09,completed
739,739,card,363900,2023-12-13,completed
740,740,card,303600,2026-02-25,completed
741,741,card,394480,2024-10-22,completed
742,742,card,1496917,2024-03-08,completed
743,743,upi,2108569,2025-04-09,completed
744,744,cash,135800,2023-01-26,completed
745,745,cash,441449,2023-10-13,completed
746,746,upi,16395,2026-05-30,pending
747,747,card,668269,2025-10-01,completed
748,748,upi,355811,2026-02-27,completed
749,749,cash,1194703,2023-08-15,completed
750,750,upi,629679,2024-07-06,completed
751,751,cash,1879944,2026-04-05,completed
752,752,cash,567006,2023-12-19,completed
753,753,upi,268892,2025-10-22,completed
754,754,cash,376028,2023-07-11,completed
755,755,upi,1129611,2023-01-16,pending
756,756,cash,917920,2026-05-07,completed
757,757,cash,2743940,2024-01-09,completed
758,758,card,653702,2026-06-01,completed
759,759,upi,678797,2023-04-05,pending
760,760,upi,2425501,2026-04-06,return
761,761,cash,346542,2025-11-18,completed
762,762,card,1074102,2025-11-21,completed
763,763,cash,111357,2023-09-14,failed
764,764,card,188236,2024-04-23,completed
765,765,card,546603,2023-03-19,completed
766,766,upi,262888,2025-07-16,pending
767,767,upi,239742,2024-09-02,pending
768,768,upi,356674,2025-03-08,completed
769,769,card,236041,2025-07-08,completed
770,770,cash,118370,2023-03-15,completed
771,771,upi,1662710,2025-03-07,completed
772,772,cash,959700,2026-07-17,failed
773,773,card,50392,2024-05-24,completed
774,774,upi,131607,2024-12-30,failed
775,775,upi,1598523,2025-10-04,return
776,776,card,1369285,2025-07-08,completed
777,777,cash,81795,2023-02-01,completed
778,778,upi,1066608,2023-02-13,completed
779,779,upi,1374849,2024-06-09,completed
780,780,card,92796,2025-10-25,completed
781,781,upi,1933732,2023-08-07,completed
782,782,upi,201173,2025-12-03,completed
783,783,upi,25490,2023-11-27,pending
784,784,card,1603880,2024-05-11,completed
785,785,card,1523190,2023-06-04,completed
786,786,cash,195854,2026-01-28,completed
787,787,card,334574,2026-05-15,completed
788,788,card,460606,2024-03-17,completed
789,789,cash,360976,2024-09-06,completed
790,790,card,1674470,2025-06-23,completed
791,791,cash,583776,2025-12-18,completed
792,792,card,3318801,2024-10-29,completed
793,793,upi,147163,2024-10-13,completed
794,794,upi,1141782,2025-12-02,completed
795,795,card,128440,2025-03-23,completed
796,796,card,2291810,2025-07-30,failed
797,797,card,1983239,2024-02-06,completed
798,798,cash,485608,2024-12-21,completed
799,799,upi,309189,2024-11-10,completed
800,800,cash,2223128,2024-10-11,completed
801,801,card,513253,2025-12-22,completed
802,802,cash,635012,2026-07-02,completed
803,803,upi,1907347,2024-01-16,completed
804,804,upi,1459954,2023-08-20,pending
805,805,upi,764592,2024-08-17,completed
806,806,cash,413850,2023-12-18,pending
807,807,upi,957436,2023-06-25,completed
808,808,upi,1308166,2025-11-07,failed
809,809,upi,432522,2025-11-05,return
810,810,upi,1153828,2024-06-11,completed
811,811,upi,176738,2023-10-16,completed
812,812,upi,691985,2024-03-18,failed
813,813,cash,151640,2023-11-20,completed
814,814,card,611964,2023-06-06,completed
815,815,card,1804527,2024-09-05,completed
816,816,cash,625263,2023-10-20,completed
817,817,cash,1276879,2023-10-03,completed
818,818,cash,815338,2025-01-23,failed
819,819,cash,10492,2023-06-26,failed
820,820,card,1160268,2025-10-18,failed
821,821,upi,42246,2024-04-01,completed
822,822,upi,519043,2024-08-01,completed
823,823,upi,848925,2025-07-23,failed
824,824,card,574980,2023-01-21,completed
825,825,card,1131945,2025-05-14,completed
826,826,card,38730,2026-03-01,completed
827,827,cash,187060,2025-04-10,completed
828,828,card,2069881,2024-02-29,completed
829,829,card,617771,2023-05-14,completed
830,830,card,523365,2024-06-01,completed
831,831,card,575657,2026-01-26,return
832,832,cash,213990,2023-10-22,pending
833,833,card,173377,2023-08-02,completed
834,834,card,614473,2024-02-24,completed
835,835,upi,140718,2025-08-11,completed
836,836,upi,1187935,2026-05-23,completed
837,837,cash,33128,2024-09-29,completed
838,838,card,1719769,2023-01-03,completed
839,839,card,627107,2025-03-24,completed
840,840,upi,1909702,2025-01-20,pending
841,841,upi,499142,2023-08-29,pending
842,842,card,433650,2023-04-24,completed
843,843,card,1020998,2024-04-10,completed
844,844,cash,146350,2023-06-03,failed
845,845,upi,543995,2023-08-26,completed
846,846,card,158149,2025-03-06,failed
847,847,card,451517,2026-06-20,completed
848,848,cash,322570,2025-06-27,completed
849,849,cash,1504602,2024-11-22,completed
850,850,cash,23056,2026-01-18,completed
851,851,cash,1794625,2023-05-12,completed
852,852,upi,99084,2025-08-06,completed
853,853,card,1683524,2025-08-16,completed
854,854,card,771418,2025-02-27,completed
855,855,card,759564,2024-01-13,completed
856,856,cash,363522,2025-08-08,completed
857,857,cash,618278,2025-02-22,completed
858,858,cash,546814,2024-04-07,completed
859,859,cash,131309,2026-07-31,completed
860,860,card,331344,2023-11-05,completed
861,861,cash,811625,2024-08-15,completed
862,862,upi,757409,2024-03-20,completed
863,863,upi,66334,2024-07-15,completed
864,864,upi,1428338,2025-10-20,pending
865,865,upi,114856,2023-01-12,completed
866,866,cash,162613,2025-09-17,return
867,867,upi,661870,2025-09-09,completed
868,868,upi,807207,2024-03-30,completed
869,869,cash,551065,2023-10-21,completed
870,870,card,693449,2024-04-29,failed
871,871,upi,33110,2023-09-20,completed
872,872,upi,147433,2025-08-27,failed
873,873,upi,697924,2024-01-10,completed
874,874,upi,941762,2023-02-08,completed
875,875,upi,517302,2024-05-18,completed
876,876,cash,103009,2025-05-08,pending
877,877,cash,633085,2024-09-20,pending
878,878,card,324926,2026-06-04,failed
879,879,upi,2598573,2024-04-14,completed
880,880,upi,571215,2025-04-03,completed
881,881,card,98454,2024-07-11,completed
882,882,card,909197,2023-05-04,completed
883,883,card,1516054,2026-04-20,completed
884,884,upi,654777,2025-05-25,completed
885,885,card,631779,2024-05-30,pending
886,886,cash,335617,2025-06-07,completed
887,887,upi,560478,2023-06-29,completed
888,888,card,723357,2024-03-06,failed
889,889,card,1079799,2024-02-06,completed
890,890,cash,336930,2024-05-12,pending
891,891,upi,1077198,2023-09-21,completed
892,892,cash,178337,2024-07-03,completed
893,893,card,804015,2025-04-21,completed
894,894,upi,790806,2025-12-25,completed
895,895,upi,633117,2025-02-15,completed
896,896,upi,1047655,2025-06-29,completed
897,897,upi,417909,2026-01-14,failed
898,898,cash,1052670,2026-02-10,completed
899,899,upi,159473,2024-11-03,completed
900,900,card,177636,2025-04-01,completed
901,901,card,339768,2023-07-13,completed
902,902,upi,545139,2024-04-04,completed
903,903,upi,897572,2024-11-11,completed
904,904,card,1597011,2025-09-17,completed
905,905,card,1997915,2024-06-07,completed
906,906,card,484604,2024-04-02,completed
907,907,upi,284416,2026-03-10,completed
908,908,cash,91561,2023-04-16,return
909,909,upi,968703,2025-12-03,completed
910,910,card,1829457,2025-09-10,failed
911,911,card,49693,2024-02-29,completed
912,912,upi,2169847,2024-05-05,completed
913,913,cash,1536582,2024-07-10,completed
914,914,upi,15342,2023-02-25,completed
915,915,card,1867034,2024-05-18,completed
916,916,card,180652,2025-01-27,completed
917,917,card,487802,2024-08-20,return
918,918,cash,17481,2023-08-06,failed
919,919,card,2289947,2023-03-28,completed
920,920,cash,1608943,2025-08-19,completed
921,921,card,1565280,2024-07-03,return
922,922,upi,282300,2025-08-25,pending
923,923,cash,423425,2023-03-29,completed
924,924,card,1667586,2024-07-12,return
925,925,upi,57294,2026-02-04,completed
926,926,upi,692177,2024-05-23,completed
927,927,card,598535,2024-05-14,completed
928,928,cash,242808,2025-01-12,pending
929,929,upi,1090987,2024-06-02,completed
930,930,cash,333282,2025-08-12,pending
931,931,upi,878716,2023-03-03,return
932,932,upi,2037049,2025-07-31,completed
933,933,card,1010891,2025-01-24,completed
934,934,card,1007111,2023-07-27,completed
935,935,upi,425372,2024-09-29,pending
936,936,card,502893,2024-07-20,pending
937,937,card,1466744,2024-09-10,completed
938,938,upi,117567,2023-06-25,completed
939,939,upi,2465821,2024-10-21,completed
940,940,cash,279898,2024-07-28,completed
941,941,cash,290106,2024-05-03,completed
942,942,card,962983,2023-12-19,completed
943,943,card,34215,2024-01-21,completed
944,944,upi,595107,2024-11-06,completed
945,945,upi,492910,2026-03-01,completed
946,946,card,48828,2023-03-02,failed
947,947,upi,930220,2026-01-07,pending
948,948,upi,284196,2024-12-06,completed
949,949,upi,645026,2026-04-29,completed
950,950,upi,685720,2024-04-15,failed
951,951,card,830338,2023-05-12,return
952,952,cash,440728,2023-01-17,completed
953,953,cash,899170,2026-06-08,failed
954,954,upi,1199929,2023-02-02,completed
955,955,upi,1872139,2025-07-09,completed
956,956,upi,572314,2023-05-09,completed
957,957,upi,836015,2025-11-09,completed
958,958,upi,374217,2024-09-17,completed
959,959,cash,52195,2023-07-17,completed
960,960,upi,762073,2025-01-27,completed
961,961,cash,1448058,2023-02-19,pending
962,962,card,442260,2026-04-12,completed
963,963,upi,1899011,2024-05-22,completed
964,964,upi,100638,2024-05-02,completed
965,965,card,863135,2026-07-17,pending
966,966,upi,106748,2025-04-12,completed
967,967,card,1990028,2023-06-29,completed
968,968,upi,1480743,2025-05-26,failed
969,969,card,61220,2025-07-08,completed
970,970,cash,34662,2023-08-22,completed
971,971,upi,304828,2024-12-22,completed
972,972,card,290380,2026-07-28,return
973,973,upi,100899,2024-04-07,pending
974,974,card,1379655,2026-05-22,pending
975,975,upi,1380505,2025-01-03,completed
976,976,upi,1466800,2024-04-09,completed
977,977,upi,1390000,2026-02-08,completed
978,978,upi,1648846,2025-06-23,completed
979,979,upi,69334,2024-08-08,completed
980,980,upi,1439186,2025-05-28,completed
981,981,cash,116805,2026-07-27,completed
982,982,upi,573624,2026-01-06,completed
983,983,cash,492707,2023-01-28,completed
984,984,cash,171582,2025-01-07,completed
985,985,upi,505328,2024-09-03,completed
986,986,card,745105,2025-03-25,completed
987,987,cash,193304,2023-09-19,completed
988,988,cash,861177,2023-12-28,completed
989,989,upi,1280117,2023-10-23,completed
990,990,upi,202245,2024-12-28,completed
991,991,cash,779248,2024-11-06,completed
992,992,upi,84087,2026-06-05,completed
993,993,upi,8358,2023-11-29,failed
994,994,upi,905878,2023-05-09,failed
995,995,upi,61760,2023-07-17,completed
996,996,upi,236764,2023-11-02,completed
997,997,upi,1826192,2024-07-26,completed
998,998,card,1289841,2024-10-22,pending
999,999,cash,1496683,2025-04-22,completed
1000,1000,card,233057,2025-08-05,completed
1001,1001,upi,1512853,2023-01-09,completed
1002,1002,upi,33478,2023-10-26,completed
1003,1003,upi,2271180,2025-09-14,pending
1004,1004,upi,129888,2023-08-08,completed
1005,1005,upi,1217212,2023-11-02,failed
1006,1006,cash,2780388,2024-08-17,completed
1007,1007,cash,219525,2025-10-20,completed
1008,1008,upi,513596,2025-11-11,completed
1009,1009,cash,813130,2025-05-06,completed
1010,1010,card,2388175,2025-08-31,completed
1011,1011,card,135074,2025-05-03,completed
1012,1012,upi,475058,2023-06-27,failed
1013,1013,upi,582590,2024-11-18,completed
1014,1014,upi,233516,2024-02-06,completed
1015,1015,card,961774,2024-10-18,completed
1016,1016,card,232354,2025-06-16,failed
1017,1017,upi,1213010,2025-03-05,pending
1018,1018,upi,854919,2025-07-10,completed
1019,1019,upi,1238833,2024-04-22,completed
1020,1020,upi,938190,2023-12-13,completed
1021,1021,card,2897553,2025-07-21,completed
1022,1022,cash,203940,2024-08-22,completed
1023,1023,cash,1435713,2024-09-09,return
1024,1024,upi,1272766,2023-08-11,pending
1025,1025,upi,391900,2025-04-15,completed
1026,1026,cash,549955,2026-05-15,completed
1027,1027,card,496462,2023-10-12,completed
1028,1028,cash,740990,2026-01-27,completed
1029,1029,card,2088004,2025-01-30,failed
1030,1030,upi,688371,2024-08-29,completed
1031,1031,card,1022428,2023-12-27,completed
1032,1032,upi,1169716,2026-05-04,pending
1033,1033,upi,2817845,2024-10-29,failed
1034,1034,cash,640464,2024-08-16,completed
1035,1035,upi,2020244,2023-03-16,completed
1036,1036,cash,560974,2023-08-27,pending
1037,1037,upi,49519,2023-05-01,completed
1038,1038,upi,131574,2023-05-22,pending
1039,1039,upi,1308994,2026-01-06,completed
1040,1040,card,2620580,2026-05-16,pending
1041,1041,cash,240756,2025-03-11,completed
1042,1042,card,1666156,2023-11-27,completed
1043,1043,cash,472082,2024-12-30,failed
1044,1044,card,1363491,2023-03-30,completed
1045,1045,cash,52605,2023-09-23,return
1046,1046,upi,189990,2023-10-14,failed
1047,1047,upi,3503576,2023-08-17,completed
1048,1048,upi,1299384,2023-01-20,pending
1049,1049,upi,550475,2023-05-26,completed
1050,1050,card,1522081,2023-08-12,completed
1051,1051,upi,190212,2026-06-06,completed
1052,1052,card,443967,2023-10-28,failed
1053,1053,cash,31053,2023-09-26,completed
1054,1054,upi,532167,2025-06-28,return
1055,1055,card,174222,2024-07-11,completed
1056,1056,upi,665354,2024-05-16,completed
1057,1057,cash,203414,2023-05-13,pending
1058,1058,cash,586960,2024-05-23,failed
1059,1059,cash,1436809,2023-01-18,completed
1060,1060,card,1005070,2024-11-04,completed
1061,1061,card,951265,2024-02-08,completed
1062,1062,card,216861,2023-03-01,completed
1063,1063,cash,1330429,2023-02-01,completed
1064,1064,upi,488861,2024-10-15,completed
1065,1065,upi,46026,2023-10-04,completed
1066,1066,cash,78752,2023-10-20,completed
1067,1067,upi,632150,2024-05-31,completed
1068,1068,card,38730,2023-08-05,completed
1069,1069,cash,290647,2025-07-06,completed
1070,1070,cash,490540,2023-12-14,completed
1071,1071,upi,156177,2024-06-26,completed
1072,1072,upi,649422,2023-09-11,completed
1073,1073,card,814837,2025-04-08,completed
1074,1074,card,1235951,2025-07-02,completed
1075,1075,cash,847422,2023-12-23,completed
1076,1076,cash,345814,2024-09-28,completed
1077,1077,cash,151144,2025-09-11,completed
1078,1078,upi,145079,2026-01-21,completed
1079,1079,cash,1468106,2025-07-09,completed
1080,1080,upi,305349,2025-12-26,completed
1081,1081,cash,265068,2024-12-16,completed
1082,1082,upi,245505,2023-05-08,pending
1083,1083,upi,870539,2024-04-25,failed
1084,1084,cash,676883,2023-01-07,completed
1085,1085,card,766935,2025-06-02,completed
1086,1086,cash,1944068,2024-06-13,completed
1087,1087,upi,45795,2023-03-25,completed
1088,1088,cash,347835,2023-02-21,completed
1089,1089,cash,1042605,2024-06-14,pending
1090,1090,upi,699976,2024-03-08,failed
1091,1091,card,172744,2025-02-12,return
1092,1092,card,275111,2024-11-20,failed
1093,1093,upi,479890,2023-03-09,completed
1094,1094,card,393578,2023-11-24,failed
1095,1095,upi,1231836,2023-12-16,completed
1096,1096,cash,227638,2024-03-03,completed
1097,1097,upi,939815,2025-06-09,completed
1098,1098,card,29135,2024-05-26,completed
1099,1099,upi,610271,2026-06-01,completed
1100,1100,upi,91634,2024-04-26,completed
1101,1101,cash,1226270,2025-03-08,failed
1102,1102,upi,517628,2025-12-26,completed
1103,1103,cash,895203,2024-09-03,pending
1104,1104,upi,319910,2024-11-09,completed
1105,1105,upi,560224,2024-11-22,pending
1106,1106,cash,1135726,2026-04-07,completed
1107,1107,upi,1282610,2025-08-01,completed
1108,1108,card,1180420,2026-05-10,completed
1109,1109,card,728255,2023-11-30,return
1110,1110,cash,1061965,2026-06-12,completed
1111,1111,card,426756,2026-02-18,completed
1112,1112,cash,26373,2024-09-23,failed
1113,1113,card,1338606,2025-02-13,completed
1114,1114,cash,1490380,2024-12-23,completed
1115,1115,upi,734646,2024-04-24,completed
1116,1116,upi,520013,2026-07-06,completed
1117,1117,cash,1068820,2026-01-05,completed
1118,1118,upi,1075765,2024-12-30,failed
1119,1119,cash,236764,2025-07-20,return
1120,1120,upi,681567,2024-10-05,pending
1121,1121,card,9374,2026-02-01,completed
1122,1122,upi,563414,2024-11-17,completed
1123,1123,cash,2871732,2023-10-14,completed
1124,1124,card,687717,2026-03-25,completed
1125,1125,cash,1212186,2024-07-15,return
1126,1126,card,886473,2024-01-21,completed
1127,1127,cash,503896,2024-01-24,pending
1128,1128,card,840372,2026-06-19,pending
1129,1129,cash,549592,2025-05-03,completed
1130,1130,cash,618465,2023-07-11,failed
1131,1131,cash,1517871,2023-11-29,completed
1132,1132,upi,245337,2024-02-05,completed
1133,1133,cash,946190,2024-09-18,failed
1134,1134,cash,1364645,2025-01-18,completed
1135,1135,upi,197369,2024-09-02,completed
1136,1136,cash,1234273,2025-08-01,completed
1137,1137,upi,264590,2026-04-02,completed
1138,1138,cash,8530,2024-10-16,completed
1139,1139,upi,39464,2024-11-25,completed
1140,1140,card,390060,2024-04-15,completed
1141,1141,upi,1277465,2025-10-09,completed
1142,1142,card,2805003,2024-03-02,completed
1143,1143,upi,652885,2023-03-23,completed
1144,1144,upi,518970,2024-11-16,pending
1145,1145,upi,323201,2026-06-26,completed
1146,1146,cash,851575,2024-02-22,completed
1147,1147,upi,1727975,2023-04-27,completed
1148,1148,upi,257984,2026-06-17,completed
1149,1149,card,323354,2024-03-18,completed
1150,1150,upi,194462,2023-05-09,pending
1151,1151,cash,1498762,2025-12-29,completed
1152,1152,upi,1096703,2026-04-28,pending
1153,1153,cash,889204,2025-10-21,completed
1154,1154,card,1912397,2025-07-25,completed
1155,1155,cash,748081,2023-04-13,completed
1156,1156,upi,818212,2025-08-23,completed
1157,1157,upi,320504,2024-09-22,return
1158,1158,upi,379770,2025-12-14,completed
1159,1159,card,91830,2025-11-21,pending
1160,1160,cash,974802,2024-12-30,completed
1161,1161,upi,69339,2024-09-24,completed
1162,1162,card,13686,2024-12-17,completed
1163,1163,card,539628,2025-04-14,completed
1164,1164,cash,555036,2023-01-02,pending
1165,1165,cash,2438312,2023-05-16,completed
1166,1166,upi,230175,2026-07-31,failed
1167,1167,card,507007,2026-06-27,completed
1168,1168,upi,308921,2025-09-06,completed
1169,1169,card,169688,2025-10-16,completed
1170,1170,upi,249690,2024-05-09,completed
1171,1171,upi,1604328,2026-04-30,failed
1172,1172,upi,1583103,2023-09-10,completed
1173,1173,upi,1510361,2025-10-15,completed
1174,1174,upi,539508,2025-11-15,completed
1175,1175,card,1578522,2024-06-15,completed
1176,1176,card,859497,2024-02-08,failed
1177,1177,card,1514025,2026-03-01,pending
1178,1178,upi,409539,2023-07-26,completed
1179,1179,card,101648,2023-02-28,completed
1180,1180,upi,201052,2025-08-07,completed
1181,1181,cash,764525,2024-09-21,pending
1182,1182,upi,1647522,2023-08-14,completed
1183,1183,upi,110863,2023-04-07,completed
1184,1184,card,52260,2024-11-23,pending
1185,1185,upi,348955,2025-04-18,completed
1186,1186,upi,217032,2023-03-31,completed
1187,1187,upi,68830,2024-10-27,failed
1188,1188,upi,2201476,2024-11-21,pending
1189,1189,cash,584136,2023-06-06,completed
1190,1190,cash,2739769,2025-04-12,return
1191,1191,card,654822,2024-02-28,completed
1192,1192,upi,91692,2026-03-29,completed
1193,1193,cash,1180780,2024-05-10,failed
1194,1194,card,617649,2024-05-20,return
1195,1195,card,1490246,2026-01-28,completed
1196,1196,card,501791,2024-04-02,completed
1197,1197,card,17698,2024-06-12,pending
1198,1198,cash,169571,2024-06-16,completed
1199,1199,upi,371464,2024-08-17,completed
1200,1200,upi,639549,2026-03-07,completed
1201,1201,card,1595442,2024-09-08,completed
1202,1202,card,1201648,2023-05-11,pending
1203,1203,upi,479488,2024-03-01,completed
1204,1204,card,915894,2023-05-23,completed
1205,1205,cash,657764,2023-04-02,completed
1206,1206,card,845493,2026-04-10,failed
1207,1207,upi,167498,2025-07-09,failed
1208,1208,upi,429316,2023-01-28,completed
1209,1209,card,734339,2023-01-15,completed
1210,1210,upi,563933,2024-04-15,completed
1211,1211,upi,233825,2025-12-25,return
1212,1212,upi,802144,2024-03-20,failed
1213,1213,card,1365235,2023-03-22,completed
1214,1214,cash,26684,2024-07-31,return
1215,1215,card,928634,2026-03-27,completed
1216,1216,upi,338264,2026-07-08,completed
1217,1217,card,289794,2024-02-14,pending
1218,1218,card,1123149,2024-08-29,completed
1219,1219,card,342298,2023-12-01,completed
1220,1220,card,384800,2025-06-29,failed
1221,1221,upi,1542393,2025-11-11,completed
1222,1222,upi,527629,2023-07-19,completed
1223,1223,card,1045595,2026-01-24,completed
1224,1224,card,502660,2025-11-07,completed
1225,1225,upi,1428437,2024-06-29,pending
1226,1226,cash,586108,2023-11-10,completed
1227,1227,upi,623012,2025-11-26,completed
1228,1228,cash,1996133,2025-11-11,completed
1229,1229,upi,293642,2026-01-05,completed
1230,1230,upi,825542,2025-04-03,pending
1231,1231,cash,824883,2023-08-03,completed
1232,1232,upi,198170,2024-09-26,pending
1233,1233,upi,161649,2024-04-03,completed
1234,1234,card,1668805,2024-08-29,completed
1235,1235,upi,639742,2025-11-05,pending
1236,1236,upi,114824,2024-04-25,completed
1237,1237,card,211664,2025-12-08,pending
1238,1238,upi,727622,2025-10-26,completed
1239,1239,upi,385569,2024-03-09,completed
1240,1240,upi,305411,2026-02-09,pending
1241,1241,upi,469355,2026-05-30,completed
1242,1242,upi,214558,2024-02-26,completed
1243,1243,cash,407908,2026-02-17,completed
1244,1244,upi,912339,2024-02-07,completed
1245,1245,card,215613,2024-08-01,completed
1246,1246,card,308495,2025-06-21,completed
1247,1247,upi,84584,2024-12-21,completed
1248,1248,upi,84604,2025-02-15,completed
1249,1249,cash,983020,2025-03-27,failed
1250,1250,upi,1908641,2026-05-18,completed
1251,1251,upi,2586354,2023-03-21,completed
1252,1252,card,2127833,2025-10-07,completed
1253,1253,upi,543738,2024-04-27,pending
1254,1254,upi,163568,2025-04-25,completed
1255,1255,cash,583718,2026-03-23,completed
1256,1256,cash,123167,2024-07-15,completed
1257,1257,card,2825900,2024-09-18,completed
1258,1258,card,232465,2026-07-25,completed
1259,1259,card,396255,2025-06-09,completed
1260,1260,cash,33110,2024-02-08,completed
1261,1261,upi,407592,2025-02-15,completed
1262,1262,cash,1593417,2025-03-07,failed
1263,1263,card,274122,2025-02-17,pending
1264,1264,cash,66501,2026-01-06,completed
1265,1265,upi,335316,2023-04-29,completed
1266,1266,upi,10644,2024-11-20,failed
1267,1267,card,1879595,2026-03-19,failed
1268,1268,cash,115557,2025-07-04,completed
1269,1269,upi,369780,2023-06-24,completed
1270,1270,upi,237428,2024-02-12,completed
1271,1271,upi,839127,2025-07-20,completed
1272,1272,upi,688396,2025-09-26,completed
1273,1273,upi,742926,2025-10-31,completed
1274,1274,upi,10492,2025-03-27,return
1275,1275,card,84396,2023-10-29,completed
1276,1276,upi,572845,2023-05-09,completed
1277,1277,upi,1396468,2025-05-27,completed
1278,1278,upi,1095131,2024-07-11,completed
1279,1279,card,1432183,2024-11-21,failed
1280,1280,card,1230291,2023-02-05,completed
1281,1281,card,1989649,2026-04-07,completed
1282,1282,card,164614,2024-02-29,completed
1283,1283,upi,798022,2026-01-21,completed
1284,1284,card,709546,2025-01-23,completed
1285,1285,upi,25254,2026-04-28,completed
1286,1286,upi,18100,2023-10-23,failed
1287,1287,cash,654050,2025-11-17,completed
1288,1288,upi,327485,2023-03-31,completed
1289,1289,cash,465228,2023-04-16,completed
1290,1290,card,666914,2025-07-23,pending
1291,1291,upi,853864,2024-05-24,completed
1292,1292,card,137071,2023-02-07,completed
1293,1293,cash,513276,2025-03-05,completed
1294,1294,card,198824,2023-06-23,pending
1295,1295,card,226405,2025-09-17,failed
1296,1296,upi,131865,2023-07-12,completed
1297,1297,upi,537988,2024-07-05,return
1298,1298,upi,285378,2023-06-04,completed
1299,1299,upi,249705,2026-03-25,completed
1300,1300,upi,270509,2024-12-19,completed
1301,1301,upi,699864,2023-07-10,failed
1302,1302,card,233516,2024-07-03,completed
1303,1303,upi,123922,2024-03-23,failed
1304,1304,upi,636088,2023-04-04,completed
1305,1305,cash,1122645,2023-03-04,pending
1306,1306,upi,302803,2026-06-21,completed
1307,1307,card,862442,2025-12-18,completed
1308,1308,upi,71953,2024-08-09,pending
1309,1309,upi,62062,2026-01-27,completed
1310,1310,card,1333207,2025-07-19,completed
1311,1311,cash,119060,2024-01-01,completed
1312,1312,upi,572467,2023-03-27,completed
1313,1313,cash,799495,2024-09-03,pending
1314,1314,cash,447707,2023-07-07,completed
1315,1315,card,351351,2026-03-15,completed
1316,1316,upi,760162,2023-07-17,completed
1317,1317,card,537140,2024-11-14,pending
1318,1318,upi,68198,2025-07-29,completed
1319,1319,card,1149203,2025-08-28,pending
1320,1320,upi,763435,2025-08-22,failed
1321,1321,card,1023555,2024-09-21,completed
1322,1322,upi,144305,2023-05-08,completed
1323,1323,card,2507556,2024-08-30,return
1324,1324,card,209531,2024-11-02,pending
1325,1325,upi,28805,2024-12-10,completed
1326,1326,card,322599,2024-08-29,pending
1327,1327,upi,1056551,2025-08-13,completed
1328,1328,upi,253311,2023-01-31,completed
1329,1329,card,575550,2025-08-06,completed
1330,1330,cash,1029490,2026-02-12,failed
1331,1331,cash,1922536,2026-04-11,completed
1332,1332,upi,383320,2023-09-18,completed
1333,1333,cash,619180,2023-06-14,completed
1334,1334,upi,722443,2023-03-14,completed
1335,1335,upi,1717610,2023-08-27,completed
1336,1336,cash,1400020,2025-05-23,completed
1337,1337,card,730433,2025-11-27,completed
1338,1338,upi,356090,2025-03-15,completed
1339,1339,cash,373880,2023-06-19,pending
1340,1340,upi,248477,2023-04-11,completed
1341,1341,card,58001,2023-06-26,completed
1342,1342,upi,1661896,2025-08-07,completed
1343,1343,card,34640,2024-01-19,completed
1344,1344,upi,1229049,2023-11-22,completed
1345,1345,card,784377,2023-11-11,completed
1346,1346,card,313374,2024-05-07,completed
1347,1347,card,1634548,2023-08-12,completed
1348,1348,cash,2017263,2024-02-13,completed
1349,1349,card,298998,2023-04-02,completed
1350,1350,cash,415670,2023-11-20,completed
1351,1351,card,1007395,2023-07-14,completed
1352,1352,cash,64418,2023-12-22,completed
1353,1353,upi,1183410,2023-09-27,failed
1354,1354,upi,301395,2024-02-06,completed
1355,1355,upi,406828,2024-07-06,failed
1356,1356,cash,125888,2025-11-05,completed
1357,1357,cash,583258,2024-05-11,completed
1358,1358,upi,1193648,2024-06-16,completed
1359,1359,cash,18422,2023-03-13,failed
1360,1360,cash,274584,2024-12-31,completed
1361,1361,cash,948935,2025-07-07,completed
1362,1362,upi,382888,2023-05-08,return
1363,1363,upi,421647,2023-07-23,completed
1364,1364,upi,194140,2024-12-05,failed
1365,1365,upi,323376,2024-01-12,completed
1366,1366,cash,61447,2025-08-15,return
1367,1367,upi,653876,2023-03-23,pending
1368,1368,card,147980,2023-06-13,failed
1369,1369,card,1852900,2023-08-17,completed
1370,1370,card,187442,2024-04-29,failed
1371,1371,cash,1781656,2023-01-26,completed
1372,1372,upi,159955,2025-02-15,completed
1373,1373,card,1969250,2024-08-12,completed
1374,1374,upi,105836,2024-03-17,completed
1375,1375,card,194231,2025-09-20,pending
1376,1376,upi,651833,2025-12-29,failed
1377,1377,upi,448217,2025-09-01,completed
1378,1378,card,126460,2024-08-17,completed
1379,1379,cash,770429,2025-12-22,completed
1380,1380,card,692914,2023-04-04,completed
1381,1381,upi,279411,2023-11-09,completed
1382,1382,upi,19732,2023-10-27,completed
1383,1383,upi,371215,2023-11-29,failed
1384,1384,card,1178578,2023-12-16,failed
1385,1385,card,51930,2024-11-18,failed
1386,1386,card,856559,2026-06-21,completed
1387,1387,card,2282555,2025-06-20,pending
1388,1388,upi,1187548,2025-09-19,completed
1389,1389,upi,1130945,2024-04-13,completed
1390,1390,card,44737,2025-06-06,completed
1391,1391,card,398707,2025-10-15,failed
1392,1392,upi,1370601,2026-04-10,failed
1393,1393,card,1454665,2026-05-16,completed
1394,1394,card,317555,2023-08-07,pending
1395,1395,upi,1035653,2023-04-22,completed
1396,1396,upi,674590,2023-09-18,completed
1397,1397,card,86598,2023-06-17,failed
1398,1398,upi,645026,2026-03-12,completed
1399,1399,card,647523,2025-10-18,completed
1400,1400,upi,1530975,2023-04-12,failed
1401,1401,card,243469,2023-04-07,completed
1402,1402,cash,2278084,2025-01-20,failed
1403,1403,card,520759,2025-10-28,completed
1404,1404,cash,1318768,2023-09-17,completed
1405,1405,cash,647102,2023-12-07,completed
1406,1406,cash,182768,2025-12-12,pending
1407,1407,card,348999,2023-01-29,completed
1408,1408,upi,1429555,2024-04-21,completed
1409,1409,card,1386790,2026-01-31,completed
1410,1410,card,867953,2025-01-01,return
1411,1411,upi,240468,2025-11-10,completed
1412,1412,upi,799813,2023-11-25,completed
1413,1413,card,2174870,2023-09-12,return
1414,1414,card,433985,2023-01-13,pending
1415,1415,upi,2135962,2025-09-27,completed
1416,1416,cash,33128,2024-02-29,completed
1417,1417,cash,215068,2025-05-08,pending
1418,1418,upi,1329522,2024-02-13,completed
1419,1419,upi,2703,2023-09-07,failed
1420,1420,upi,962612,2024-04-21,completed
1421,1421,card,689526,2025-02-02,completed
1422,1422,cash,1743861,2023-06-02,pending
1423,1423,upi,1072949,2023-05-01,completed
1424,1424,upi,155424,2025-05-21,failed
1425,1425,card,2267008,2023-08-04,completed
1426,1426,cash,719450,2023-03-18,completed
1427,1427,upi,85336,2025-06-05,completed
1428,1428,upi,847351,2024-09-09,completed
1429,1429,card,1011881,2024-11-10,completed
1430,1430,card,726458,2024-02-04,completed
1431,1431,upi,483023,2026-05-03,completed
1432,1432,upi,1326029,2026-04-17,completed
1433,1433,upi,594106,2023-02-06,completed
1434,1434,upi,1024614,2026-06-07,completed
1435,1435,card,191855,2023-09-06,completed
1436,1436,cash,983138,2024-05-03,completed
1437,1437,upi,268802,2025-06-13,completed
1438,1438,cash,804188,2024-06-26,failed
1439,1439,card,5812,2024-03-12,completed
1440,1440,upi,310028,2026-01-21,completed
1441,1441,upi,1684277,2024-12-30,completed
1442,1442,upi,584642,2025-01-18,completed
1443,1443,upi,265422,2023-04-13,failed
1444,1444,upi,535086,2023-07-14,completed
1445,1445,upi,444842,2026-06-15,failed
1446,1446,upi,69324,2025-01-13,completed
1447,1447,upi,19732,2026-03-27,completed
1448,1448,cash,518818,2024-10-18,completed
1449,1449,card,1232473,2023-10-05,completed
1450,1450,upi,2388,2024-05-29,completed
1451,1451,card,1119177,2023-11-27,completed
1452,1452,cash,100364,2023-07-25,completed
1453,1453,card,229103,2024-04-18,completed
1454,1454,cash,1618663,2025-06-11,completed
1455,1455,card,139377,2024-12-09,pending
1456,1456,card,767062,2023-06-07,completed
1457,1457,upi,66338,2025-11-05,completed
1458,1458,cash,403142,2024-04-22,completed
1459,1459,cash,1629589,2023-04-13,completed
1460,1460,card,749841,2026-03-25,completed
1461,1461,upi,617163,2024-12-28,completed
1462,1462,cash,2770625,2024-09-25,completed
1463,1463,cash,170390,2023-12-07,completed
1464,1464,upi,133424,2023-03-09,completed
1465,1465,card,671054,2023-09-01,completed
1466,1466,upi,557916,2025-06-25,completed
1467,1467,card,50165,2025-03-11,completed
1468,1468,card,558691,2025-08-28,completed
1469,1469,upi,121850,2024-01-18,completed
1470,1470,card,310617,2023-11-01,completed
1471,1471,cash,1062879,2026-02-21,completed
1472,1472,upi,1335584,2023-02-12,completed
1473,1473,card,132875,2026-01-28,return
1474,1474,cash,140505,2024-08-07,completed
1475,1475,upi,69356,2023-07-25,completed
1476,1476,upi,1329047,2025-10-14,completed
1477,1477,upi,262269,2024-03-10,failed
1478,1478,upi,596820,2025-07-15,completed
1479,1479,upi,247730,2025-12-09,completed
1480,1480,card,21413,2023-05-13,completed
1481,1481,upi,2361539,2024-01-01,completed
1482,1482,upi,1437818,2023-04-02,failed
1483,1483,card,1213463,2024-07-28,completed
1484,1484,card,1958038,2024-09-20,completed
1485,1485,card,581412,2023-01-14,failed
1486,1486,upi,2466058,2023-07-05,completed
1487,1487,cash,213791,2024-07-14,completed
1488,1488,card,46145,2023-09-26,completed
1489,1489,upi,3253893,2024-03-20,completed
1490,1490,upi,4024637,2024-05-27,failed
1491,1491,card,391983,2025-12-09,completed
1492,1492,card,621183,2023-06-03,completed
1493,1493,upi,418590,2026-07-08,completed
1494,1494,cash,1717183,2023-09-19,completed
1495,1495,upi,392205,2025-01-07,completed
1496,1496,card,1351059,2023-11-23,completed
1497,1497,upi,1160567,2026-07-29,completed
1498,1498,upi,515995,2023-11-10,pending
1499,1499,upi,61533,2024-08-07,failed
1500,1500,upi,127548,2024-01-16,completed
1501,1501,upi,2480098,2024-12-11,completed
1502,1502,upi,1415044,2026-02-27,completed
1503,1503,upi,642479,2023-10-31,completed
1504,1504,card,114174,2026-05-15,completed
1505,1505,upi,1386049,2023-10-05,failed
1506,1506,upi,584877,2024-05-22,completed
1507,1507,cash,465661,2026-07-11,pending
1508,1508,card,132587,2024-02-02,completed
1509,1509,cash,1517581,2023-11-28,completed
1510,1510,upi,84663,2026-04-13,completed
1511,1511,cash,29135,2026-03-03,completed
1512,1512,upi,426875,2023-03-02,pending
1513,1513,upi,92732,2026-05-08,completed
1514,1514,upi,348788,2023-11-01,completed
1515,1515,upi,35076,2023-04-30,completed
1516,1516,upi,150513,2023-05-21,failed
1517,1517,upi,77895,2026-02-16,completed
1518,1518,card,398033,2024-08-03,completed
1519,1519,cash,168391,2025-11-10,completed
1520,1520,cash,36246,2023-07-05,completed
1521,1521,upi,744103,2024-11-05,completed
1522,1522,card,1511821,2026-03-08,completed
1523,1523,card,2317874,2026-05-21,completed
1524,1524,upi,13772,2026-06-14,completed
1525,1525,upi,102324,2024-03-31,completed
1526,1526,upi,96085,2025-08-10,completed
1527,1527,card,103948,2025-05-27,completed
1528,1528,card,130016,2025-02-06,completed
1529,1529,upi,1094423,2025-12-02,completed
1530,1530,cash,730321,2024-07-27,completed
1531,1531,upi,38041,2023-07-01,completed
1532,1532,card,2732011,2023-09-27,completed
1533,1533,cash,499276,2024-12-08,return
1534,1534,upi,1294942,2023-01-30,completed
1535,1535,cash,15155,2025-06-26,completed
1536,1536,upi,2323923,2023-05-02,completed
1537,1537,upi,1456464,2023-05-03,pending
1538,1538,upi,625090,2025-09-23,completed
1539,1539,card,92504,2023-08-02,completed
1540,1540,card,515394,2025-10-19,pending
1541,1541,card,1682753,2023-12-16,completed
1542,1542,upi,139479,2023-12-28,completed
1543,1543,upi,1504241,2024-06-05,pending
1544,1544,card,2007457,2023-03-21,completed
1545,1545,upi,166285,2023-05-23,completed
1546,1546,cash,273358,2023-03-31,completed
1547,1547,upi,538918,2025-01-03,completed
1548,1548,card,818616,2025-12-31,completed
1549,1549,card,216886,2026-06-28,completed
1550,1550,card,16758,2025-11-30,completed
1551,1551,card,188948,2025-02-24,completed
1552,1552,cash,46145,2024-10-19,completed
1553,1553,upi,566081,2023-09-18,failed
1554,1554,upi,1057942,2026-07-15,completed
1555,1555,upi,564376,2025-02-24,completed
1556,1556,card,1549726,2023-01-31,completed
1557,1557,upi,685495,2026-06-17,completed
1558,1558,card,852821,2023-03-02,return
1559,1559,cash,1156975,2024-11-11,completed
1560,1560,upi,227444,2024-04-03,completed
1561,1561,cash,311166,2026-07-13,pending
1562,1562,card,40167,2025-08-16,completed
1563,1563,upi,284507,2025-02-01,completed
1564,1564,cash,273204,2023-01-05,completed
1565,1565,card,1108936,2024-03-16,completed
1566,1566,upi,848484,2025-02-25,completed
1567,1567,cash,1100387,2024-08-02,completed
1568,1568,cash,66514,2023-04-22,completed
1569,1569,card,1214641,2025-01-31,failed
1570,1570,card,45281,2024-05-06,completed
1571,1571,upi,429773,2025-08-20,completed
1572,1572,upi,376380,2023-11-04,completed
1573,1573,upi,1900062,2024-11-28,completed
1574,1574,upi,100134,2025-08-12,completed
1575,1575,upi,1204115,2023-02-17,completed
1576,1576,cash,1157689,2023-08-10,completed
1577,1577,cash,569950,2025-08-29,pending
1578,1578,upi,396032,2023-11-16,completed
1579,1579,card,540620,2026-02-24,completed
1580,1580,cash,80293,2025-05-18,completed
1581,1581,card,1675118,2026-02-06,completed
1582,1582,cash,152495,2023-05-03,failed
1583,1583,upi,1341296,2025-09-08,completed
1584,1584,card,523591,2023-10-21,completed
1585,1585,upi,2346250,2023-02-04,completed
1586,1586,upi,268416,2026-03-23,completed
1587,1587,card,250310,2023-07-11,completed
1588,1588,cash,36417,2023-03-14,completed
1589,1589,upi,2033605,2026-07-08,completed
1590,1590,upi,515100,2023-07-23,completed
1591,1591,upi,127049,2024-05-22,completed
1592,1592,card,725768,2023-04-26,failed
1593,1593,cash,217157,2026-05-10,completed
1594,1594,upi,83982,2025-05-02,completed
1595,1595,card,1040400,2024-04-08,completed
1596,1596,upi,342304,2025-01-19,pending
1597,1597,cash,271500,2026-07-12,completed
1598,1598,upi,338418,2024-06-28,completed
1599,1599,card,183149,2024-08-19,completed
1600,1600,card,1459619,2026-07-31,completed
1601,1601,cash,507875,2024-04-04,pending
1602,1602,card,391188,2023-04-17,completed
1603,1603,cash,26587,2026-04-19,failed
1604,1604,card,1610591,2023-11-10,failed
1605,1605,upi,228778,2026-05-29,completed
1606,1606,card,121719,2023-11-23,completed
1607,1607,upi,33762,2023-02-12,completed
1608,1608,upi,1921866,2026-06-16,completed
1609,1609,upi,432420,2023-06-29,completed
1610,1610,card,59916,2026-04-02,completed
1611,1611,cash,108812,2025-01-08,completed
1612,1612,upi,620339,2025-09-18,pending
1613,1613,upi,2419404,2024-10-20,completed
1614,1614,upi,174846,2026-06-20,completed
1615,1615,upi,1217500,2026-02-07,completed
1616,1616,card,1590446,2023-02-09,completed
1617,1617,upi,595347,2026-01-06,completed
1618,1618,cash,453538,2025-03-07,completed
1619,1619,upi,57945,2023-09-13,completed
1620,1620,card,54602,2025-05-04,completed
1621,1621,card,323519,2023-02-24,completed
1622,1622,card,3147762,2024-07-08,completed
1623,1623,cash,126548,2023-11-22,completed
1624,1624,upi,380557,2024-07-31,completed
1625,1625,upi,279260,2023-04-08,completed
1626,1626,card,523543,2025-06-10,completed
1627,1627,cash,1140910,2025-06-17,completed
1628,1628,upi,472168,2026-07-10,completed
1629,1629,cash,92676,2025-12-05,pending
1630,1630,upi,49664,2023-05-18,failed
1631,1631,upi,151197,2024-10-17,completed
1632,1632,upi,2555951,2025-07-17,completed
1633,1633,cash,622560,2024-12-03,completed
1634,1634,upi,272348,2025-04-17,completed
1635,1635,cash,935970,2024-01-19,completed
1636,1636,upi,860568,2025-09-15,completed
1637,1637,card,6925,2023-09-19,completed
1638,1638,upi,700187,2024-01-24,completed
1639,1639,upi,351976,2025-10-03,completed
1640,1640,upi,113710,2024-01-13,completed
1641,1641,upi,322570,2024-07-08,completed
1642,1642,upi,550364,2024-07-11,completed
1643,1643,upi,1075765,2024-04-25,completed
1644,1644,upi,19337,2025-04-22,completed
1645,1645,card,61744,2024-07-21,completed
1646,1646,card,1058943,2025-07-10,pending
1647,1647,cash,868063,2025-01-24,completed
1648,1648,card,665999,2025-07-26,completed
1649,1649,upi,63370,2023-07-17,failed
1650,1650,cash,1499897,2025-07-18,completed
1651,1651,cash,1214864,2024-09-15,failed
1652,1652,upi,992619,2023-07-12,completed
1653,1653,card,328460,2024-09-28,completed
1654,1654,cash,195202,2025-02-24,pending
1655,1655,card,1504100,2025-09-20,completed
1656,1656,upi,495268,2024-09-14,completed
1657,1657,upi,1536280,2023-10-18,completed
1658,1658,cash,342790,2023-11-05,failed
1659,1659,upi,1473384,2025-11-12,completed
1660,1660,upi,503862,2024-07-13,completed
1661,1661,cash,34884,2023-01-29,completed
1662,1662,card,133036,2024-11-04,return
1663,1663,cash,524181,2024-03-31,completed
1664,1664,upi,1709850,2024-05-14,completed
1665,1665,upi,208211,2025-04-01,failed
1666,1666,card,1023270,2024-07-03,completed
1667,1667,upi,388844,2025-01-17,return
1668,1668,card,824055,2026-05-03,completed
1669,1669,upi,95128,2025-05-13,completed
1670,1670,upi,868159,2025-10-04,completed
1671,1671,upi,308073,2024-09-17,completed
1672,1672,upi,1245551,2023-03-24,failed
1673,1673,upi,2027464,2025-12-23,completed
1674,1674,upi,540682,2023-09-24,completed
1675,1675,upi,573288,2024-06-09,completed
1676,1676,upi,941640,2025-09-09,completed
1677,1677,card,91628,2024-05-05,return
1678,1678,upi,2300085,2023-08-05,completed
1679,1679,upi,884852,2026-01-27,pending
1680,1680,card,372234,2025-11-14,completed
1681,1681,upi,146910,2024-06-06,completed
1682,1682,upi,251831,2026-03-12,completed
1683,1683,upi,393457,2024-08-26,return
1684,1684,upi,222130,2024-02-06,pending
1685,1685,cash,24668,2026-07-23,pending
1686,1686,upi,1354654,2026-01-26,completed
1687,1687,card,346277,2024-12-01,pending
1688,1688,cash,144986,2024-06-21,pending
1689,1689,upi,1315559,2023-01-27,completed
1690,1690,card,477317,2024-02-03,pending
1691,1691,upi,570115,2025-02-10,return
1692,1692,upi,991268,2023-10-26,completed
1693,1693,cash,366285,2023-03-25,return
1694,1694,upi,455044,2026-01-11,completed
1695,1695,cash,1466670,2026-04-16,completed
1696,1696,card,150201,2025-06-26,completed
1697,1697,cash,1704146,2024-01-01,completed
1698,1698,upi,27301,2023-06-09,completed
1699,1699,cash,202510,2023-04-22,failed
1700,1700,upi,462482,2024-07-12,failed
1701,1701,cash,271402,2025-03-26,completed
1702,1702,cash,520232,2025-02-01,completed
1703,1703,cash,1748836,2024-08-14,completed
1704,1704,upi,352821,2024-10-09,completed
1705,1705,card,779630,2026-06-03,completed
1706,1706,cash,52938,2025-11-10,completed
1707,1707,card,510337,2025-09-09,completed
1708,1708,cash,592650,2023-01-02,completed
1709,1709,card,8404,2026-05-07,completed
1710,1710,cash,56346,2023-12-03,completed
1711,1711,cash,1707263,2023-02-15,completed
1712,1712,upi,719452,2025-07-16,completed
1713,1713,upi,465745,2026-04-13,completed
1714,1714,upi,370386,2023-09-07,completed
1715,1715,upi,499858,2026-06-06,completed
1716,1716,card,483185,2023-10-19,completed
1717,1717,upi,464949,2023-12-03,completed
1718,1718,upi,17104,2026-05-30,completed
1719,1719,upi,2690763,2023-04-24,completed
1720,1720,upi,397633,2026-01-09,completed
1721,1721,upi,345097,2023-11-24,completed
1722,1722,upi,310631,2023-06-22,failed
1723,1723,upi,596994,2023-08-19,completed
1724,1724,card,799901,2023-10-03,return
1725,1725,cash,556432,2025-01-17,failed
1726,1726,card,721295,2024-10-30,completed
1727,1727,card,823963,2024-05-22,pending
1728,1728,cash,727078,2026-06-17,completed
1729,1729,upi,214750,2024-08-13,pending
1730,1730,card,105495,2024-06-10,completed
1731,1731,upi,911603,2024-04-07,completed
1732,1732,upi,601881,2025-01-09,failed
1733,1733,upi,271533,2024-01-17,completed
1734,1734,cash,2185163,2026-07-23,completed
1735,1735,upi,295725,2024-10-04,completed
1736,1736,upi,1142795,2024-05-07,failed
1737,1737,upi,1153405,2024-05-14,failed
1738,1738,card,174135,2024-01-23,completed
1739,1739,upi,784413,2024-09-12,completed
1740,1740,card,684917,2025-12-12,completed
1741,1741,card,1375323,2023-08-16,completed
1742,1742,upi,1004225,2026-01-11,completed
1743,1743,upi,1361174,2024-02-12,completed
1744,1744,card,630023,2025-07-05,completed
1745,1745,cash,383680,2026-02-21,failed
1746,1746,card,873932,2025-12-14,completed
1747,1747,cash,2221079,2025-03-18,completed
1748,1748,card,478345,2025-01-01,completed
1749,1749,cash,1514246,2025-03-25,completed
1750,1750,card,195732,2025-09-18,completed
1751,1751,card,197852,2024-10-12,completed
1752,1752,card,481912,2024-04-01,completed
1753,1753,upi,188240,2023-10-15,completed
1754,1754,cash,100868,2026-03-28,completed
1755,1755,upi,226405,2024-12-18,failed
1756,1756,card,155584,2025-07-21,pending
1757,1757,card,71457,2024-12-04,completed
1758,1758,upi,249382,2023-10-07,completed
1759,1759,upi,1435239,2024-12-05,completed
1760,1760,upi,1639306,2025-08-04,completed
1761,1761,upi,1066427,2025-12-21,completed
1762,1762,upi,626813,2026-01-23,completed
1763,1763,upi,830247,2025-03-05,completed
1764,1764,upi,650970,2025-06-18,completed
1765,1765,cash,1737897,2026-05-17,completed
1766,1766,upi,884991,2024-02-06,pending
1767,1767,cash,1037376,2025-05-15,completed
1768,1768,cash,941120,2024-12-18,pending
1769,1769,upi,1146041,2026-01-03,completed
1770,1770,upi,532102,2024-10-06,return
1771,1771,upi,204000,2023-07-13,completed
1772,1772,card,585606,2023-05-11,return
1773,1773,upi,2223513,2023-02-03,completed
1774,1774,card,386689,2023-10-20,completed
1775,1775,upi,29656,2024-08-15,completed
1776,1776,upi,716294,2023-04-30,failed
1777,1777,upi,147279,2023-10-19,completed
1778,1778,cash,331230,2023-07-03,completed
1779,1779,card,1732707,2025-02-18,completed
1780,1780,upi,295806,2024-03-29,pending
1781,1781,card,1406586,2025-08-07,return
1782,1782,upi,1315256,2024-03-18,pending
1783,1783,upi,2837157,2025-11-28,completed
1784,1784,upi,46285,2025-01-02,completed
1785,1785,upi,878900,2026-02-21,completed
1786,1786,card,1047655,2025-02-14,completed
1787,1787,cash,1214524,2023-09-12,completed
1788,1788,card,1435868,2025-08-27,completed
1789,1789,card,504637,2023-02-03,completed
1790,1790,card,249396,2025-10-01,completed
1791,1791,cash,1202508,2025-05-23,completed
1792,1792,card,394982,2023-05-26,completed
1793,1793,card,1210235,2023-05-23,completed
1794,1794,cash,1059437,2023-09-09,completed
1795,1795,cash,870050,2023-02-23,completed
1796,1796,upi,28425,2024-04-04,completed
1797,1797,card,1313403,2025-08-07,completed
1798,1798,card,1302216,2025-04-17,completed
1799,1799,upi,1391039,2024-03-28,pending
1800,1800,upi,2074219,2026-05-21,completed
1801,1801,card,1343933,2023-12-05,completed
1802,1802,upi,1248011,2025-07-06,completed
1803,1803,cash,412070,2023-07-26,completed
1804,1804,cash,111713,2025-10-25,completed
1805,1805,card,371810,2023-02-28,completed
1806,1806,cash,597529,2023-04-18,completed
1807,1807,cash,71042,2023-04-28,completed
1808,1808,upi,465133,2025-04-13,failed
1809,1809,card,433108,2023-09-27,failed
1810,1810,card,234982,2023-05-25,completed
1811,1811,upi,48066,2025-01-14,completed
1812,1812,card,1233260,2023-10-29,completed
1813,1813,upi,780950,2024-02-24,completed
1814,1814,upi,592666,2024-12-05,return
1815,1815,upi,246083,2023-01-03,completed
1816,1816,upi,1477603,2025-05-12,completed
1817,1817,upi,110057,2023-09-24,completed
1818,1818,card,128672,2025-03-03,completed
1819,1819,upi,11589,2024-06-16,completed
1820,1820,upi,324717,2025-07-27,completed
1821,1821,upi,213602,2023-05-17,completed
1822,1822,upi,272655,2026-05-02,return
1823,1823,cash,1684234,2023-12-03,completed
1824,1824,card,93249,2023-03-08,completed
1825,1825,upi,1335617,2023-04-08,completed
1826,1826,card,186195,2025-09-29,completed
1827,1827,cash,1180368,2026-03-23,completed
1828,1828,card,179320,2023-12-27,completed
1829,1829,upi,1657319,2024-06-27,return
1830,1830,upi,296618,2026-03-05,pending
1831,1831,upi,1502204,2024-01-07,completed
1832,1832,cash,394218,2024-05-14,completed
1833,1833,upi,67074,2024-07-28,completed
1834,1834,cash,29544,2025-10-20,completed
1835,1835,card,123438,2026-06-25,completed
1836,1836,upi,92242,2025-03-18,completed
1837,1837,upi,965689,2025-07-29,pending
1838,1838,card,239676,2023-08-09,completed
1839,1839,card,2935003,2025-02-03,completed
1840,1840,cash,1103764,2026-01-10,completed
1841,1841,upi,1546062,2026-02-12,completed
1842,1842,card,1257714,2026-06-15,completed
1843,1843,cash,752596,2023-11-10,completed
1844,1844,upi,262783,2023-09-22,completed
1845,1845,cash,1267462,2023-04-16,completed
1846,1846,cash,333141,2024-05-08,completed
1847,1847,card,261620,2023-05-01,completed
1848,1848,upi,309123,2023-08-11,completed
1849,1849,card,756700,2025-06-29,failed
1850,1850,upi,366128,2025-05-06,completed
1851,1851,cash,783695,2025-04-08,completed
1852,1852,upi,59916,2026-07-20,failed
1853,1853,upi,547140,2025-01-23,completed
1854,1854,cash,428806,2024-11-25,return
1855,1855,card,1636521,2024-02-23,completed
1856,1856,cash,2051982,2026-01-05,pending
1857,1857,upi,700168,2026-06-28,failed
1858,1858,card,1287670,2026-01-28,pending
1859,1859,card,796617,2026-03-08,pending
1860,1860,card,488990,2024-02-10,completed
1861,1861,upi,185229,2026-05-05,pending
1862,1862,cash,1135085,2026-05-31,return
1863,1863,cash,2719853,2024-03-25,completed
1864,1864,upi,96132,2026-04-28,return
1865,1865,cash,691669,2025-07-15,completed
1866,1866,cash,1960660,2025-03-11,completed
1867,1867,cash,1362380,2026-06-20,completed
1868,1868,upi,29382,2025-11-13,failed
1869,1869,card,872275,2023-11-13,completed
1870,1870,card,142510,2026-03-31,completed
1871,1871,cash,314929,2025-01-30,completed
1872,1872,cash,377580,2023-01-27,failed
1873,1873,cash,101843,2023-06-11,completed
1874,1874,cash,38730,2025-08-02,completed
1875,1875,upi,19217,2025-01-01,completed
1876,1876,card,831423,2023-03-10,completed
1877,1877,upi,1381935,2023-06-16,pending
1878,1878,upi,13916,2026-02-20,completed
1879,1879,cash,47016,2026-06-20,completed
1880,1880,card,433240,2023-12-28,failed
1881,1881,cash,520620,2023-04-20,completed
1882,1882,upi,1646401,2023-06-21,completed
1883,1883,cash,65175,2023-09-19,completed
1884,1884,cash,113819,2025-05-11,completed
1885,1885,upi,764709,2023-03-15,completed
1886,1886,upi,801054,2025-05-09,completed
1887,1887,upi,705437,2024-06-20,completed
1888,1888,cash,544873,2025-03-28,completed
1889,1889,cash,463144,2026-06-30,completed
1890,1890,upi,113427,2025-02-27,pending
1891,1891,upi,3030172,2023-03-15,completed
1892,1892,upi,623842,2026-03-24,completed
1893,1893,upi,679553,2024-11-16,completed
1894,1894,cash,922612,2023-06-27,completed
1895,1895,card,742253,2024-07-09,failed
1896,1896,card,2252674,2025-01-21,pending
1897,1897,card,13766,2024-08-11,failed
1898,1898,card,240447,2023-09-02,failed
1899,1899,upi,670930,2025-06-16,failed
1900,1900,upi,1273766,2025-10-07,completed
1901,1901,cash,637099,2025-01-11,pending
1902,1902,cash,1710024,2025-11-18,completed
1903,1903,cash,1927327,2025-04-07,completed
1904,1904,card,281858,2024-07-30,pending
1905,1905,card,2831489,2023-09-12,completed
1906,1906,cash,146350,2024-10-25,pending
1907,1907,cash,2619164,2024-08-06,completed
1908,1908,cash,302976,2024-07-28,pending
1909,1909,upi,1195459,2024-12-20,return
1910,1910,upi,342564,2023-03-08,pending
1911,1911,card,42065,2023-07-07,completed
1912,1912,cash,12541,2024-07-18,completed
1913,1913,upi,173822,2025-01-30,completed
1914,1914,upi,435563,2025-03-26,completed
1915,1915,upi,696811,2023-06-05,completed
1916,1916,upi,64660,2023-05-20,pending
1917,1917,upi,403180,2025-02-03,completed
1918,1918,upi,659268,2025-05-09,completed
1919,1919,upi,1320445,2024-02-25,completed
1920,1920,upi,365802,2025-05-29,completed
1921,1921,upi,445399,2024-07-23,completed
1922,1922,cash,694993,2025-10-14,completed
1923,1923,upi,1110042,2024-11-16,completed
1924,1924,card,276404,2023-01-15,failed
1925,1925,card,588625,2024-03-11,failed
1926,1926,card,119157,2024-06-16,completed
1927,1927,upi,287176,2025-07-19,return
1928,1928,card,500331,2024-10-31,completed
1929,1929,upi,296160,2025-12-28,completed
1930,1930,card,2545002,2026-06-10,completed
1931,1931,card,1951195,2025-10-27,completed
1932,1932,upi,819113,2025-02-28,completed
1933,1933,cash,316150,2024-06-15,failed
1934,1934,cash,508476,2025-10-27,return
1935,1935,upi,66588,2024-02-19,completed
1936,1936,cash,83079,2023-12-03,failed
1937,1937,card,71484,2026-05-12,failed
1938,1938,upi,168945,2026-03-17,completed
1939,1939,upi,1605851,2023-08-16,completed
1940,1940,cash,793103,2023-09-22,completed
1941,1941,upi,303816,2024-05-23,completed
1942,1942,upi,671832,2024-07-21,completed
1943,1943,upi,1421186,2023-03-07,completed
1944,1944,upi,58960,2023-04-22,completed
1945,1945,cash,369464,2023-05-27,pending
1946,1946,card,408351,2024-03-14,completed
1947,1947,cash,706099,2025-08-09,completed
1948,1948,card,842096,2025-11-12,failed
1949,1949,cash,1658433,2025-11-30,pending
1950,1950,card,546054,2026-02-24,completed
1951,1951,upi,936187,2026-05-21,completed
1952,1952,cash,221478,2024-09-30,completed
1953,1953,card,349692,2025-12-03,pending
1954,1954,card,1712599,2025-12-26,return
1955,1955,upi,27069,2023-04-11,failed
1956,1956,card,481082,2025-08-06,completed
1957,1957,card,1702352,2024-05-02,completed
1958,1958,card,435814,2023-12-09,pending
1959,1959,cash,1227577,2025-10-18,return
1960,1960,card,498070,2026-07-23,completed
1961,1961,upi,446070,2026-03-10,pending
1962,1962,upi,454099,2025-05-23,completed
1963,1963,upi,1520230,2026-03-18,completed
1964,1964,card,385516,2026-02-10,completed
1965,1965,upi,41022,2023-04-11,completed
1966,1966,card,387396,2024-05-27,completed
1967,1967,upi,233210,2024-02-13,completed
1968,1968,card,625628,2025-10-30,completed
1969,1969,card,359866,2023-06-23,completed
1970,1970,card,591853,2026-07-05,completed
1971,1971,cash,222754,2026-04-21,completed
1972,1972,upi,687108,2026-03-18,return
1973,1973,cash,137451,2025-10-24,pending
1974,1974,upi,610918,2026-07-19,completed
1975,1975,cash,162245,2024-04-28,pending
1976,1976,card,525109,2025-11-10,completed
1977,1977,card,136243,2024-05-07,completed
1978,1978,upi,656234,2025-07-29,return
1979,1979,cash,49017,2024-03-30,pending
1980,1980,upi,356674,2023-05-21,completed
1981,1981,card,603501,2025-08-06,completed
1982,1982,card,257811,2025-02-13,completed
1983,1983,upi,1291104,2023-08-05,completed
1984,1984,cash,78360,2026-07-09,pending
1985,1985,upi,86622,2025-07-29,completed
1986,1986,card,225154,2025-07-04,return
1987,1987,upi,514456,2023-10-27,completed
1988,1988,upi,290321,2024-05-24,completed
1989,1989,card,1061283,2025-03-13,pending
1990,1990,upi,483637,2024-04-20,completed
1991,1991,card,322224,2024-08-19,completed
1992,1992,card,2347719,2026-06-04,failed
1993,1993,cash,828130,2023-01-05,completed
1994,1994,upi,998017,2024-05-11,completed
1995,1995,upi,150247,2024-01-04,completed
1996,1996,card,2120325,2024-07-27,completed
1997,1997,upi,65180,2024-02-13,pending
1998,1998,upi,327909,2026-06-06,completed
1999,1999,cash,395890,2025-02-13,pending
2000,2000,upi,590916,2023-11-16,completed
2001,2001,upi,934764,2024-12-26,completed
2002,2002,card,821511,2026-03-29,return
2003,2003,card,1773401,2024-12-04,pending
2004,2004,card,1139892,2025-11-30,completed
2005,2005,upi,842962,2026-03-24,completed
2006,2006,upi,1140876,2023-12-26,completed
2007,2007,upi,56345,2026-06-07,completed
2008,2008,cash,644987,2023-09-15,completed
2009,2009,upi,138425,2024-02-01,completed
2010,2010,upi,273365,2023-04-06,completed
2011,2011,card,252658,2023-11-10,completed
2012,2012,cash,608932,2025-09-21,completed
2013,2013,card,1495625,2023-07-03,completed
2014,2014,upi,96132,2026-05-26,return
2015,2015,cash,1173558,2025-03-31,completed
2016,2016,cash,187832,2025-02-27,completed
2017,2017,card,203414,2023-03-18,completed
2018,2018,card,1965727,2023-10-29,failed
2019,2019,card,172426,2024-10-18,failed
2020,2020,card,620964,2024-03-30,pending
2021,2021,cash,729138,2025-11-13,failed
2022,2022,upi,153842,2023-09-14,completed
2023,2023,cash,1226085,2024-07-17,pending
2024,2024,cash,282276,2024-02-04,pending
2025,2025,card,268471,2025-08-15,pending
2026,2026,card,61048,2024-04-24,completed
2027,2027,card,2003045,2023-10-06,failed
2028,2028,card,953016,2026-01-31,completed
2029,2029,card,350804,2024-10-02,completed
2030,2030,upi,1301674,2024-01-09,completed
2031,2031,card,231630,2024-02-11,completed
2032,2032,upi,591920,2024-02-07,completed
2033,2033,cash,1144111,2025-08-03,failed
2034,2034,cash,372735,2024-07-06,completed
2035,2035,upi,598137,2024-03-03,completed
2036,2036,card,13306,2024-09-04,completed
2037,2037,card,887719,2025-02-10,completed
2038,2038,upi,139479,2023-01-21,completed
2039,2039,upi,334545,2025-11-08,failed
2040,2040,upi,1033464,2023-04-08,completed
2041,2041,upi,583789,2026-05-08,completed
2042,2042,upi,178226,2026-04-05,completed
2043,2043,card,2285929,2026-01-08,completed
2044,2044,card,836767,2025-01-31,completed
2045,2045,cash,929820,2024-02-03,failed
2046,2046,upi,1733319,2026-05-18,pending
2047,2047,card,380891,2023-02-14,completed
2048,2048,card,457652,2023-05-10,return
2049,2049,card,735132,2026-01-29,return
2050,2050,card,69356,2023-11-06,completed
2051,2051,cash,150616,2023-10-11,pending
2052,2052,upi,1694057,2023-12-21,failed
2053,2053,card,50329,2024-11-10,completed
2054,2054,cash,1564754,2023-05-05,completed
2055,2055,upi,1039645,2024-04-22,completed
2056,2056,upi,520916,2024-09-09,completed
2057,2057,cash,576756,2024-01-29,completed
2058,2058,upi,297804,2024-03-31,pending
2059,2059,card,794040,2023-01-10,completed
2060,2060,cash,1211210,2024-11-16,completed
2061,2061,card,107598,2026-03-31,pending
2062,2062,card,334932,2026-05-01,completed
2063,2063,cash,1307636,2025-05-11,completed
2064,2064,card,1627504,2024-03-02,failed
2065,2065,cash,57428,2023-04-26,completed
2066,2066,card,383268,2023-06-14,completed
2067,2067,upi,1648033,2025-01-13,failed
2068,2068,cash,446325,2025-04-30,pending
2069,2069,cash,385886,2024-11-03,completed
2070,2070,upi,340130,2023-06-14,completed
2071,2071,cash,61736,2026-05-12,pending
2072,2072,card,924926,2024-09-22,completed
2073,2073,card,64514,2026-05-14,completed
2074,2074,upi,838744,2024-09-20,completed
2075,2075,card,111410,2023-12-03,completed
2076,2076,cash,920899,2025-03-06,completed
2077,2077,upi,227097,2024-05-28,completed
2078,2078,card,1120046,2025-07-19,completed
2079,2079,upi,266310,2025-06-28,completed
2080,2080,upi,161278,2023-01-12,failed
2081,2081,cash,550613,2025-09-09,completed
2082,2082,cash,397136,2024-08-12,completed
2083,2083,upi,391610,2023-04-06,completed
2084,2084,upi,78912,2023-01-04,completed
2085,2085,card,6696,2026-04-26,completed
2086,2086,card,1110536,2023-03-03,completed
2087,2087,card,347956,2025-08-29,completed
2088,2088,card,128425,2025-11-10,completed
2089,2089,card,357315,2023-02-10,completed
2090,2090,upi,148632,2024-05-16,completed
2091,2091,card,944734,2024-03-14,completed
2092,2092,cash,1621541,2026-05-05,completed
2093,2093,upi,1502470,2024-10-15,failed
2094,2094,cash,1449872,2025-10-12,return
2095,2095,cash,30880,2024-05-12,completed
2096,2096,upi,404174,2026-04-21,completed
2097,2097,upi,1860525,2023-04-24,completed
2098,2098,upi,2027812,2026-03-31,pending
2099,2099,upi,29008,2025-02-28,pending
2100,2100,upi,416316,2023-05-23,pending
2101,2101,upi,1765890,2024-12-19,completed
2102,2102,upi,200434,2026-04-12,completed
2103,2103,cash,15340,2024-05-26,completed
2104,2104,card,816378,2023-07-07,completed
2105,2105,card,470410,2026-01-13,completed
2106,2106,upi,1253161,2023-04-28,completed
2107,2107,cash,706123,2024-02-13,completed
2108,2108,upi,230224,2024-08-28,completed
2109,2109,card,98625,2026-07-25,failed
2110,2110,card,2696752,2025-05-29,completed
2111,2111,upi,1323704,2024-06-20,return
2112,2112,card,1096993,2023-04-20,failed
2113,2113,cash,726001,2025-01-11,pending
2114,2114,upi,1673189,2024-10-27,completed
2115,2115,upi,1101036,2023-07-25,completed
2116,2116,upi,2764685,2026-05-11,failed
2117,2117,upi,112578,2026-03-09,completed
2118,2118,cash,1070708,2025-02-28,pending
2119,2119,card,17438,2023-09-07,pending
2120,2120,upi,1319475,2025-01-02,completed
2121,2121,card,1415576,2023-05-01,pending
2122,2122,cash,1712455,2025-11-22,completed
2123,2123,cash,863096,2025-12-03,pending
2124,2124,card,329422,2024-12-13,completed
2125,2125,card,247715,2025-10-11,completed
2126,2126,card,250335,2024-04-20,completed
2127,2127,card,39469,2025-08-23,completed
2128,2128,cash,12674,2026-06-22,pending
2129,2129,upi,323711,2024-02-17,completed
2130,2130,upi,1084305,2026-02-14,completed
2131,2131,cash,12491,2025-01-02,return
2132,2132,card,2240916,2024-07-23,completed
2133,2133,card,645026,2024-01-18,completed
2134,2134,cash,71947,2025-12-07,completed
2135,2135,upi,357570,2023-11-01,failed
2136,2136,cash,647848,2025-07-05,completed
2137,2137,cash,973520,2024-10-06,completed
2138,2138,upi,276032,2023-11-11,pending
2139,2139,cash,820256,2025-11-03,completed
2140,2140,upi,2236868,2025-08-10,completed
2141,2141,card,752205,2023-06-02,failed
2142,2142,upi,343144,2023-02-27,completed
2143,2143,upi,764106,2026-04-15,completed
2144,2144,cash,367816,2024-03-13,completed
2145,2145,cash,10196,2024-01-26,completed
2146,2146,cash,806903,2023-10-11,completed
2147,2147,upi,1119248,2023-06-14,pending
2148,2148,upi,177650,2025-09-02,completed
2149,2149,upi,2185745,2026-03-15,completed
2150,2150,upi,443739,2023-11-02,completed
2151,2151,cash,3548,2025-12-27,completed
2152,2152,upi,297357,2023-01-21,completed
2153,2153,cash,304688,2025-09-28,completed
2154,2154,cash,1243843,2024-09-24,completed
2155,2155,upi,614533,2024-03-13,completed
2156,2156,card,561500,2023-02-28,completed
2157,2157,card,268152,2023-01-20,completed
2158,2158,card,435950,2025-09-27,completed
2159,2159,card,1433329,2024-05-20,completed
2160,2160,card,1402412,2025-04-28,completed
2161,2161,cash,1607043,2024-09-07,pending
2162,2162,upi,1315890,2023-03-26,completed
2163,2163,card,2128111,2026-02-19,completed
2164,2164,upi,1068955,2023-06-10,return
2165,2165,upi,10492,2023-11-22,completed
2166,2166,upi,83511,2025-12-05,completed
2167,2167,cash,382357,2024-09-28,completed
2168,2168,cash,1374581,2026-02-10,completed
2169,2169,card,1117492,2024-12-08,completed
2170,2170,card,1423616,2025-09-03,completed
2171,2171,card,207800,2025-04-21,completed
2172,2172,card,490942,2026-01-27,completed
2173,2173,upi,6724,2023-05-01,return
2174,2174,upi,884473,2023-11-16,completed
2175,2175,cash,71953,2024-05-31,completed
2176,2176,cash,939908,2025-06-03,completed
2177,2177,card,29468,2024-03-15,failed
2178,2178,cash,1233718,2024-12-15,completed
2179,2179,card,270642,2025-08-06,completed
2180,2180,upi,163450,2023-04-19,completed
2181,2181,card,858054,2025-06-23,completed
2182,2182,cash,911725,2025-07-31,completed
2183,2183,upi,1220712,2025-05-12,completed
2184,2184,upi,2328428,2025-07-02,pending
2185,2185,upi,1197942,2023-05-29,completed
2186,2186,upi,362797,2024-02-11,completed
2187,2187,upi,54810,2024-06-25,completed
2188,2188,card,25082,2023-04-03,completed
2189,2189,upi,912135,2023-09-02,failed
2190,2190,card,219856,2024-04-09,completed
2191,2191,upi,1113672,2025-05-28,completed
2192,2192,upi,397188,2024-06-18,pending
2193,2193,cash,923844,2023-04-10,pending
2194,2194,upi,336176,2026-04-25,return
2195,2195,upi,1623963,2026-07-30,failed
2196,2196,card,413909,2025-06-14,completed
2197,2197,upi,715111,2023-02-04,completed
2198,2198,cash,283852,2024-10-11,completed
2199,2199,card,957627,2023-06-27,failed
2200,2200,card,1911139,2025-07-05,completed
2201,2201,upi,54465,2024-11-25,completed
2202,2202,upi,1880279,2025-01-28,failed
2203,2203,upi,969908,2026-01-31,pending
2204,2204,cash,276509,2026-04-21,pending
2205,2205,cash,1029906,2023-04-10,completed
2206,2206,cash,577895,2023-09-24,completed
2207,2207,upi,55390,2023-05-12,completed
2208,2208,card,125326,2025-12-20,completed
2209,2209,upi,874333,2024-06-20,failed
2210,2210,cash,166326,2023-11-25,completed
2211,2211,upi,23481,2025-01-15,completed
2212,2212,upi,2264293,2024-07-07,completed
2213,2213,card,1192322,2025-06-23,completed
2214,2214,upi,271000,2023-12-06,completed
2215,2215,upi,429398,2026-01-09,completed
2216,2216,card,394276,2025-09-02,completed
2217,2217,upi,275146,2024-03-14,completed
2218,2218,cash,53076,2024-08-09,completed
2219,2219,upi,546483,2024-05-15,completed
2220,2220,card,57976,2026-07-04,completed
2221,2221,card,220438,2025-03-18,completed
2222,2222,cash,1367471,2024-08-11,failed
2223,2223,card,457242,2026-05-19,pending
2224,2224,upi,65685,2024-10-05,completed
2225,2225,cash,92796,2025-07-11,completed
2226,2226,card,819423,2026-07-02,completed
2227,2227,card,996464,2024-04-25,completed
2228,2228,upi,414114,2025-03-28,completed
2229,2229,cash,1264245,2024-03-10,failed
2230,2230,cash,83545,2025-09-10,failed
2231,2231,upi,193196,2023-02-06,completed
2232,2232,cash,375649,2023-11-04,completed
2233,2233,card,486820,2025-07-10,completed
2234,2234,card,407186,2024-09-09,completed
2235,2235,upi,189612,2023-06-05,completed
2236,2236,card,189690,2023-02-04,pending
2237,2237,upi,391900,2023-02-23,completed
2238,2238,cash,1015403,2024-10-10,failed
2239,2239,upi,117697,2025-12-01,completed
2240,2240,upi,186348,2023-04-16,failed
2241,2241,cash,2156215,2025-09-06,completed
2242,2242,upi,1010397,2023-01-08,completed
2243,2243,card,126310,2023-11-27,completed
2244,2244,upi,195908,2024-04-27,completed
2245,2245,upi,290046,2024-07-21,return
2246,2246,cash,639048,2023-03-26,completed
2247,2247,upi,1603138,2023-09-27,completed
2248,2248,upi,248023,2025-01-31,completed
2249,2249,cash,278112,2025-10-01,completed
2250,2250,cash,548769,2024-04-10,failed
2251,2251,upi,179598,2026-04-14,return
2252,2252,card,797377,2024-12-30,completed
2253,2253,card,460831,2024-09-04,completed
2254,2254,card,609826,2025-09-15,completed
2255,2255,card,218096,2025-10-31,completed
2256,2256,upi,749240,2023-07-04,completed
2257,2257,cash,29382,2025-09-16,completed
2258,2258,upi,86598,2025-10-31,completed
2259,2259,upi,113684,2025-03-16,completed
2260,2260,card,466050,2026-07-15,completed
2261,2261,cash,21895,2024-06-26,pending
2262,2262,card,208514,2023-07-24,pending
2263,2263,upi,110716,2024-10-03,completed
2264,2264,card,1145856,2024-10-21,completed
2265,2265,cash,397997,2023-02-02,completed
2266,2266,upi,2889190,2025-11-03,completed
2267,2267,upi,2048056,2025-11-19,completed
2268,2268,card,1183135,2025-03-22,pending
2269,2269,upi,136613,2023-07-04,completed
2270,2270,upi,750339,2024-03-04,completed
2271,2271,upi,8530,2024-08-08,completed
2272,2272,cash,182843,2023-04-03,failed
2273,2273,cash,776495,2025-02-27,completed
2274,2274,card,424346,2023-02-21,failed
2275,2275,card,794766,2024-10-29,failed
2276,2276,card,2056949,2025-01-14,completed
2277,2277,card,531987,2024-11-24,pending
2278,2278,card,198457,2023-04-28,pending
2279,2279,card,321796,2025-10-10,completed
2280,2280,upi,96480,2025-04-26,completed
2281,2281,upi,1045539,2024-12-23,completed
2282,2282,upi,543000,2024-10-11,completed
2283,2283,cash,292563,2024-04-14,failed
2284,2284,card,1325131,2025-10-07,completed
2285,2285,cash,274649,2023-08-08,completed
2286,2286,card,1420270,2023-09-20,return
2287,2287,upi,453590,2024-12-11,pending
2288,2288,card,702671,2023-07-30,completed
2289,2289,upi,758012,2025-01-30,pending
2290,2290,card,272707,2026-04-21,completed
2291,2291,upi,758136,2024-01-10,completed
2292,2292,cash,178388,2024-02-27,completed
2293,2293,card,67503,2024-01-01,pending
2294,2294,cash,1823890,2026-06-05,completed
2295,2295,upi,1499172,2026-07-22,completed
2296,2296,upi,481033,2023-05-23,completed
2297,2297,upi,2369464,2025-08-18,completed
2298,2298,upi,557516,2025-05-08,completed
2299,2299,card,2165926,2023-03-12,completed
2300,2300,card,168059,2026-05-01,pending
2301,2301,card,1898288,2023-07-16,pending
2302,2302,upi,384692,2025-11-02,completed
2303,2303,cash,1621477,2023-11-20,completed
2304,2304,cash,211734,2026-03-09,return
2305,2305,upi,427971,2025-03-05,completed
2306,2306,upi,549665,2024-01-15,completed
2307,2307,cash,165948,2026-03-11,completed
2308,2308,card,926403,2025-09-27,completed
2309,2309,card,2568075,2023-05-13,completed
2310,2310,card,45951,2026-02-26,completed
2311,2311,upi,87020,2023-11-10,completed
2312,2312,card,1543938,2026-05-19,completed
2313,2313,card,314852,2026-02-13,completed
2314,2314,upi,590404,2026-03-16,pending
2315,2315,upi,100658,2024-08-29,completed
2316,2316,card,1329788,2025-09-17,failed
2317,2317,cash,869065,2023-04-09,completed
2318,2318,upi,667338,2025-10-25,completed
2319,2319,card,733313,2024-06-23,completed
2320,2320,upi,937778,2023-12-27,completed
2321,2321,upi,1066131,2023-12-13,completed
2322,2322,upi,735030,2023-02-27,completed
2323,2323,cash,1486037,2026-01-07,completed
2324,2324,upi,416376,2026-03-11,completed
2325,2325,upi,416599,2026-06-20,completed
2326,2326,upi,1771412,2026-05-04,completed
2327,2327,upi,617465,2025-11-22,pending
2328,2328,cash,135041,2025-12-24,completed
2329,2329,upi,129532,2025-08-15,pending
2330,2330,upi,998456,2023-01-25,completed
2331,2331,upi,372092,2024-04-06,completed
2332,2332,cash,233727,2025-11-12,pending
2333,2333,card,1427429,2024-08-08,completed
2334,2334,card,1125588,2023-08-30,pending
2335,2335,upi,87008,2026-01-29,completed
2336,2336,card,688080,2025-12-17,completed
2337,2337,upi,568420,2024-02-08,completed
2338,2338,cash,84088,2026-05-08,pending
2339,2339,upi,432321,2025-07-23,completed
2340,2340,upi,1934819,2025-10-18,completed
2341,2341,upi,32678,2023-11-11,failed
2342,2342,card,1074553,2026-04-20,completed
2343,2343,card,1912513,2023-11-20,completed
2344,2344,card,484054,2026-05-04,pending
2345,2345,cash,112628,2026-05-31,completed
2346,2346,upi,479083,2024-05-21,completed
2347,2347,upi,1049680,2026-03-17,pending
2348,2348,upi,260224,2025-05-02,completed
2349,2349,upi,489690,2025-02-06,pending
2350,2350,upi,954097,2023-01-04,completed
2351,2351,upi,899589,2026-02-10,completed
2352,2352,cash,2036030,2025-05-14,failed
2353,2353,cash,2436635,2023-01-20,return
2354,2354,upi,261907,2024-08-25,completed
2355,2355,card,70770,2024-12-04,completed
2356,2356,upi,3086037,2023-01-29,completed
2357,2357,upi,493356,2024-09-05,pending
2358,2358,upi,430306,2023-08-27,completed
2359,2359,cash,637537,2025-07-28,pending
2360,2360,cash,561441,2025-01-30,completed
2361,2361,upi,235850,2024-08-30,completed
2362,2362,upi,116032,2024-02-17,return
2363,2363,upi,1162593,2024-11-13,return
2364,2364,card,955236,2024-03-13,pending
2365,2365,upi,29807,2023-01-27,completed
2366,2366,cash,1155124,2025-09-30,completed
2367,2367,card,1153809,2024-01-22,failed
2368,2368,upi,1273135,2025-01-10,completed
2369,2369,cash,427682,2025-09-27,pending
2370,2370,upi,262645,2023-05-19,completed
2371,2371,upi,485720,2024-09-08,completed
2372,2372,card,45566,2025-01-31,failed
2373,2373,card,590390,2023-07-08,completed
2374,2374,upi,608915,2024-01-07,completed
2375,2375,upi,51950,2023-02-12,failed
2376,2376,card,257373,2025-10-19,completed
2377,2377,card,180775,2024-08-26,completed
2378,2378,upi,217711,2025-10-09,completed
2379,2379,card,288176,2023-06-03,completed
2380,2380,upi,712770,2024-01-13,completed
2381,2381,card,755185,2026-02-28,completed
2382,2382,card,660032,2023-09-03,pending
2383,2383,upi,2029037,2024-02-18,completed
2384,2384,card,550042,2026-05-16,completed
2385,2385,card,316908,2025-11-04,completed
2386,2386,upi,156633,2025-11-01,completed
2387,2387,cash,82820,2024-05-24,completed
2388,2388,card,767969,2024-03-12,failed
2389,2389,card,657936,2024-01-31,completed
2390,2390,card,312422,2026-07-01,completed
2391,2391,upi,1632733,2024-11-15,completed
2392,2392,card,280884,2026-01-10,completed
2393,2393,card,174398,2024-09-03,completed
2394,2394,cash,48244,2026-07-03,pending
2395,2395,card,115460,2025-05-07,completed
2396,2396,cash,402640,2023-01-21,completed
2397,2397,upi,270127,2026-07-15,completed
2398,2398,upi,538501,2024-02-08,failed
2399,2399,upi,552818,2025-07-05,completed
2400,2400,cash,3341163,2026-03-04,completed
2401,2401,upi,1775992,2025-07-29,completed
2402,2402,upi,2639643,2023-03-28,completed
2403,2403,card,293086,2025-02-03,completed
2404,2404,card,728817,2024-07-28,completed
2405,2405,upi,398832,2026-07-30,completed
2406,2406,upi,949926,2024-06-06,completed
2407,2407,cash,1255882,2026-03-28,pending
2408,2408,upi,773685,2024-08-25,completed
2409,2409,upi,186789,2023-03-07,completed
2410,2410,card,1211202,2024-04-21,completed
2411,2411,upi,1164636,2023-06-23,completed
2412,2412,upi,311636,2023-12-24,pending
2413,2413,upi,2027002,2023-02-15,completed
2414,2414,card,213664,2023-06-07,completed
2415,2415,card,237649,2026-03-24,completed
2416,2416,upi,742747,2024-10-02,completed
2417,2417,upi,1121658,2023-01-29,completed
2418,2418,upi,131447,2026-01-17,completed
2419,2419,card,2231221,2023-07-03,completed
2420,2420,upi,279937,2023-02-28,completed
2421,2421,upi,452406,2026-01-18,completed
2422,2422,upi,533688,2026-03-31,completed
2423,2423,card,736767,2023-09-11,completed
2424,2424,card,381420,2025-12-11,failed
2425,2425,card,55720,2024-05-19,completed
2426,2426,card,995551,2023-09-24,completed
2427,2427,card,685910,2025-04-03,completed
2428,2428,upi,459960,2025-11-05,completed
2429,2429,card,408577,2025-06-17,failed
2430,2430,upi,1589466,2023-04-25,completed
2431,2431,card,646952,2025-06-27,return
2432,2432,cash,210416,2025-11-16,pending
2433,2433,cash,482461,2023-10-27,completed
2434,2434,upi,633737,2024-05-02,completed
2435,2435,cash,160936,2023-10-22,completed
2436,2436,upi,33877,2024-01-29,completed
2437,2437,cash,295415,2023-11-25,completed
2438,2438,card,503672,2025-08-30,completed
2439,2439,upi,264754,2023-09-12,completed
2440,2440,upi,617512,2025-07-03,completed
2441,2441,card,422048,2023-09-12,pending
2442,2442,card,96280,2026-04-15,completed
2443,2443,upi,729291,2024-03-21,completed
2444,2444,upi,703614,2023-03-05,return
2445,2445,card,874401,2025-06-18,completed
2446,2446,card,962402,2025-07-20,return
2447,2447,cash,415764,2025-04-06,completed
2448,2448,cash,154415,2026-06-11,completed
2449,2449,card,943292,2024-02-19,completed
2450,2450,cash,266116,2025-04-16,return
2451,2451,card,1023958,2023-12-16,failed
2452,2452,cash,780808,2025-07-30,completed
2453,2453,cash,1122604,2023-06-27,completed
2454,2454,card,1076965,2025-07-28,pending
2455,2455,cash,1512428,2026-03-25,completed
2456,2456,upi,25172,2023-01-10,failed
2457,2457,upi,96584,2025-09-17,completed
2458,2458,upi,42357,2024-02-26,completed
2459,2459,card,53160,2024-03-15,completed
2460,2460,upi,925484,2026-05-06,completed
2461,2461,card,36868,2023-01-26,completed
2462,2462,upi,282188,2025-09-28,completed
2463,2463,card,908702,2024-11-09,completed
2464,2464,upi,845288,2025-06-03,return
2465,2465,card,512290,2025-09-02,completed
2466,2466,upi,1563776,2025-02-19,completed
2467,2467,cash,309424,2025-10-28,completed
2468,2468,upi,707897,2023-05-09,completed
2469,2469,card,1903764,2024-03-03,completed
2470,2470,card,1240133,2024-05-12,completed
2471,2471,card,323476,2023-12-02,completed
2472,2472,cash,781550,2024-06-13,pending
2473,2473,upi,78777,2024-05-24,failed
2474,2474,card,1617133,2026-07-16,failed
2475,2475,card,85721,2023-04-08,return
2476,2476,upi,122940,2026-06-30,completed
2477,2477,upi,856686,2026-06-03,completed
2478,2478,upi,500956,2025-10-19,completed
2479,2479,cash,697992,2024-06-27,completed
2480,2480,card,1137401,2024-05-19,completed
2481,2481,upi,889372,2026-06-14,completed
2482,2482,upi,203868,2025-05-18,return
2483,2483,cash,581121,2025-06-25,completed
2484,2484,upi,245100,2025-05-08,failed
2485,2485,cash,1273954,2024-04-14,completed
2486,2486,upi,479926,2023-01-07,pending
2487,2487,card,1070711,2024-06-05,completed
2488,2488,upi,1205970,2024-08-31,completed
2489,2489,card,132236,2025-06-16,completed
2490,2490,card,1687560,2025-07-27,pending
2491,2491,card,117842,2023-01-04,return
2492,2492,card,232465,2025-03-24,completed
2493,2493,card,737378,2024-12-01,completed
2494,2494,cash,534832,2026-07-25,pending
2495,2495,upi,2127622,2024-01-19,failed
2496,2496,card,712676,2024-10-24,completed
2497,2497,cash,238918,2023-11-17,failed
2498,2498,cash,765204,2023-06-01,completed
2499,2499,card,751379,2026-01-20,completed
2500,2500,cash,723333,2023-03-02,failed
2501,2501,cash,898134,2026-06-17,completed
2502,2502,cash,249986,2024-10-31,completed
2503,2503,cash,12537,2023-06-29,return
2504,2504,upi,743552,2024-10-29,pending
2505,2505,cash,66800,2024-07-12,completed
2506,2506,card,2200100,2026-03-27,completed
2507,2507,cash,597652,2025-07-06,completed
2508,2508,cash,1542276,2023-02-04,completed
2509,2509,cash,1237199,2025-08-03,return
2510,2510,card,183868,2026-02-13,completed
2511,2511,card,988814,2023-08-25,completed
2512,2512,upi,1153136,2024-12-12,completed
2513,2513,cash,302974,2026-06-05,return
2514,2514,upi,460300,2026-02-15,completed
2515,2515,card,1768805,2024-07-21,completed
2516,2516,card,976311,2023-08-29,completed
2517,2517,cash,1312884,2025-10-12,completed
2518,2518,cash,330285,2025-09-22,completed
2519,2519,cash,1467671,2025-09-19,completed
2520,2520,upi,684393,2024-06-27,completed
2521,2521,upi,321820,2026-03-14,failed
2522,2522,card,1417042,2026-07-28,pending
2523,2523,cash,832785,2026-03-16,completed
2524,2524,upi,805648,2024-04-02,failed
2525,2525,upi,194462,2024-01-20,failed
2526,2526,cash,4873,2025-05-11,completed
2527,2527,cash,99501,2023-07-11,completed
2528,2528,card,52325,2023-06-20,completed
2529,2529,card,1776348,2024-04-21,completed
2530,2530,upi,721905,2024-10-19,completed
2531,2531,cash,1487866,2026-03-16,pending
2532,2532,card,670181,2023-08-29,completed
2533,2533,card,224470,2024-02-08,completed
2534,2534,card,485280,2024-01-27,completed
2535,2535,cash,914825,2025-03-14,pending
2536,2536,upi,779792,2026-05-21,completed
2537,2537,upi,421996,2025-11-09,completed
2538,2538,upi,380512,2023-09-22,completed
2539,2539,card,1279113,2023-03-16,completed
2540,2540,upi,325376,2024-05-28,completed
2541,2541,upi,96682,2023-09-14,completed
2542,2542,card,1006554,2023-08-08,completed
2543,2543,upi,695358,2026-06-09,return
2544,2544,card,715298,2025-01-11,completed
2545,2545,card,110716,2024-01-01,completed
2546,2546,upi,1159218,2023-01-23,pending
2547,2547,card,1264279,2026-07-13,completed
2548,2548,cash,90235,2023-03-08,completed
2549,2549,upi,229364,2026-06-01,completed
2550,2550,card,82215,2026-07-02,completed
2551,2551,card,74478,2025-09-19,completed
2552,2552,upi,448926,2025-07-28,completed
2553,2553,upi,235094,2024-10-08,completed
2554,2554,upi,411314,2026-04-14,completed
2555,2555,upi,2214490,2026-04-10,completed
2556,2556,upi,2649022,2023-10-22,completed
2557,2557,card,518421,2023-01-16,completed
2558,2558,card,257022,2024-09-25,completed
2559,2559,cash,1143072,2024-09-23,completed
2560,2560,cash,210355,2024-04-21,completed
2561,2561,card,84663,2026-06-05,return
2562,2562,card,545672,2023-12-17,completed
2563,2563,upi,735393,2025-10-12,completed
2564,2564,upi,483675,2024-04-13,completed
2565,2565,upi,1399943,2026-02-25,completed
2566,2566,card,804602,2023-03-04,completed
2567,2567,upi,229712,2023-09-19,completed
2568,2568,cash,750848,2023-01-13,pending
2569,2569,upi,3969051,2024-10-26,completed
2570,2570,card,983154,2024-09-13,pending
2571,2571,upi,2520146,2024-05-08,completed
2572,2572,cash,190635,2024-10-16,completed
2573,2573,upi,593071,2023-01-11,return
2574,2574,card,433143,2024-04-18,completed
2575,2575,cash,2791718,2023-08-27,completed
2576,2576,cash,1621196,2023-12-23,failed
2577,2577,card,535859,2024-07-26,completed
2578,2578,upi,118633,2023-06-18,completed
2579,2579,upi,268152,2023-04-29,completed
2580,2580,upi,2467916,2023-02-19,completed
2581,2581,card,212291,2023-10-19,completed
2582,2582,cash,671928,2025-11-19,completed
2583,2583,upi,194364,2023-02-11,failed
2584,2584,upi,1395270,2025-03-27,pending
2585,2585,card,1498248,2025-08-26,completed
2586,2586,upi,642797,2025-12-27,completed
2587,2587,card,700407,2026-02-15,completed
2588,2588,card,92550,2025-10-30,completed
2589,2589,card,647153,2025-07-05,completed
2590,2590,upi,2155359,2024-04-15,pending
2591,2591,upi,13316,2025-11-04,completed
2592,2592,upi,1391688,2025-11-01,completed
2593,2593,upi,230483,2023-10-31,failed
2594,2594,cash,152181,2023-02-03,completed
2595,2595,upi,867444,2024-03-19,completed
2596,2596,upi,530118,2026-05-07,completed
2597,2597,upi,26590,2024-09-28,completed
2598,2598,upi,46112,2025-10-23,pending
2599,2599,card,455469,2024-02-16,completed
2600,2600,card,118550,2023-12-01,completed
2601,2601,card,508549,2026-01-23,pending
2602,2602,card,1328952,2025-09-02,completed
2603,2603,cash,1921426,2025-04-20,completed
2604,2604,upi,285701,2026-03-14,completed
2605,2605,upi,271486,2026-06-24,completed
2606,2606,cash,71436,2023-01-08,failed
2607,2607,upi,838916,2025-03-05,completed
2608,2608,upi,1223827,2026-01-09,completed
2609,2609,cash,2450353,2025-09-23,pending
2610,2610,upi,1349730,2023-04-03,completed
2611,2611,card,117500,2023-12-08,completed
2612,2612,upi,585988,2024-05-11,completed
2613,2613,upi,1737708,2024-04-26,completed
2614,2614,upi,147084,2026-04-01,completed
2615,2615,card,826408,2025-11-04,completed
2616,2616,card,1981755,2024-07-19,completed
2617,2617,card,131527,2023-06-23,completed
2618,2618,upi,336000,2026-06-19,pending
2619,2619,cash,942466,2024-10-27,completed
2620,2620,cash,1454815,2026-01-20,pending
2621,2621,card,2334177,2026-03-26,completed
2622,2622,card,161749,2025-08-08,failed
2623,2623,upi,1357670,2025-12-28,completed
2624,2624,card,349215,2024-08-04,pending
2625,2625,upi,1188353,2024-10-23,completed
2626,2626,card,1584334,2024-01-02,completed
2627,2627,card,49019,2026-04-30,completed
2628,2628,upi,596747,2024-01-26,completed
2629,2629,cash,3888688,2023-02-28,completed
2630,2630,upi,303379,2023-01-28,completed
2631,2631,upi,2213059,2024-04-21,return
2632,2632,card,211450,2024-06-23,completed
2633,2633,upi,68284,2025-09-28,failed
2634,2634,card,205899,2024-05-12,failed
2635,2635,card,1264601,2026-01-11,completed
2636,2636,cash,770419,2026-07-20,failed
2637,2637,upi,277725,2025-12-14,completed
2638,2638,card,254755,2023-07-04,completed
2639,2639,card,166982,2025-05-25,completed
2640,2640,cash,1365841,2024-08-30,completed
2641,2641,card,690836,2024-10-05,completed
2642,2642,card,2371396,2023-09-17,completed
2643,2643,upi,2337520,2024-02-01,pending
2644,2644,card,418674,2026-07-30,completed
2645,2645,upi,984088,2023-10-27,completed
2646,2646,card,1055252,2023-01-20,completed
2647,2647,upi,805040,2025-01-19,completed
2648,2648,cash,180512,2024-07-31,completed
2649,2649,cash,2366248,2024-10-04,completed
2650,2650,card,173307,2025-01-09,completed
2651,2651,upi,29468,2025-08-15,completed
2652,2652,upi,481572,2023-07-27,failed
2653,2653,cash,50874,2023-04-23,return
2654,2654,card,1439647,2025-10-09,failed
2655,2655,cash,2148502,2023-06-21,pending
2656,2656,card,290736,2023-12-11,pending
2657,2657,card,1787953,2024-03-17,completed
2658,2658,upi,616318,2023-01-24,completed
2659,2659,upi,191978,2024-12-18,completed
2660,2660,cash,2242902,2025-08-13,completed
2661,2661,card,529524,2024-02-04,completed
2662,2662,upi,520575,2023-02-11,completed
2663,2663,cash,119095,2023-05-09,completed
2664,2664,card,170169,2025-07-09,completed
2665,2665,cash,226495,2025-12-29,completed
2666,2666,cash,242878,2026-01-16,completed
2667,2667,card,358290,2023-11-17,completed
2668,2668,cash,359851,2023-04-21,pending
2669,2669,cash,1072171,2025-07-23,completed
2670,2670,card,294069,2023-06-01,pending
2671,2671,upi,573720,2025-11-19,completed
2672,2672,card,159440,2026-05-04,completed
2673,2673,cash,2619717,2025-09-28,failed
2674,2674,card,271620,2025-06-08,completed
2675,2675,upi,582204,2025-02-13,completed
2676,2676,upi,577524,2024-11-02,completed
2677,2677,upi,461412,2023-11-15,completed
2678,2678,card,806684,2024-02-04,completed
2679,2679,card,981748,2023-03-30,completed
2680,2680,upi,1520516,2025-11-12,completed
2681,2681,card,50592,2025-08-17,completed
2682,2682,upi,1747001,2023-01-28,completed
2683,2683,upi,1443688,2024-03-27,completed
2684,2684,cash,91357,2025-03-16,completed
2685,2685,upi,1531797,2023-01-22,completed
2686,2686,card,51489,2024-01-27,completed
2687,2687,upi,1014392,2024-05-15,completed
2688,2688,card,442766,2025-06-16,failed
2689,2689,cash,31226,2026-02-20,completed
2690,2690,card,762979,2023-09-25,completed
2691,2691,upi,114199,2025-01-30,completed
2692,2692,card,539843,2025-12-09,pending
2693,2693,upi,2429347,2026-01-07,return
2694,2694,upi,1412034,2024-10-23,completed
2695,2695,upi,66514,2025-04-17,completed
2696,2696,card,810928,2023-12-21,completed
2697,2697,card,471530,2025-04-20,completed
2698,2698,cash,51930,2026-01-07,pending
2699,2699,cash,756690,2025-12-17,completed
2700,2700,upi,74004,2025-03-20,pending
2701,2701,card,202157,2023-10-13,completed
2702,2702,upi,1807005,2023-06-28,completed
2703,2703,cash,1179452,2024-11-23,failed
2704,2704,cash,864891,2024-09-26,completed
2705,2705,card,223580,2024-12-20,completed
2706,2706,cash,1888385,2023-06-08,completed
2707,2707,cash,6014,2024-01-29,completed
2708,2708,cash,747631,2025-11-10,pending
2709,2709,cash,333436,2025-12-14,completed
2710,2710,card,287113,2024-11-20,completed
2711,2711,upi,444709,2024-09-04,pending
2712,2712,card,230847,2024-06-26,completed
2713,2713,cash,284738,2023-04-19,completed
2714,2714,upi,962835,2023-01-30,completed
2715,2715,card,543000,2024-10-12,pending
2716,2716,cash,33950,2024-08-15,pending
2717,2717,cash,1098676,2024-02-11,pending
2718,2718,upi,96826,2025-05-13,failed
2719,2719,cash,136505,2024-02-10,completed
2720,2720,card,349155,2024-11-27,completed
2721,2721,upi,289910,2024-05-09,failed
2722,2722,card,216784,2025-11-12,completed
2723,2723,upi,865416,2025-08-02,completed
2724,2724,upi,308296,2025-08-27,completed
2725,2725,cash,846057,2026-06-24,return
2726,2726,upi,152508,2023-02-08,completed
2727,2727,upi,221786,2025-08-08,completed
2728,2728,cash,1056539,2025-01-18,completed
2729,2729,card,712602,2026-01-06,completed
2730,2730,card,110148,2025-04-20,completed
2731,2731,cash,1728735,2023-05-31,completed
2732,2732,upi,233374,2025-09-18,pending
2733,2733,cash,657440,2023-10-18,completed
2734,2734,card,744129,2025-03-18,completed
2735,2735,card,2180925,2024-10-05,completed
2736,2736,card,1047598,2023-03-10,pending
2737,2737,cash,831169,2025-07-23,completed
2738,2738,cash,176580,2023-02-12,completed
2739,2739,cash,382480,2023-06-03,completed
2740,2740,upi,262163,2024-05-11,completed
2741,2741,upi,828535,2023-02-27,completed
2742,2742,upi,349988,2024-08-18,completed
2743,2743,upi,283615,2025-10-27,completed
2744,2744,upi,1869368,2025-11-02,completed
2745,2745,cash,109570,2024-06-22,completed
2746,2746,cash,193665,2024-07-20,completed
2747,2747,upi,2719504,2023-08-23,completed
2748,2748,card,613314,2025-01-13,completed
2749,2749,upi,2568063,2023-09-26,completed
2750,2750,cash,724187,2025-12-28,completed
2751,2751,upi,463020,2024-06-09,completed
2752,2752,upi,844108,2026-01-29,completed
2753,2753,upi,1030017,2025-02-22,failed
2754,2754,upi,157239,2023-03-19,completed
2755,2755,card,116263,2023-05-24,completed
2756,2756,card,351382,2025-12-09,completed
2757,2757,card,1050668,2026-03-09,completed
2758,2758,card,109003,2025-12-07,completed
2759,2759,upi,315448,2023-09-30,completed
2760,2760,upi,684546,2023-12-16,completed
2761,2761,upi,1311480,2024-09-10,completed
2762,2762,cash,973346,2023-01-01,completed
2763,2763,card,1856869,2024-07-09,pending
2764,2764,cash,217785,2024-11-16,completed
2765,2765,card,151640,2025-12-30,return
2766,2766,card,348085,2024-12-20,completed
2767,2767,card,457242,2023-08-13,completed
2768,2768,card,127808,2025-03-22,completed
2769,2769,cash,1106481,2024-10-22,completed
2770,2770,upi,110380,2024-07-02,completed
2771,2771,cash,1167900,2024-02-22,completed
2772,2772,card,458937,2023-02-28,completed
2773,2773,upi,190835,2026-05-21,completed
2774,2774,upi,814346,2025-09-09,failed
2775,2775,card,492836,2026-01-13,completed
2776,2776,card,1200586,2025-05-15,completed
2777,2777,upi,1239354,2024-04-21,completed
2778,2778,upi,682556,2026-05-16,completed
2779,2779,card,1524346,2025-05-30,failed
2780,2780,upi,136049,2026-02-21,completed
2781,2781,cash,469243,2025-11-01,completed
2782,2782,cash,755044,2024-08-19,completed
2783,2783,upi,498728,2026-01-14,completed
2784,2784,cash,421313,2024-04-12,completed
2785,2785,card,537665,2024-05-03,completed
2786,2786,cash,607392,2025-05-01,completed
2787,2787,upi,24516,2025-07-23,completed
2788,2788,card,341133,2024-12-07,completed
2789,2789,cash,301788,2026-05-14,completed
2790,2790,cash,1238220,2026-07-10,completed
2791,2791,card,1184896,2024-07-21,completed
2792,2792,card,1339981,2024-11-26,completed
2793,2793,cash,1597943,2024-01-01,completed
2794,2794,upi,1088648,2026-03-03,completed
2795,2795,cash,24516,2025-12-01,return
2796,2796,card,200446,2025-07-12,failed
2797,2797,card,473366,2025-10-11,completed
2798,2798,cash,1101113,2024-03-11,completed
2799,2799,card,797276,2024-11-27,completed
2800,2800,cash,1280317,2023-11-08,completed
2801,2801,card,852293,2024-07-11,completed
2802,2802,cash,1927845,2025-11-27,completed
2803,2803,cash,105876,2023-03-16,completed
2804,2804,upi,1366719,2025-10-21,completed
2805,2805,card,1507135,2024-09-01,return
2806,2806,card,489820,2025-03-06,completed
2807,2807,upi,786130,2025-04-05,pending
2808,2808,upi,555507,2024-06-01,completed
2809,2809,card,689881,2026-01-02,completed
2810,2810,cash,483510,2025-08-28,completed
2811,2811,card,390100,2023-06-27,completed
2812,2812,card,167700,2025-10-07,completed
2813,2813,card,363695,2024-09-25,completed
2814,2814,cash,1799927,2025-07-09,failed
2815,2815,upi,656996,2023-07-14,completed
2816,2816,card,874766,2024-10-18,completed
2817,2817,upi,2799690,2025-03-26,completed
2818,2818,upi,141296,2023-06-03,pending
2819,2819,upi,867252,2026-07-10,completed
2820,2820,cash,147791,2024-03-24,completed
2821,2821,card,7240,2026-07-26,pending
2822,2822,upi,1164203,2025-06-20,completed
2823,2823,upi,775697,2023-03-20,pending
2824,2824,card,1951798,2023-05-19,completed
2825,2825,upi,91572,2024-12-27,pending
2826,2826,upi,273993,2023-03-17,pending
2827,2827,upi,2066157,2024-06-28,pending
2828,2828,card,964513,2026-06-12,failed
2829,2829,card,26488,2023-02-01,failed
2830,2830,upi,564212,2026-04-11,completed
2831,2831,upi,2263817,2026-06-28,failed
2832,2832,cash,827095,2026-04-29,completed
2833,2833,upi,1866539,2023-10-27,pending
2834,2834,upi,59916,2024-06-18,pending
2835,2835,card,1031334,2025-12-08,completed
2836,2836,card,225928,2024-07-02,completed
2837,2837,cash,75380,2023-10-26,completed
2838,2838,cash,688017,2023-05-25,failed
2839,2839,upi,552399,2023-11-02,completed
2840,2840,cash,1437071,2024-12-18,completed
2841,2841,card,1579682,2023-05-21,completed
2842,2842,upi,103202,2025-06-03,completed
2843,2843,cash,119124,2026-06-01,completed
2844,2844,upi,59562,2024-10-07,return
2845,2845,upi,438349,2023-07-23,completed
2846,2846,upi,193619,2026-04-13,completed
2847,2847,card,364800,2024-05-31,completed
2848,2848,card,1522535,2025-01-31,completed
2849,2849,upi,1109799,2024-01-24,failed
2850,2850,card,195943,2026-02-01,completed
2851,2851,cash,326939,2025-03-27,completed
2852,2852,card,686425,2025-03-19,completed
2853,2853,card,679291,2023-08-08,completed
2854,2854,cash,424159,2023-01-28,failed
2855,2855,cash,1193126,2025-03-14,failed
2856,2856,upi,324578,2023-01-16,pending
2857,2857,card,275652,2024-05-17,completed
2858,2858,card,105836,2026-03-20,completed
2859,2859,card,1025316,2023-05-23,pending
2860,2860,upi,1260944,2023-07-01,completed
2861,2861,upi,751653,2024-12-07,completed
2862,2862,upi,145525,2023-02-01,completed
2863,2863,card,1282537,2024-07-05,completed
2864,2864,cash,1418159,2026-06-29,completed
2865,2865,upi,120537,2024-04-25,completed
2866,2866,cash,2185090,2025-11-18,completed
2867,2867,card,502497,2023-09-30,completed
2868,2868,card,774209,2024-07-18,completed
2869,2869,upi,1351817,2023-08-26,completed
2870,2870,cash,567888,2023-07-19,failed
2871,2871,upi,500976,2025-07-14,completed
2872,2872,upi,616241,2023-12-27,completed
2873,2873,upi,43648,2026-03-19,completed
2874,2874,cash,854871,2023-11-04,completed
2875,2875,upi,637499,2024-04-30,pending
2876,2876,upi,151870,2026-01-08,completed
2877,2877,upi,938471,2025-11-02,return
2878,2878,cash,625587,2023-07-12,completed
2879,2879,card,990352,2024-11-29,completed
2880,2880,upi,719001,2024-11-12,completed
2881,2881,cash,677500,2026-01-24,completed
2882,2882,upi,1178882,2024-05-19,pending
2883,2883,upi,629142,2023-10-30,completed
2884,2884,upi,1420996,2025-03-10,completed
2885,2885,cash,774060,2026-03-03,pending
2886,2886,card,143311,2025-07-10,completed
2887,2887,upi,315258,2023-04-06,failed
2888,2888,card,350804,2025-10-13,return
2889,2889,upi,556542,2023-05-24,completed
2890,2890,cash,356674,2024-11-21,completed
2891,2891,cash,1408420,2023-10-22,completed
2892,2892,card,615570,2023-02-03,completed
2893,2893,upi,162586,2023-08-22,completed
2894,2894,upi,2133885,2023-03-06,completed
2895,2895,upi,120184,2025-07-25,failed
2896,2896,upi,759487,2024-09-14,failed
2897,2897,card,1856943,2026-06-24,completed
2898,2898,upi,249355,2025-11-01,completed
2899,2899,upi,464132,2025-08-30,completed
2900,2900,upi,1050185,2024-06-06,completed
2901,2901,card,935036,2024-03-24,completed
2902,2902,cash,565176,2023-10-09,completed
2903,2903,cash,66945,2025-08-30,completed
2904,2904,upi,3514420,2026-04-01,failed
2905,2905,card,1158024,2024-06-13,completed
2906,2906,cash,341444,2024-06-26,completed
2907,2907,card,733395,2025-06-13,completed
2908,2908,cash,177922,2026-01-13,completed
2909,2909,card,259307,2024-04-22,completed
2910,2910,cash,535750,2025-07-25,completed
2911,2911,cash,222783,2026-02-27,pending
2912,2912,upi,989349,2023-01-22,completed
2913,2913,upi,173828,2024-09-12,completed
2914,2914,cash,469408,2024-10-19,completed
2915,2915,cash,169587,2025-04-30,completed
2916,2916,card,277761,2025-12-24,completed
2917,2917,upi,128064,2024-08-14,completed
2918,2918,upi,1115671,2025-07-24,failed
2919,2919,upi,644343,2023-04-17,completed
2920,2920,card,463011,2025-02-02,completed
2921,2921,card,440421,2025-07-10,completed
2922,2922,upi,750508,2026-01-18,failed
2923,2923,cash,894889,2024-12-15,return
2924,2924,cash,592995,2026-03-02,completed
2925,2925,upi,352701,2025-04-01,completed
2926,2926,card,264692,2025-12-27,completed
2927,2927,upi,378494,2024-04-25,completed
2928,2928,card,648375,2026-04-22,completed
2929,2929,cash,115460,2024-03-18,completed
2930,2930,upi,829294,2024-06-10,completed
2931,2931,upi,1035638,2026-03-02,completed
2932,2932,card,1954656,2023-07-20,pending
2933,2933,upi,106996,2023-04-26,completed
2934,2934,upi,769304,2024-10-28,completed
2935,2935,card,638124,2023-12-26,completed
2936,2936,cash,3247143,2023-01-31,completed
2937,2937,upi,1628588,2023-02-17,completed
2938,2938,upi,200328,2025-05-01,completed
2939,2939,cash,885287,2023-08-31,completed
2940,2940,cash,259705,2024-09-12,completed
2941,2941,card,46845,2025-05-02,completed
2942,2942,cash,220996,2026-03-27,completed
2943,2943,card,1431956,2026-01-26,completed
2944,2944,upi,634210,2023-05-02,pending
2945,2945,card,338738,2023-09-21,failed
2946,2946,upi,680194,2025-04-11,completed
2947,2947,upi,39335,2023-03-17,return
2948,2948,cash,1180944,2025-10-29,completed
2949,2949,card,255718,2023-07-26,completed
2950,2950,upi,1166146,2024-05-06,return
2951,2951,upi,747495,2023-01-29,completed
2952,2952,card,276330,2024-03-03,completed
2953,2953,cash,790374,2023-11-14,completed
2954,2954,card,391548,2023-05-04,completed
2955,2955,cash,1605081,2024-11-17,completed
2956,2956,cash,507318,2026-04-01,completed
2957,2957,upi,139467,2023-02-02,return
2958,2958,upi,1136456,2024-02-05,return
2959,2959,upi,139970,2023-06-21,completed
2960,2960,upi,145101,2024-07-31,completed
2961,2961,upi,2179373,2023-06-15,completed
2962,2962,card,504107,2023-07-04,failed
2963,2963,upi,353761,2025-12-01,completed
2964,2964,card,267212,2024-03-19,failed
2965,2965,cash,2214475,2024-11-09,completed
2966,2966,upi,444837,2025-05-22,completed
2967,2967,upi,165019,2026-07-25,completed
2968,2968,card,783198,2023-04-07,completed
2969,2969,card,204924,2024-06-02,return
2970,2970,upi,803882,2026-04-23,failed
2971,2971,card,772254,2023-06-03,completed
2972,2972,cash,544474,2025-07-15,completed
2973,2973,card,1082687,2025-01-08,completed
2974,2974,cash,113684,2023-06-27,completed
2975,2975,card,592942,2026-07-15,completed
2976,2976,card,593417,2024-03-08,pending
2977,2977,cash,1473799,2025-06-06,failed
2978,2978,upi,1499695,2023-05-15,completed
2979,2979,upi,390214,2023-12-10,completed
2980,2980,card,54396,2023-06-08,completed
2981,2981,upi,472435,2024-01-22,failed
2982,2982,upi,66948,2025-03-20,completed
2983,2983,cash,495342,2024-10-25,completed
2984,2984,card,231842,2025-08-28,failed
2985,2985,cash,226439,2023-02-07,completed
2986,2986,upi,988031,2023-06-11,completed
2987,2987,upi,936661,2023-09-03,completed
2988,2988,upi,203369,2025-02-26,completed
2989,2989,card,516291,2025-03-15,completed
2990,2990,card,1407678,2026-06-13,completed
2991,2991,upi,1483019,2023-06-10,failed
2992,2992,upi,1767352,2025-04-30,completed
2993,2993,cash,1299120,2025-04-14,return
2994,2994,cash,359766,2025-11-27,completed
2995,2995,upi,2272483,2025-09-07,completed
2996,2996,upi,127548,2023-10-29,completed
2997,2997,upi,902057,2025-08-08,completed
2998,2998,card,634204,2025-04-24,completed
2999,2999,card,469625,2023-01-15,completed
3000,3000,upi,239950,2023-01-25,completed
3001,3001,upi,1223122,2024-01-16,completed
3002,3002,card,42044,2024-08-14,failed
3003,3003,upi,163966,2023-08-06,failed
3004,3004,upi,182438,2023-12-12,completed
3005,3005,upi,284803,2026-04-29,completed
3006,3006,cash,353870,2025-10-17,completed
3007,3007,upi,69492,2023-10-05,completed
3008,3008,cash,1751581,2025-02-15,completed
3009,3009,upi,475717,2026-04-06,pending
3010,3010,upi,250689,2025-07-11,completed
3011,3011,cash,331690,2024-11-11,completed
3012,3012,card,752230,2026-06-07,completed
3013,3013,card,113700,2025-06-17,return
3014,3014,upi,414826,2023-05-10,completed
3015,3015,card,140145,2024-07-14,completed
3016,3016,cash,454920,2025-09-07,completed
3017,3017,card,590568,2025-05-12,completed
3018,3018,cash,1027960,2026-06-04,completed
3019,3019,card,505851,2026-03-16,completed
3020,3020,upi,790590,2024-09-16,completed
3021,3021,upi,228676,2024-06-22,completed
3022,3022,cash,1150744,2023-09-13,completed
3023,3023,cash,317340,2025-11-07,completed
3024,3024,card,862391,2023-07-26,completed
3025,3025,card,575445,2023-08-16,failed
3026,3026,card,503450,2025-01-13,pending
3027,3027,upi,352701,2023-06-24,completed
3028,3028,cash,111129,2024-12-17,pending
3029,3029,upi,505906,2024-11-28,pending
3030,3030,upi,154496,2023-01-11,return
3031,3031,card,1151518,2024-04-28,pending
3032,3032,upi,2020230,2023-08-28,completed
3033,3033,card,1453557,2023-12-30,completed
3034,3034,card,880276,2024-04-06,completed
3035,3035,card,411546,2024-08-15,completed
3036,3036,cash,152194,2024-04-19,completed
3037,3037,upi,113684,2025-12-11,completed
3038,3038,upi,2747769,2023-12-09,failed
3039,3039,upi,723638,2024-01-24,completed
3040,3040,upi,2348285,2026-03-29,pending
3041,3041,card,1287443,2025-12-30,failed
3042,3042,cash,392506,2023-02-23,failed
3043,3043,card,18972,2023-07-01,completed
3044,3044,cash,385288,2023-02-25,completed
3045,3045,card,176723,2024-06-13,completed
3046,3046,upi,4644,2026-07-02,pending
3047,3047,card,821397,2024-12-04,completed
3048,3048,card,50045,2023-04-06,completed
3049,3049,card,1218036,2025-02-17,failed
3050,3050,upi,92568,2023-03-01,completed
3051,3051,cash,1621454,2024-12-29,return
3052,3052,upi,290046,2025-03-04,completed
3053,3053,card,50592,2023-08-03,completed
3054,3054,cash,727620,2026-07-02,failed
3055,3055,upi,1387108,2024-02-12,pending
3056,3056,upi,114830,2024-10-28,completed
3057,3057,upi,186578,2025-05-02,completed
3058,3058,cash,3250015,2023-10-22,pending
3059,3059,upi,378996,2026-06-21,completed
3060,3060,upi,1093889,2023-08-11,completed
3061,3061,upi,14619,2025-11-14,completed
3062,3062,upi,775312,2023-11-09,failed
3063,3063,cash,186100,2023-03-19,completed
3064,3064,upi,1506148,2025-09-02,failed
3065,3065,upi,963820,2025-05-04,pending
3066,3066,card,71514,2026-02-22,completed
3067,3067,card,61787,2023-09-30,pending
3068,3068,card,2951110,2023-07-30,completed
3069,3069,upi,462338,2025-07-28,completed
3070,3070,upi,16165,2025-12-03,completed
3071,3071,cash,10196,2025-05-03,completed
3072,3072,cash,693871,2024-04-25,completed
3073,3073,card,300431,2023-07-02,completed
3074,3074,card,1258717,2025-03-23,completed
3075,3075,upi,441386,2025-08-24,pending
3076,3076,card,1084305,2024-07-23,completed
3077,3077,card,405929,2026-03-23,pending
3078,3078,card,1170461,2024-11-14,completed
3079,3079,cash,207493,2024-08-10,failed
3080,3080,upi,1320165,2025-06-09,completed
3081,3081,card,771324,2023-10-12,pending
3082,3082,cash,1162219,2023-07-15,return
3083,3083,upi,946418,2024-09-02,completed
3084,3084,card,1726823,2024-10-05,completed
3085,3085,cash,361655,2024-08-07,return
3086,3086,upi,1293747,2026-06-06,failed
3087,3087,cash,1470140,2023-04-18,failed
3088,3088,card,7096,2023-05-02,completed
3089,3089,card,243140,2025-11-12,completed
3090,3090,upi,591976,2023-08-26,completed
3091,3091,upi,466374,2024-12-15,pending
3092,3092,card,110117,2023-12-17,completed
3093,3093,cash,174010,2025-03-21,completed
3094,3094,upi,1406627,2025-06-09,return
3095,3095,card,1760348,2026-07-05,completed
3096,3096,cash,1035245,2023-02-27,completed
3097,3097,upi,2621062,2025-01-11,completed
3098,3098,cash,64120,2024-09-03,completed
3099,3099,card,30892,2025-11-16,completed
3100,3100,cash,1266899,2025-11-30,completed
3101,3101,upi,226291,2025-08-06,completed
3102,3102,cash,100237,2024-04-25,completed
3103,3103,card,63230,2024-04-14,completed
3104,3104,cash,767482,2024-02-27,completed
3105,3105,upi,2726848,2025-03-25,pending
3106,3106,upi,365816,2024-01-02,completed
3107,3107,cash,1286797,2026-06-06,completed
3108,3108,card,689287,2023-11-30,completed
3109,3109,card,1092069,2026-06-11,completed
3110,3110,card,216394,2024-01-19,completed
3111,3111,card,969916,2023-05-19,completed
3112,3112,upi,184464,2026-04-23,failed
3113,3113,upi,191598,2023-10-15,return
3114,3114,upi,490755,2024-09-01,return
3115,3115,cash,469564,2024-01-29,failed
3116,3116,cash,504574,2026-06-26,failed
3117,3117,upi,1384310,2024-09-01,completed
3118,3118,card,1137429,2023-06-23,completed
3119,3119,card,1726352,2024-09-16,completed
3120,3120,cash,175322,2023-05-07,completed
3121,3121,upi,849566,2025-09-12,failed
3122,3122,upi,99000,2025-02-20,pending
3123,3123,upi,963882,2026-05-29,completed
3124,3124,upi,251819,2025-12-02,completed
3125,3125,cash,248528,2024-09-11,completed
3126,3126,cash,152510,2025-03-18,completed
3127,3127,upi,2586798,2025-11-18,completed
3128,3128,cash,18047,2025-04-04,completed
3129,3129,upi,161859,2024-09-02,completed
3130,3130,upi,569367,2023-10-08,completed
3131,3131,card,330720,2023-06-10,completed
3132,3132,upi,695342,2023-07-11,completed
3133,3133,upi,1015078,2024-12-09,completed
3134,3134,card,214373,2025-01-28,pending
3135,3135,cash,204017,2025-05-24,completed
3136,3136,upi,530483,2023-08-20,failed
3137,3137,upi,1100947,2023-07-19,completed
3138,3138,upi,1247010,2024-04-12,completed
3139,3139,card,441946,2024-12-04,return
3140,3140,upi,593487,2023-07-22,pending
3141,3141,upi,2674783,2025-06-30,completed
3142,3142,upi,481932,2023-06-19,completed
3143,3143,upi,1636543,2026-05-15,completed
3144,3144,cash,832611,2023-09-06,completed
3145,3145,card,5246,2024-03-11,completed
3146,3146,card,316612,2023-01-06,pending
3147,3147,card,186392,2025-10-18,completed
3148,3148,card,11505,2023-04-29,completed
3149,3149,upi,669479,2026-04-05,failed
3150,3150,card,178297,2025-02-08,completed
3151,3151,card,2045968,2024-12-07,completed
3152,3152,upi,116972,2023-11-27,completed
3153,3153,card,408738,2024-02-24,pending
3154,3154,upi,520285,2025-03-03,completed
3155,3155,upi,1122026,2024-10-15,completed
3156,3156,card,295195,2024-09-23,pending
3157,3157,cash,18635,2026-05-09,completed
3158,3158,upi,637127,2026-01-28,completed
3159,3159,upi,517272,2024-12-06,completed
3160,3160,upi,163660,2024-11-23,completed
3161,3161,cash,249260,2026-04-01,completed
3162,3162,cash,1399776,2025-04-03,failed
3163,3163,upi,521253,2023-02-22,completed
3164,3164,card,301090,2023-11-25,failed
3165,3165,upi,222245,2025-04-19,pending
3166,3166,cash,1098787,2024-08-20,completed
3167,3167,card,848617,2024-07-13,pending
3168,3168,cash,1868627,2026-06-09,completed
3169,3169,card,332380,2024-05-20,completed
3170,3170,cash,2552090,2025-09-27,completed
3171,3171,card,1004138,2024-09-02,completed
3172,3172,upi,301427,2023-06-21,completed
3173,3173,cash,385081,2024-11-05,completed
3174,3174,card,85360,2024-12-09,completed
3175,3175,upi,1224225,2024-04-08,pending
3176,3176,cash,36417,2023-04-08,completed
3177,3177,upi,494676,2025-10-20,completed
3178,3178,upi,1290052,2024-08-07,completed
3179,3179,cash,77792,2026-07-24,completed
3180,3180,card,17871,2026-04-27,completed
3181,3181,upi,2209721,2025-04-16,completed
3182,3182,cash,95490,2025-05-31,completed
3183,3183,upi,411528,2024-09-08,completed
3184,3184,card,290804,2025-03-19,failed
3185,3185,card,184074,2023-09-23,failed
3186,3186,upi,490488,2024-05-17,completed
3187,3187,cash,1640735,2024-10-18,completed
3188,3188,upi,946335,2023-04-22,return
3189,3189,cash,901119,2025-06-19,completed
3190,3190,upi,1545121,2023-04-03,pending
3191,3191,cash,728243,2026-02-08,completed
3192,3192,cash,133490,2024-09-20,completed
3193,3193,cash,1727506,2024-07-31,completed
3194,3194,cash,357446,2024-11-25,completed
3195,3195,card,1293624,2025-12-08,completed
3196,3196,card,16165,2025-05-27,completed
3197,3197,card,445934,2026-07-17,completed
3198,3198,card,817978,2024-07-12,completed
3199,3199,cash,53076,2023-06-08,completed
3200,3200,upi,104124,2026-05-31,completed
3201,3201,upi,142326,2025-09-16,completed
3202,3202,card,481571,2023-05-25,completed
3203,3203,card,2419575,2026-06-17,return
3204,3204,cash,386824,2025-03-12,completed
3205,3205,card,95457,2025-03-26,completed
3206,3206,cash,929874,2023-08-18,completed
3207,3207,cash,492944,2023-11-23,completed
3208,3208,cash,493236,2024-09-06,completed
3209,3209,cash,2452440,2026-03-19,completed
3210,3210,upi,954027,2024-09-02,completed
3211,3211,card,312604,2023-02-17,failed
3212,3212,cash,557316,2023-11-16,completed
3213,3213,upi,681002,2025-12-08,return
3214,3214,cash,1158673,2024-06-09,completed
3215,3215,upi,1186078,2026-07-29,completed
3216,3216,upi,569205,2023-04-07,completed
3217,3217,card,1568686,2024-08-30,failed
3218,3218,card,353526,2025-10-30,return
3219,3219,cash,600383,2026-04-05,completed
3220,3220,cash,1310294,2024-09-10,failed
3221,3221,upi,310632,2024-08-13,completed
3222,3222,upi,48130,2025-05-23,completed
3223,3223,upi,236323,2023-01-28,completed
3224,3224,upi,325672,2024-12-12,completed
3225,3225,cash,409895,2026-05-09,completed
3226,3226,upi,484650,2023-11-30,completed
3227,3227,cash,9051,2023-02-26,completed
3228,3228,upi,42073,2024-06-19,completed
3229,3229,card,540164,2025-05-15,completed
3230,3230,cash,873659,2024-10-06,completed
3231,3231,upi,122005,2024-07-30,pending
3232,3232,upi,495608,2025-07-12,completed
3233,3233,card,1243256,2025-12-30,completed
3234,3234,cash,345377,2024-06-28,completed
3235,3235,upi,455869,2026-02-23,completed
3236,3236,upi,642345,2025-09-11,pending
3237,3237,upi,912300,2025-11-24,completed
3238,3238,upi,284603,2024-07-15,completed
3239,3239,upi,480049,2025-07-29,completed
3240,3240,cash,247438,2025-05-10,pending
3241,3241,card,369644,2023-07-08,completed
3242,3242,upi,882428,2023-11-07,return
3243,3243,upi,175402,2023-06-09,failed
3244,3244,upi,4179,2023-04-09,completed
3245,3245,card,409212,2025-03-18,completed
3246,3246,card,446780,2024-07-21,completed
3247,3247,cash,303852,2024-02-21,completed
3248,3248,cash,675190,2023-12-20,failed
3249,3249,card,1414534,2023-10-16,completed
3250,3250,card,36579,2024-07-05,completed
3251,3251,card,1514798,2025-08-10,completed
3252,3252,card,100850,2023-04-23,completed
3253,3253,upi,794268,2026-03-04,completed
3254,3254,card,874718,2025-09-25,return
3255,3255,upi,771542,2025-02-25,completed
3256,3256,upi,218734,2024-08-23,completed
3257,3257,card,1371010,2023-04-21,completed
3258,3258,card,3451679,2025-05-15,failed
3259,3259,cash,1135933,2024-07-16,completed
3260,3260,cash,1891364,2026-03-22,completed
3261,3261,upi,485675,2023-04-30,pending
3262,3262,upi,1822375,2025-07-17,return
3263,3263,card,2170713,2023-10-04,failed
3264,3264,upi,2391697,2023-06-28,completed
3265,3265,upi,625326,2025-07-29,completed
3266,3266,upi,619809,2023-03-05,return
3267,3267,card,37473,2023-02-01,completed
3268,3268,upi,633248,2023-06-29,completed
3269,3269,cash,276370,2026-03-23,completed
3270,3270,upi,1019224,2023-03-26,pending
3271,3271,upi,1606978,2025-06-26,pending
3272,3272,upi,168071,2025-01-09,failed
3273,3273,cash,780494,2026-01-21,completed
3274,3274,cash,1193289,2025-02-07,completed
3275,3275,cash,719468,2025-12-05,completed
3276,3276,card,160885,2025-11-10,completed
3277,3277,cash,925155,2025-08-08,completed
3278,3278,upi,307303,2024-05-12,completed
3279,3279,card,631065,2025-01-07,completed
3280,3280,upi,10044,2023-07-15,completed
3281,3281,card,1392870,2023-08-23,completed
3282,3282,upi,203318,2024-07-09,completed
3283,3283,card,967526,2024-02-16,completed
3284,3284,cash,693354,2025-06-11,failed
3285,3285,card,67283,2026-04-28,completed
3286,3286,cash,1096738,2025-12-19,completed
3287,3287,upi,725134,2024-03-13,completed
3288,3288,upi,1149560,2024-02-26,completed
3289,3289,upi,604387,2026-05-23,completed
3290,3290,cash,844037,2024-02-12,pending
3291,3291,card,790824,2023-11-20,completed
3292,3292,upi,1091747,2025-08-06,completed
3293,3293,cash,306795,2026-04-04,completed
3294,3294,upi,2220088,2023-11-10,completed
3295,3295,upi,1576703,2023-08-13,completed
3296,3296,cash,2008582,2026-07-18,completed
3297,3297,card,892710,2025-07-08,completed
3298,3298,upi,72816,2025-09-24,completed
3299,3299,card,803201,2025-08-30,completed
3300,3300,upi,777625,2026-02-10,completed
3301,3301,upi,526197,2025-09-28,completed
3302,3302,upi,834260,2024-01-26,completed
3303,3303,cash,49077,2024-02-28,completed
3304,3304,card,1076462,2026-06-18,return
3305,3305,upi,16395,2023-04-20,completed
3306,3306,card,132600,2023-12-31,completed
3307,3307,card,1323130,2025-05-07,completed
3308,3308,card,1437453,2024-06-28,completed
3309,3309,upi,186138,2025-11-09,completed
3310,3310,upi,65538,2025-08-23,completed
3311,3311,card,529791,2025-08-25,failed
3312,3312,upi,1732779,2024-04-15,completed
3313,3313,cash,422306,2025-04-01,completed
3314,3314,upi,168184,2024-05-16,completed
3315,3315,upi,134308,2025-08-07,completed
3316,3316,upi,1001097,2024-09-29,failed
3317,3317,card,57403,2025-11-06,completed
3318,3318,cash,866192,2025-06-20,completed
3319,3319,upi,847039,2024-05-22,completed
3320,3320,upi,1100798,2024-06-12,completed
3321,3321,cash,1347585,2024-01-21,completed
3322,3322,upi,75786,2024-10-20,completed
3323,3323,cash,697234,2024-03-03,completed
3324,3324,upi,748749,2024-05-09,return
3325,3325,upi,973514,2023-05-13,completed
3326,3326,cash,741059,2023-04-19,completed
3327,3327,upi,1184892,2026-04-17,pending
3328,3328,upi,2179402,2026-02-22,completed
3329,3329,card,97120,2025-04-11,completed
3330,3330,cash,700384,2024-01-03,completed
3331,3331,cash,419190,2023-01-06,completed
3332,3332,card,638529,2023-09-08,failed
3333,3333,cash,329540,2023-04-05,completed
3334,3334,card,241359,2025-10-27,completed
3335,3335,cash,565916,2024-12-18,completed
3336,3336,cash,111935,2024-02-16,completed
3337,3337,upi,617377,2025-06-09,completed
3338,3338,card,336662,2023-08-18,completed
3339,3339,cash,642738,2023-12-12,completed
3340,3340,card,533688,2024-07-01,completed
3341,3341,cash,2601734,2025-11-12,completed
3342,3342,card,284553,2023-01-12,completed
3343,3343,card,3277634,2025-01-31,completed
3344,3344,card,520112,2023-04-25,completed
3345,3345,upi,87580,2026-05-18,failed
3346,3346,upi,2214596,2024-11-26,failed
3347,3347,card,340425,2025-07-31,completed
3348,3348,card,523365,2025-11-11,completed
3349,3349,card,340135,2025-03-07,completed
3350,3350,upi,75596,2023-01-08,completed
3351,3351,card,463802,2024-07-16,completed
3352,3352,card,896246,2023-09-10,completed
3353,3353,card,493103,2025-04-14,completed
3354,3354,cash,31344,2025-03-24,pending
3355,3355,upi,17436,2024-11-10,completed
3356,3356,cash,2006315,2024-09-14,completed
3357,3357,card,559012,2025-09-30,completed
3358,3358,upi,311544,2023-01-09,failed
3359,3359,upi,2185675,2024-06-16,completed
3360,3360,cash,279054,2023-04-23,completed
3361,3361,upi,1551525,2025-03-03,completed
3362,3362,card,102882,2024-03-13,completed
3363,3363,cash,406557,2023-05-02,completed
3364,3364,upi,933945,2025-03-23,completed
3365,3365,cash,663536,2023-09-07,completed
3366,3366,upi,288702,2023-05-11,completed
3367,3367,cash,29480,2024-01-18,completed
3368,3368,upi,27405,2024-08-31,completed
3369,3369,upi,838349,2026-07-22,completed
3370,3370,cash,1216180,2023-04-28,completed
3371,3371,card,1302774,2023-05-13,completed
3372,3372,card,1709446,2025-11-11,completed
3373,3373,upi,1892191,2025-03-16,completed
3374,3374,cash,357508,2025-08-22,completed
3375,3375,card,100595,2025-08-20,completed
3376,3376,upi,1059374,2024-06-06,completed
3377,3377,upi,8530,2024-08-15,completed
3378,3378,card,649486,2023-04-10,completed
3379,3379,upi,150652,2024-02-06,completed
3380,3380,upi,584167,2025-10-04,failed
3381,3381,card,1693975,2025-05-08,pending
3382,3382,upi,3121056,2024-04-09,completed
3383,3383,upi,42044,2024-03-18,completed
3384,3384,card,1966819,2023-08-12,completed
3385,3385,card,159446,2026-06-25,completed
3386,3386,upi,1661086,2024-07-12,completed
3387,3387,cash,177774,2023-01-14,completed
3388,3388,upi,205478,2025-08-10,completed
3389,3389,card,211076,2023-12-06,completed
3390,3390,card,801344,2025-02-19,completed
3391,3391,upi,1379079,2026-01-27,completed
3392,3392,card,2135806,2024-10-11,completed
3393,3393,upi,224104,2023-09-07,completed
3394,3394,card,1167024,2023-02-28,completed
3395,3395,cash,6176,2025-08-12,completed
3396,3396,upi,757946,2025-05-29,completed
3397,3397,upi,2032065,2024-06-05,completed
3398,3398,card,336401,2023-09-03,completed
3399,3399,upi,858747,2025-07-28,completed
3400,3400,card,43388,2023-08-14,completed
3401,3401,cash,850415,2025-08-21,completed
3402,3402,upi,419460,2025-06-25,completed
3403,3403,upi,68656,2023-03-29,completed
3404,3404,cash,1487136,2026-04-15,completed
3405,3405,card,1829838,2024-10-17,completed
3406,3406,card,760794,2024-04-27,return
3407,3407,upi,594267,2026-03-02,completed
3408,3408,card,348910,2024-01-04,completed
3409,3409,cash,1687335,2024-01-28,completed
3410,3410,upi,15294,2026-04-03,completed
3411,3411,cash,2327468,2025-04-27,completed
3412,3412,cash,1050277,2024-06-29,completed
3413,3413,upi,1102620,2023-03-10,completed
3414,3414,upi,9848,2023-08-03,completed
3415,3415,upi,27184,2023-02-11,return
3416,3416,upi,250335,2023-03-25,failed
3417,3417,upi,568012,2023-12-02,completed
3418,3418,upi,502731,2026-02-03,pending
3419,3419,upi,2163724,2024-07-14,completed
3420,3420,upi,92452,2025-07-30,completed
3421,3421,upi,682014,2023-03-09,completed
3422,3422,upi,320145,2023-11-06,completed
3423,3423,upi,2104647,2024-03-10,completed
3424,3424,upi,919187,2023-09-06,completed
3425,3425,upi,848873,2025-07-10,completed
3426,3426,cash,1111462,2024-05-15,completed
3427,3427,upi,200394,2023-02-18,completed
3428,3428,card,191690,2024-04-26,pending
3429,3429,upi,631471,2025-12-20,failed
3430,3430,card,876469,2026-03-13,pending
3431,3431,card,825510,2024-07-22,completed
3432,3432,upi,80448,2026-07-22,completed
3433,3433,card,2313863,2025-12-31,completed
3434,3434,upi,1192979,2023-10-03,completed
3435,3435,upi,792377,2024-02-12,completed
3436,3436,upi,2016654,2025-09-22,completed
3437,3437,upi,336115,2024-08-08,completed
3438,3438,upi,1148554,2025-06-13,completed
3439,3439,card,571808,2025-03-21,completed
3440,3440,upi,534900,2024-04-29,failed
3441,3441,cash,417980,2025-02-20,completed
3442,3442,upi,1246014,2024-05-13,return
3443,3443,card,945609,2024-01-02,completed
3444,3444,card,1003768,2025-11-10,completed
3445,3445,cash,112160,2025-11-09,completed
3446,3446,upi,117872,2023-06-12,completed
3447,3447,upi,1337167,2023-04-21,completed
3448,3448,cash,269493,2023-01-13,completed
3449,3449,upi,228852,2024-09-22,completed
3450,3450,cash,50344,2025-01-23,completed
3451,3451,upi,1211979,2026-02-24,return
3452,3452,upi,352710,2023-02-05,completed
3453,3453,upi,1484950,2024-07-25,pending
3454,3454,upi,961262,2026-06-22,completed
3455,3455,upi,1767429,2023-03-18,completed
3456,3456,upi,100465,2025-12-24,completed
3457,3457,cash,381208,2026-02-01,completed
3458,3458,cash,828130,2025-07-06,completed
3459,3459,cash,966072,2026-01-30,failed
3460,3460,card,716802,2024-06-15,completed
3461,3461,upi,710112,2026-05-20,completed
3462,3462,upi,283772,2023-09-09,completed
3463,3463,card,819358,2024-08-28,pending
3464,3464,upi,1126750,2024-03-23,completed
3465,3465,cash,1102469,2025-08-03,completed
3466,3466,cash,1241353,2025-05-28,pending
3467,3467,upi,23113,2025-09-28,completed
3468,3468,card,863979,2023-04-24,completed
3469,3469,upi,487684,2026-06-10,completed
3470,3470,cash,1033657,2025-10-07,completed
3471,3471,upi,934970,2025-07-17,failed
3472,3472,card,258726,2023-01-29,pending
3473,3473,card,62120,2026-04-20,completed
3474,3474,upi,254260,2025-09-15,completed
3475,3475,card,163269,2024-02-22,pending
3476,3476,card,1247871,2023-07-28,completed
3477,3477,cash,19791,2026-03-18,return
3478,3478,upi,645535,2025-03-17,failed
3479,3479,cash,3126220,2025-12-06,pending
3480,3480,upi,567417,2024-06-28,return
3481,3481,card,114830,2026-02-18,completed
3482,3482,card,624000,2023-02-12,completed
3483,3483,cash,2773225,2026-04-03,failed
3484,3484,cash,1652583,2023-06-09,completed
3485,3485,upi,1868580,2025-10-14,completed
3486,3486,cash,295712,2026-01-25,pending
3487,3487,upi,297054,2024-07-13,completed
3488,3488,upi,83566,2024-11-14,completed
3489,3489,upi,543986,2025-02-20,completed
3490,3490,upi,2126321,2024-03-30,return
3491,3491,upi,904675,2023-06-02,completed
3492,3492,card,3172901,2023-10-26,completed
3493,3493,upi,753413,2023-08-07,completed
3494,3494,upi,432015,2024-11-27,pending
3495,3495,upi,309103,2023-11-27,completed
3496,3496,card,10853,2023-06-09,completed
3497,3497,upi,991106,2023-02-18,completed
3498,3498,upi,236454,2026-02-17,completed
3499,3499,card,312588,2023-01-04,completed
3500,3500,upi,971313,2023-12-13,failed
3501,3501,card,182264,2025-05-25,return
3502,3502,upi,360926,2026-06-26,completed
3503,3503,upi,730066,2025-02-26,completed
3504,3504,cash,3193797,2025-01-30,completed
3505,3505,cash,1088609,2024-09-09,completed
3506,3506,upi,1034568,2023-08-08,completed
3507,3507,card,1952116,2025-01-04,completed
3508,3508,card,452093,2023-03-28,completed
3509,3509,cash,61932,2024-11-11,completed
3510,3510,upi,40827,2026-04-19,completed
3511,3511,cash,1357404,2024-06-03,completed
3512,3512,upi,1853965,2025-01-20,completed
3513,3513,card,518198,2026-04-13,completed
3514,3514,upi,202305,2024-08-25,failed
3515,3515,upi,1389184,2023-06-09,completed
3516,3516,card,1014343,2023-06-29,pending
3517,3517,upi,1666346,2026-04-28,completed
3518,3518,card,1368736,2023-05-30,completed
3519,3519,upi,651526,2026-03-03,completed
3520,3520,card,107229,2024-10-26,completed
3521,3521,upi,163320,2025-11-21,return
3522,3522,upi,494063,2024-09-04,completed
3523,3523,upi,481706,2026-02-10,completed
3524,3524,upi,11654,2024-01-27,completed
3525,3525,cash,438139,2024-07-23,completed
3526,3526,upi,489700,2023-02-15,completed
3527,3527,card,165835,2024-04-04,completed
3528,3528,upi,722846,2026-02-18,completed
3529,3529,cash,629526,2023-07-06,completed
3530,3530,cash,772874,2025-09-18,completed
3531,3531,card,375958,2025-02-07,failed
3532,3532,cash,411025,2024-07-09,completed
3533,3533,cash,567422,2025-08-25,completed
3534,3534,upi,115460,2025-02-06,completed
3535,3535,upi,361027,2024-07-29,completed
3536,3536,card,1035458,2024-09-09,completed
3537,3537,card,2296862,2024-09-24,failed
3538,3538,upi,1034613,2024-01-21,completed
3539,3539,card,300809,2023-09-17,completed
3540,3540,card,1024740,2024-01-15,completed
3541,3541,upi,305595,2024-11-03,return
3542,3542,upi,1039320,2024-03-06,completed
3543,3543,cash,1178165,2023-02-04,completed
3544,3544,cash,91561,2025-07-09,completed
3545,3545,upi,345320,2025-07-15,completed
3546,3546,upi,239742,2024-08-01,completed
3547,3547,card,2077359,2023-07-21,completed
3548,3548,card,537324,2024-03-18,completed
3549,3549,upi,992991,2024-05-23,completed
3550,3550,upi,50319,2023-10-24,failed
3551,3551,cash,1626141,2025-07-28,completed
3552,3552,upi,908127,2023-06-11,completed
3553,3553,upi,677472,2026-02-19,completed
3554,3554,cash,427915,2024-04-23,completed
3555,3555,cash,681080,2025-12-11,pending
3556,3556,upi,1652494,2023-09-30,completed
3557,3557,cash,161158,2024-05-29,completed
3558,3558,cash,1928767,2023-06-17,completed
3559,3559,upi,1696925,2025-12-14,completed
3560,3560,upi,1400416,2024-03-05,completed
3561,3561,upi,130383,2025-11-23,completed
3562,3562,upi,997776,2024-09-22,completed
3563,3563,upi,76964,2025-05-17,completed
3564,3564,cash,656894,2025-05-28,failed
3565,3565,upi,701608,2024-08-17,completed
3566,3566,cash,1320349,2024-05-06,completed
3567,3567,upi,524599,2024-06-20,completed
3568,3568,upi,1034869,2023-07-14,pending
3569,3569,card,1631952,2024-02-24,completed
3570,3570,upi,617094,2024-12-08,pending
3571,3571,upi,1270760,2025-09-03,pending
3572,3572,cash,171493,2025-05-17,completed
3573,3573,card,880797,2024-08-25,completed
3574,3574,upi,1244272,2023-07-01,completed
3575,3575,cash,481406,2024-06-08,completed
3576,3576,upi,253062,2023-09-09,failed
3577,3577,cash,631236,2026-02-09,completed
3578,3578,cash,195260,2025-11-11,completed
3579,3579,upi,206987,2023-11-28,completed
3580,3580,cash,103280,2024-01-10,completed
3581,3581,upi,218287,2025-05-10,pending
3582,3582,card,1684585,2024-08-07,completed
3583,3583,cash,164454,2026-01-15,completed
3584,3584,upi,1182638,2024-01-09,completed
3585,3585,upi,296839,2023-11-10,completed
3586,3586,upi,155493,2025-01-01,completed
3587,3587,upi,394276,2024-09-09,pending
3588,3588,card,1075888,2024-03-25,completed
3589,3589,upi,528992,2025-07-02,completed
3590,3590,card,150098,2026-03-07,completed
3591,3591,card,2320321,2023-12-29,completed
3592,3592,cash,99000,2024-01-27,pending
3593,3593,upi,389340,2026-03-07,failed
3594,3594,upi,1327155,2026-07-22,completed
3595,3595,card,1149442,2024-01-06,return
3596,3596,upi,336926,2023-12-20,completed
3597,3597,upi,336021,2023-07-14,completed
3598,3598,cash,1390704,2026-05-16,pending
3599,3599,card,809203,2024-05-11,completed
3600,3600,upi,199964,2023-07-12,completed
3601,3601,cash,748403,2024-07-28,return
3602,3602,card,82215,2023-09-08,completed
3603,3603,card,30684,2023-02-08,completed
3604,3604,upi,577578,2025-02-16,pending
3605,3605,upi,449651,2025-11-15,completed
3606,3606,cash,176444,2023-05-30,completed
3607,3607,upi,514197,2023-11-19,completed
3608,3608,cash,1095322,2024-05-20,return
3609,3609,cash,1277984,2024-05-12,completed
3610,3610,upi,503249,2026-05-05,completed
3611,3611,upi,459015,2025-03-23,completed
3612,3612,card,761249,2025-04-03,pending
3613,3613,cash,631622,2026-07-20,pending
3614,3614,card,1333551,2026-04-15,completed
3615,3615,card,608393,2026-02-02,completed
3616,3616,cash,226325,2023-02-01,completed
3617,3617,upi,1420818,2026-07-27,completed
3618,3618,card,246618,2023-05-04,completed
3619,3619,card,95248,2024-11-03,completed
3620,3620,upi,327066,2023-05-24,completed
3621,3621,upi,13772,2023-01-31,completed
3622,3622,upi,229870,2024-05-01,completed
3623,3623,upi,976593,2023-04-07,return
3624,3624,card,195732,2025-05-24,failed
3625,3625,upi,131425,2025-06-01,completed
3626,3626,card,248682,2024-12-10,completed
3627,3627,card,821999,2024-08-17,completed
3628,3628,card,388280,2024-10-29,completed
3629,3629,upi,1788979,2024-03-15,completed
3630,3630,upi,1087314,2023-01-02,completed
3631,3631,card,313374,2026-02-17,completed
3632,3632,card,472087,2026-04-15,completed
3633,3633,card,96845,2024-12-19,failed
3634,3634,card,213404,2024-01-06,completed
3635,3635,cash,703770,2023-08-20,return
3636,3636,card,143872,2024-08-21,completed
3637,3637,card,977457,2024-08-09,completed
3638,3638,upi,976285,2026-05-23,completed
3639,3639,card,169123,2026-07-12,completed
3640,3640,cash,397355,2024-11-04,pending
3641,3641,upi,1501120,2026-06-19,pending
3642,3642,upi,94363,2026-01-30,completed
3643,3643,card,781154,2023-04-28,completed
3644,3644,cash,22358,2025-01-04,failed
3645,3645,upi,761792,2023-04-27,completed
3646,3646,cash,51113,2023-03-22,return
3647,3647,upi,1615605,2023-01-30,completed
3648,3648,upi,379317,2025-05-16,completed
3649,3649,card,1807358,2026-06-21,completed
3650,3650,card,200841,2023-04-26,pending
3651,3651,cash,88068,2024-04-29,completed
3652,3652,cash,1060893,2026-07-20,failed
3653,3653,card,593950,2023-12-25,pending
3654,3654,card,1160748,2025-04-10,completed
3655,3655,upi,854919,2023-12-01,pending
3656,3656,cash,1501885,2025-10-19,completed
3657,3657,card,706665,2024-02-20,completed
3658,3658,upi,37398,2025-10-23,failed
3659,3659,upi,420357,2026-06-30,completed
3660,3660,cash,1406985,2025-03-08,completed
3661,3661,cash,282073,2023-01-11,completed
3662,3662,upi,683341,2025-02-17,pending
3663,3663,cash,1527685,2025-09-06,completed
3664,3664,card,638549,2025-01-22,completed
3665,3665,card,1898945,2025-08-22,completed
3666,3666,upi,13766,2026-06-17,completed
3667,3667,card,2173286,2023-08-20,completed
3668,3668,cash,181287,2023-03-20,failed
3669,3669,card,1236435,2023-06-14,failed
3670,3670,upi,604242,2024-01-09,completed
3671,3671,cash,216763,2023-12-03,completed
3672,3672,upi,747492,2025-05-17,failed
3673,3673,card,489878,2025-09-11,return
3674,3674,upi,334371,2023-01-25,completed
3675,3675,upi,1021550,2025-02-04,completed
3676,3676,cash,419238,2024-05-29,failed
3677,3677,cash,1161861,2024-11-03,completed
3678,3678,card,332151,2025-05-05,completed
3679,3679,cash,1983215,2025-01-16,completed
3680,3680,cash,436548,2023-01-16,failed
3681,3681,card,375240,2023-12-15,completed
3682,3682,card,806995,2024-05-23,pending
3683,3683,upi,135995,2026-03-07,completed
3684,3684,upi,1447100,2023-08-03,completed
3685,3685,card,153069,2024-06-14,completed
3686,3686,card,137439,2025-06-05,completed
3687,3687,cash,3829110,2026-01-17,completed
3688,3688,card,26130,2025-03-25,completed
3689,3689,card,1815347,2024-06-20,completed
3690,3690,cash,77961,2024-03-16,completed
3691,3691,card,936835,2026-02-18,completed
3692,3692,upi,13316,2025-03-12,completed
3693,3693,cash,590288,2026-01-27,completed
3694,3694,cash,274683,2024-04-06,failed
3695,3695,upi,558233,2025-01-04,completed
3696,3696,cash,860952,2024-06-08,completed
3697,3697,upi,52270,2024-05-24,pending
3698,3698,upi,181176,2024-07-17,pending
3699,3699,cash,176085,2026-02-23,completed
3700,3700,card,1763115,2026-04-26,failed
3701,3701,upi,965286,2023-11-17,return
3702,3702,upi,788329,2024-12-03,completed
3703,3703,upi,229263,2025-12-16,completed
3704,3704,upi,330824,2023-08-08,pending
3705,3705,upi,20984,2025-11-28,completed
3706,3706,card,127792,2025-01-28,pending
3707,3707,upi,116100,2023-09-03,completed
3708,3708,upi,260352,2024-07-12,completed
3709,3709,card,570573,2023-09-20,pending
3710,3710,cash,450693,2025-08-06,failed
3711,3711,card,318127,2023-06-03,completed
3712,3712,card,40593,2023-08-22,completed
3713,3713,cash,169918,2023-01-31,completed
3714,3714,card,187856,2023-02-05,return
3715,3715,upi,794457,2025-09-24,failed
3716,3716,card,1029715,2023-01-25,return
3717,3717,card,582009,2025-07-29,return
3718,3718,upi,137312,2024-06-16,completed
3719,3719,upi,392585,2023-03-13,completed
3720,3720,upi,12207,2025-06-22,completed
3721,3721,upi,626026,2025-07-22,pending
3722,3722,upi,1758525,2024-02-27,failed
3723,3723,upi,1646203,2024-06-17,failed
3724,3724,upi,517062,2024-06-10,completed
3725,3725,upi,101684,2023-03-14,completed
3726,3726,card,198076,2023-11-26,completed
3727,3727,cash,224731,2025-02-15,pending
3728,3728,card,2398258,2025-02-17,failed
3729,3729,cash,505069,2023-06-24,completed
3730,3730,upi,55088,2024-06-05,completed
3731,3731,upi,860612,2024-01-11,return
3732,3732,card,361184,2023-12-26,completed
3733,3733,upi,1153390,2025-07-25,completed
3734,3734,card,1351482,2025-03-01,completed
3735,3735,card,726023,2023-10-20,pending
3736,3736,upi,852102,2026-01-03,completed
3737,3737,cash,486155,2024-03-01,completed
3738,3738,cash,188133,2025-04-19,completed
3739,3739,card,414455,2025-01-23,completed
3740,3740,card,217520,2024-03-22,completed
3741,3741,upi,574939,2023-12-23,completed
3742,3742,upi,1670291,2026-04-11,completed
3743,3743,upi,545128,2023-06-07,completed
3744,3744,card,265035,2024-10-27,failed
3745,3745,card,716452,2023-08-18,completed
3746,3746,card,773730,2025-03-09,return
3747,3747,upi,183542,2024-03-17,pending
3748,3748,upi,739900,2024-11-22,completed
3749,3749,card,1018155,2025-10-25,completed
3750,3750,upi,30564,2024-08-06,completed
3751,3751,cash,364569,2025-07-25,completed
3752,3752,card,867768,2026-01-01,failed
3753,3753,upi,627295,2023-04-29,completed
3754,3754,card,1578217,2024-11-23,completed
3755,3755,card,633002,2023-06-07,completed
3756,3756,cash,577783,2024-06-11,completed
3757,3757,upi,2290336,2026-07-09,completed
3758,3758,cash,383162,2026-04-20,pending
3759,3759,cash,926769,2026-06-21,completed
3760,3760,upi,442444,2024-05-09,completed
3761,3761,cash,144662,2024-10-04,failed
3762,3762,upi,1078524,2023-10-04,completed
3763,3763,upi,161025,2023-11-23,pending
3764,3764,upi,944740,2025-09-16,completed
3765,3765,cash,718976,2025-02-13,completed
3766,3766,upi,668625,2023-05-10,completed
3767,3767,upi,488182,2025-07-26,completed
3768,3768,cash,148047,2024-04-21,failed
3769,3769,upi,423432,2023-09-12,return
3770,3770,upi,766382,2024-04-09,completed
3771,3771,upi,1286098,2023-07-01,completed
3772,3772,cash,1026334,2023-10-07,completed
3773,3773,card,2391692,2024-02-09,failed
3774,3774,upi,833673,2026-02-03,pending
3775,3775,cash,334178,2025-02-02,completed
3776,3776,cash,753269,2025-06-04,completed
3777,3777,upi,1747330,2025-12-11,completed
3778,3778,upi,1010969,2024-02-13,completed
3779,3779,upi,2258313,2024-06-09,completed
3780,3780,upi,1299800,2024-01-25,completed
3781,3781,cash,81975,2024-09-08,completed
3782,3782,upi,56458,2024-06-09,completed
3783,3783,card,18100,2026-03-06,completed
3784,3784,card,98660,2025-11-12,completed
3785,3785,card,2887225,2023-11-29,completed
3786,3786,cash,20170,2023-10-03,completed
3787,3787,upi,285444,2023-06-10,completed
3788,3788,card,543338,2024-06-30,completed
3789,3789,upi,1184804,2025-10-16,completed
3790,3790,cash,324432,2023-01-22,completed
3791,3791,upi,589845,2026-04-17,failed
3792,3792,upi,819930,2025-03-02,completed
3793,3793,upi,575357,2023-01-30,completed
3794,3794,cash,142443,2025-05-21,completed
3795,3795,cash,164579,2025-10-11,return
3796,3796,upi,218455,2023-02-13,pending
3797,3797,cash,1760394,2024-11-21,failed
3798,3798,upi,1313736,2025-11-22,completed
3799,3799,card,471434,2025-10-21,completed
3800,3800,upi,595370,2023-01-09,pending
3801,3801,card,176008,2023-10-12,completed
3802,3802,card,315162,2024-07-20,completed
3803,3803,upi,391900,2023-02-05,completed
3804,3804,card,225553,2024-07-23,completed
3805,3805,upi,1811783,2025-08-23,completed
3806,3806,card,868690,2023-12-25,failed
3807,3807,card,284196,2026-04-30,completed
3808,3808,upi,1008613,2025-02-15,completed
3809,3809,card,1821861,2023-05-06,completed
3810,3810,upi,709428,2024-06-29,completed
3811,3811,upi,325098,2024-12-09,pending
3812,3812,upi,224960,2024-05-24,completed
3813,3813,cash,1293117,2026-04-05,completed
3814,3814,card,598988,2024-04-09,pending
3815,3815,card,1027394,2024-10-20,completed
3816,3816,cash,52314,2025-12-04,completed
3817,3817,upi,483410,2024-08-15,failed
3818,3818,upi,1688481,2025-01-22,completed
3819,3819,upi,1068245,2023-05-24,completed
3820,3820,upi,2151698,2025-08-06,completed
3821,3821,upi,354720,2025-12-12,completed
3822,3822,cash,548656,2026-07-18,completed
3823,3823,cash,70792,2025-12-03,completed
3824,3824,cash,18972,2023-08-19,completed
3825,3825,upi,1009100,2026-02-15,completed
3826,3826,cash,554859,2025-08-31,completed
3827,3827,upi,1905883,2025-02-03,return
3828,3828,cash,384380,2024-09-26,completed
3829,3829,upi,50880,2025-06-24,return
3830,3830,upi,762496,2023-11-28,completed
3831,3831,cash,1018155,2025-06-12,completed
3832,3832,upi,163320,2024-11-27,completed
3833,3833,upi,217227,2023-06-15,completed
3834,3834,card,139098,2023-03-03,pending
3835,3835,upi,1698202,2024-11-05,completed
3836,3836,upi,931902,2024-05-01,completed
3837,3837,cash,325474,2026-06-18,completed
3838,3838,upi,2448100,2023-09-21,completed
3839,3839,upi,1011423,2024-11-23,completed
3840,3840,card,101684,2026-07-01,completed
3841,3841,card,504989,2024-08-01,completed
3842,3842,upi,71436,2025-06-16,completed
3843,3843,upi,21895,2023-05-27,completed
3844,3844,upi,342632,2025-08-03,completed
3845,3845,card,234016,2023-12-23,completed
3846,3846,card,170390,2026-01-29,return
3847,3847,upi,539472,2023-08-16,pending
3848,3848,card,760584,2023-03-08,completed
3849,3849,card,101048,2023-12-24,completed
3850,3850,upi,800794,2023-11-30,completed
3851,3851,cash,667336,2023-11-05,completed
3852,3852,upi,340421,2023-03-22,completed
3853,3853,upi,1950396,2023-12-03,completed
3854,3854,cash,1979137,2025-05-25,return
3855,3855,cash,546398,2025-01-02,completed
3856,3856,card,1444302,2025-07-09,completed
3857,3857,cash,368054,2025-12-22,completed
3858,3858,cash,468187,2026-07-23,completed
3859,3859,cash,2018712,2023-04-05,completed
3860,3860,upi,46489,2025-07-27,completed
3861,3861,upi,330220,2024-06-06,completed
3862,3862,cash,1967786,2023-07-28,completed
3863,3863,upi,535996,2026-07-11,completed
3864,3864,upi,828396,2025-06-13,completed
3865,3865,card,415905,2023-11-20,pending
3866,3866,upi,115820,2025-08-19,completed
3867,3867,cash,455688,2023-02-25,failed
3868,3868,cash,209043,2024-02-07,completed
3869,3869,card,788036,2024-07-08,pending
3870,3870,upi,2111914,2025-03-09,completed
3871,3871,cash,1005740,2025-08-20,completed
3872,3872,upi,1014484,2023-05-25,completed
3873,3873,cash,1491046,2025-08-24,return
3874,3874,card,391752,2024-11-07,completed
3875,3875,card,273452,2023-04-21,completed
3876,3876,card,43504,2024-01-19,return
3877,3877,cash,895904,2024-10-13,completed
3878,3878,cash,65328,2023-12-19,completed
3879,3879,card,1751106,2023-12-03,completed
3880,3880,upi,656355,2025-11-02,completed
3881,3881,card,2325444,2024-03-03,completed
3882,3882,cash,2238391,2023-11-29,completed
3883,3883,upi,340947,2024-03-23,completed
3884,3884,upi,256218,2026-07-16,completed
3885,3885,upi,1111920,2025-09-20,pending
3886,3886,upi,788392,2023-10-13,failed
3887,3887,cash,161314,2023-10-24,completed
3888,3888,upi,153024,2025-04-05,completed
3889,3889,upi,2803066,2023-05-26,completed
3890,3890,upi,388262,2025-10-31,failed
3891,3891,cash,355050,2026-04-20,pending
3892,3892,cash,282216,2025-08-02,completed
3893,3893,upi,781323,2023-07-03,completed
3894,3894,cash,950990,2025-01-06,completed
3895,3895,upi,61128,2023-07-19,completed
3896,3896,upi,2266820,2025-02-25,completed
3897,3897,card,602886,2025-04-26,failed
3898,3898,card,407475,2025-04-23,pending
3899,3899,cash,881686,2023-01-27,completed
3900,3900,upi,1319374,2024-09-16,completed
3901,3901,cash,536259,2025-03-02,completed
3902,3902,card,420662,2024-10-06,completed
3903,3903,cash,1437167,2026-01-14,completed
3904,3904,card,432621,2024-02-04,completed
3905,3905,cash,400830,2023-09-30,completed
3906,3906,card,115565,2023-07-02,completed
3907,3907,upi,656038,2026-07-22,completed
3908,3908,cash,2223183,2025-05-18,completed
3909,3909,card,923724,2025-01-15,failed
3910,3910,card,643497,2024-10-02,completed
3911,3911,upi,712772,2026-07-17,failed
3912,3912,card,77244,2023-03-16,return
3913,3913,card,748554,2025-10-13,failed
3914,3914,cash,399389,2025-12-27,completed
3915,3915,card,587592,2025-11-03,completed
3916,3916,cash,898022,2025-02-17,failed
3917,3917,cash,3345058,2023-12-07,completed
3918,3918,upi,1309294,2025-04-01,completed
3919,3919,card,395777,2025-07-29,pending
3920,3920,card,776804,2024-12-03,completed
3921,3921,card,629176,2024-02-02,completed
3922,3922,cash,229145,2026-02-23,completed
3923,3923,upi,1990399,2025-03-01,completed
3924,3924,upi,612870,2026-03-01,completed
3925,3925,card,466043,2023-03-10,completed
3926,3926,card,701383,2024-11-29,completed
3927,3927,upi,842452,2023-06-24,failed
3928,3928,upi,269357,2025-06-21,completed
3929,3929,upi,850246,2023-08-30,completed
3930,3930,upi,250882,2025-06-20,pending
3931,3931,upi,458143,2025-07-14,completed
3932,3932,cash,400731,2026-02-02,pending
3933,3933,upi,1173910,2026-07-24,completed
3934,3934,upi,928876,2024-06-08,completed
3935,3935,upi,1389248,2025-01-02,completed
3936,3936,card,162684,2025-04-19,completed
3937,3937,cash,482877,2024-11-25,completed
3938,3938,upi,574141,2023-03-03,failed
3939,3939,card,357536,2024-09-27,pending
3940,3940,card,123615,2023-09-23,completed
3941,3941,card,2060897,2024-02-26,completed
3942,3942,upi,875637,2025-07-05,completed
3943,3943,cash,51146,2025-05-02,completed
3944,3944,upi,1107916,2026-06-19,completed
3945,3945,card,62509,2024-11-22,completed
3946,3946,card,1138893,2026-02-23,completed
3947,3947,upi,1805092,2023-12-24,completed
3948,3948,card,959626,2026-03-13,completed
3949,3949,upi,748947,2024-08-09,completed
3950,3950,upi,1484717,2025-01-02,completed
3951,3951,upi,477662,2023-12-04,completed
3952,3952,upi,738924,2024-07-03,completed
3953,3953,card,60620,2026-02-15,failed
3954,3954,card,914751,2024-04-26,failed
3955,3955,card,927796,2026-03-01,completed
3956,3956,card,670812,2026-04-22,completed
3957,3957,cash,461803,2025-06-28,completed
3958,3958,cash,640431,2023-05-07,completed
3959,3959,card,588937,2025-08-04,completed
3960,3960,upi,1278580,2023-04-20,completed
3961,3961,cash,110740,2025-01-03,pending
3962,3962,upi,288087,2025-12-29,completed
3963,3963,upi,595839,2025-06-03,pending
3964,3964,cash,276739,2023-02-03,completed
3965,3965,upi,463196,2024-06-27,completed
3966,3966,upi,808875,2024-03-19,completed
3967,3967,upi,222378,2025-11-12,completed
3968,3968,upi,1663184,2026-05-18,completed
3969,3969,upi,574722,2025-11-06,completed
3970,3970,card,938693,2025-04-17,completed
3971,3971,cash,842529,2025-08-18,return
3972,3972,upi,1063327,2024-11-18,completed
3973,3973,cash,71887,2026-01-12,completed
3974,3974,cash,663136,2023-04-29,completed
3975,3975,upi,455266,2025-03-17,completed
3976,3976,card,154488,2026-03-19,completed
3977,3977,card,608716,2023-10-07,pending
3978,3978,card,442352,2026-03-22,completed
3979,3979,card,80127,2026-04-14,completed
3980,3980,cash,959146,2023-08-10,completed
3981,3981,upi,636314,2023-04-12,completed
3982,3982,card,126332,2023-10-06,completed
3983,3983,upi,56616,2024-11-18,completed
3984,3984,cash,447091,2026-03-06,completed
3985,3985,card,158350,2023-04-16,completed
3986,3986,upi,111790,2025-01-16,completed
3987,3987,upi,938034,2023-12-09,pending
3988,3988,card,23384,2024-04-04,completed
3989,3989,upi,186282,2026-06-23,completed
3990,3990,upi,507814,2025-12-05,completed
3991,3991,upi,537811,2023-05-15,completed
3992,3992,card,363222,2023-06-09,completed
3993,3993,cash,683758,2024-06-25,completed
3994,3994,cash,612795,2026-07-17,completed
3995,3995,cash,710878,2024-11-06,completed
3996,3996,cash,2049404,2026-01-07,pending
3997,3997,upi,322767,2026-06-08,pending
3998,3998,upi,609172,2025-08-16,completed
3999,3999,cash,1229734,2023-12-04,completed
4000,4000,cash,558108,2023-09-07,pending
4001,4001,card,30460,2025-02-24,return
4002,4002,upi,828789,2026-06-08,completed
4003,4003,card,1237600,2023-07-30,completed
4004,4004,upi,343141,2024-05-17,completed
4005,4005,upi,760133,2025-06-19,failed
4006,4006,card,1158575,2025-02-26,return
4007,4007,cash,61004,2023-02-25,completed
4008,4008,card,3102834,2024-08-30,completed
4009,4009,card,264590,2023-11-27,completed
4010,4010,cash,1144800,2023-10-27,completed
4011,4011,cash,201669,2023-03-12,completed
4012,4012,card,570940,2023-03-02,completed
4013,4013,upi,159594,2024-06-28,completed
4014,4014,upi,50067,2026-07-15,failed
4015,4015,card,857734,2024-03-15,failed
4016,4016,cash,274708,2024-04-11,completed
4017,4017,card,952001,2024-02-23,completed
4018,4018,upi,841976,2024-06-15,completed
4019,4019,card,178960,2025-09-18,completed
4020,4020,card,1115654,2026-03-23,pending
4021,4021,upi,938895,2025-08-28,pending
4022,4022,upi,1119726,2026-02-19,failed
4023,4023,upi,466004,2024-04-02,failed
4024,4024,card,856012,2025-06-25,completed
4025,4025,upi,297982,2026-05-27,completed
4026,4026,upi,1307532,2024-05-12,completed
4027,4027,card,645026,2024-06-24,failed
4028,4028,card,612423,2023-08-11,failed
4029,4029,card,667435,2023-03-23,completed
4030,4030,cash,700888,2025-01-19,completed
4031,4031,card,3548,2024-02-05,completed
4032,4032,card,967969,2025-07-10,completed
4033,4033,cash,1007060,2023-03-11,pending
4034,4034,cash,1602990,2023-11-12,pending
4035,4035,card,1578300,2023-02-09,completed
4036,4036,card,1851085,2023-11-23,completed
4037,4037,cash,705404,2023-05-11,completed
4038,4038,card,446644,2025-05-31,completed
4039,4039,cash,197074,2024-03-06,pending
4040,4040,card,1466800,2025-02-06,completed
4041,4041,card,15294,2023-06-06,completed
4042,4042,card,149984,2026-07-03,completed
4043,4043,cash,228516,2023-06-04,pending
4044,4044,upi,626748,2023-01-20,completed
4045,4045,cash,456752,2025-12-22,pending
4046,4046,cash,1140256,2025-05-05,completed
4047,4047,cash,186986,2025-03-28,completed
4048,4048,upi,1010494,2024-06-05,completed
4049,4049,card,565636,2023-11-16,completed
4050,4050,cash,83470,2026-05-03,completed
4051,4051,card,295960,2025-05-16,completed
4052,4052,card,2407007,2023-11-30,completed
4053,4053,upi,471855,2025-11-14,completed
4054,4054,card,1120905,2025-12-28,completed
4055,4055,card,122563,2023-01-09,completed
4056,4056,cash,912773,2023-05-02,pending
4057,4057,upi,356554,2023-06-13,completed
4058,4058,cash,4644,2023-05-04,completed
4059,4059,cash,1653625,2025-06-27,pending
4060,4060,upi,188980,2024-06-22,completed
4061,4061,cash,1377426,2024-10-09,failed
4062,4062,cash,1081696,2024-12-23,completed
4063,4063,upi,813234,2026-05-14,completed
4064,4064,upi,594384,2026-06-08,completed
4065,4065,upi,92656,2026-05-02,completed
4066,4066,upi,397052,2023-05-29,failed
4067,4067,card,173196,2024-11-30,failed
4068,4068,card,553261,2023-12-11,failed
4069,4069,upi,96048,2023-11-09,completed
4070,4070,upi,330098,2023-12-07,completed
4071,4071,upi,893992,2023-01-29,completed
4072,4072,upi,106392,2024-01-29,failed
4073,4073,upi,2541818,2026-05-05,failed
4074,4074,upi,111616,2026-03-25,completed
4075,4075,cash,70575,2025-08-25,failed
4076,4076,upi,1112012,2026-01-13,completed
4077,4077,cash,2833674,2025-05-12,completed
4078,4078,card,640514,2023-07-17,completed
4079,4079,card,176748,2024-01-03,completed
4080,4080,card,3096775,2025-12-03,completed
4081,4081,cash,87024,2023-11-01,pending
4082,4082,cash,753057,2023-02-17,completed
4083,4083,card,232317,2023-11-21,completed
4084,4084,cash,19725,2023-12-19,completed
4085,4085,cash,1337754,2026-04-20,return
4086,4086,upi,1308309,2025-12-25,completed
4087,4087,card,1020655,2025-07-21,completed
4088,4088,card,330076,2025-08-19,completed
4089,4089,card,396988,2024-03-18,failed
4090,4090,upi,910630,2025-12-21,completed
4091,4091,cash,913828,2025-10-06,failed
4092,4092,upi,249561,2026-01-24,completed
4093,4093,upi,459414,2026-01-11,completed
4094,4094,upi,424811,2025-01-10,completed
4095,4095,card,1260471,2025-03-11,failed
4096,4096,upi,2011593,2025-09-01,pending
4097,4097,upi,775903,2023-07-12,completed
4098,4098,upi,353130,2023-10-16,failed
4099,4099,upi,126874,2023-11-04,failed
4100,4100,upi,1005077,2025-07-09,completed
4101,4101,upi,5586,2025-10-31,completed
4102,4102,cash,530508,2024-02-20,failed
4103,4103,card,732079,2025-10-21,completed
4104,4104,cash,656518,2024-06-07,completed
4105,4105,upi,497016,2025-04-20,completed
4106,4106,upi,1787540,2024-08-16,completed
4107,4107,upi,1682737,2024-05-06,completed
4108,4108,card,495546,2026-03-24,failed
4109,4109,upi,846600,2023-01-25,failed
4110,4110,card,1973300,2024-01-17,completed
4111,4111,upi,1140477,2026-01-24,completed
4112,4112,cash,68970,2026-04-02,completed
4113,4113,upi,581593,2023-12-29,completed
4114,4114,cash,45795,2023-04-25,completed
4115,4115,card,243005,2024-01-14,completed
4116,4116,cash,16115,2024-06-13,completed
4117,4117,upi,1438466,2023-09-24,pending
4118,4118,card,1071821,2026-05-11,pending
4119,4119,card,1699914,2024-05-05,pending
4120,4120,card,2085535,2023-03-04,completed
4121,4121,card,269135,2023-08-30,completed
4122,4122,upi,1066900,2025-08-10,completed
4123,4123,card,96976,2023-07-24,completed
4124,4124,card,9934,2024-05-08,completed
4125,4125,cash,1731025,2025-12-14,pending
4126,4126,cash,1917677,2024-04-07,completed
4127,4127,cash,947336,2023-10-04,failed
4128,4128,cash,71199,2023-11-30,completed
4129,4129,card,1057195,2024-08-15,completed
4130,4130,card,426557,2025-05-04,completed
4131,4131,card,1100706,2025-05-10,completed
4132,4132,card,1293370,2024-09-02,completed
4133,4133,card,974387,2026-03-11,completed
4134,4134,upi,886893,2026-03-02,completed
4135,4135,upi,142084,2025-11-14,completed
4136,4136,card,668565,2025-02-02,completed
4137,4137,upi,494474,2025-08-05,failed
4138,4138,upi,59191,2023-11-28,completed
4139,4139,upi,933925,2023-08-29,completed
4140,4140,upi,577524,2024-02-19,completed
4141,4141,card,75128,2023-02-03,completed
4142,4142,cash,529420,2026-03-25,failed
4143,4143,card,339570,2023-02-02,completed
4144,4144,upi,1720297,2023-03-12,pending
4145,4145,upi,1608881,2024-08-27,completed
4146,4146,card,58764,2025-08-20,failed
4147,4147,card,1546110,2025-01-21,completed
4148,4148,upi,725754,2025-01-06,completed
4149,4149,cash,2690548,2024-04-20,completed
4150,4150,cash,1556086,2026-07-27,completed
4151,4151,upi,433722,2026-04-14,completed
4152,4152,upi,1351092,2023-06-10,completed
4153,4153,upi,863295,2024-05-29,pending
4154,4154,card,1219676,2024-04-15,failed
4155,4155,upi,259708,2026-03-13,completed
4156,4156,card,75651,2026-06-12,completed
4157,4157,card,566063,2024-10-01,completed
4158,4158,upi,726974,2025-02-21,completed
4159,4159,upi,513156,2026-05-10,completed
4160,4160,cash,300297,2024-02-06,completed
4161,4161,upi,1584706,2025-08-20,completed
4162,4162,upi,533433,2025-05-10,pending
4163,4163,upi,74253,2024-01-21,completed
4164,4164,card,1539186,2025-08-08,completed
4165,4165,upi,721637,2025-07-11,completed
4166,4166,card,1183430,2025-12-17,completed
4167,4167,card,590625,2024-02-09,completed
4168,4168,card,714720,2025-02-26,failed
4169,4169,upi,1442315,2023-01-18,failed
4170,4170,cash,845912,2025-03-07,completed
4171,4171,cash,247315,2023-06-22,pending
4172,4172,upi,1039689,2023-02-04,completed
4173,4173,cash,423020,2026-06-29,completed
4174,4174,cash,704162,2025-12-27,completed
4175,4175,card,466114,2025-09-29,completed
4176,4176,card,367123,2024-08-12,completed
4177,4177,upi,191598,2025-10-01,completed
4178,4178,upi,514572,2024-10-31,failed
4179,4179,card,584337,2024-10-28,pending
4180,4180,upi,390070,2025-04-12,completed
4181,4181,upi,168284,2024-03-05,completed
4182,4182,cash,16740,2024-04-27,pending
4183,4183,cash,1381455,2023-09-19,completed
4184,4184,upi,507875,2026-07-14,completed
4185,4185,upi,1835426,2025-07-14,failed
4186,4186,card,217560,2026-05-03,completed
4187,4187,card,553580,2025-03-17,completed
4188,4188,upi,402824,2024-09-23,completed
4189,4189,upi,998717,2026-02-13,completed
4190,4190,cash,1463296,2024-06-17,completed
4191,4191,upi,1283593,2025-05-18,pending
4192,4192,card,38196,2024-07-15,completed
4193,4193,cash,941989,2026-06-22,failed
4194,4194,card,938510,2023-10-24,completed
4195,4195,upi,945638,2024-05-24,pending
4196,4196,card,1071172,2024-12-16,completed
4197,4197,upi,939282,2025-07-13,completed
4198,4198,cash,2462523,2025-01-23,failed
4199,4199,card,763563,2023-11-03,completed
4200,4200,card,52605,2023-06-02,completed
4201,4201,cash,603193,2024-07-02,completed
4202,4202,upi,163603,2025-04-01,completed
4203,4203,upi,162934,2023-08-01,completed
4204,4204,upi,271048,2023-08-03,completed
4205,4205,cash,392805,2023-01-07,completed
4206,4206,upi,151913,2023-01-14,failed
4207,4207,card,948540,2024-04-26,completed
4208,4208,cash,847194,2024-11-20,completed
4209,4209,card,1979307,2025-01-12,pending
4210,4210,card,827257,2024-03-04,completed
4211,4211,upi,738598,2025-01-23,completed
4212,4212,cash,138695,2023-05-31,completed
4213,4213,upi,1204487,2026-01-15,completed
4214,4214,upi,1429042,2025-05-28,failed
4215,4215,cash,989133,2026-03-26,completed
4216,4216,upi,1117107,2024-02-27,completed
4217,4217,cash,445767,2026-07-26,completed
4218,4218,card,74478,2023-11-10,completed
4219,4219,cash,85370,2025-07-17,completed
4220,4220,cash,94588,2024-06-05,completed
4221,4221,upi,713463,2023-10-08,completed
4222,4222,cash,184676,2024-01-21,failed
4223,4223,cash,977289,2025-12-22,completed
4224,4224,cash,1102735,2023-09-30,completed
4225,4225,upi,299358,2025-03-18,completed
4226,4226,card,2314207,2024-08-17,completed
4227,4227,card,401270,2023-09-12,completed
4228,4228,upi,521676,2024-02-16,completed
4229,4229,card,81576,2024-11-01,completed
4230,4230,cash,1569900,2026-02-03,completed
4231,4231,upi,1634847,2023-02-25,completed
4232,4232,cash,736324,2023-01-24,completed
4233,4233,card,106796,2026-05-26,completed
4234,4234,upi,79374,2023-06-05,completed
4235,4235,card,895462,2026-01-14,completed
4236,4236,card,890708,2024-10-31,completed
4237,4237,upi,705616,2024-12-21,completed
4238,4238,cash,277236,2024-12-01,completed
4239,4239,upi,584036,2023-06-12,completed
4240,4240,card,267381,2023-10-21,completed
4241,4241,cash,23819,2025-06-14,completed
4242,4242,upi,1637299,2023-10-04,completed
4243,4243,upi,923710,2023-07-27,completed
4244,4244,upi,1005502,2023-10-10,completed
4245,4245,upi,1085005,2023-10-06,completed
4246,4246,upi,60030,2024-06-27,pending
4247,4247,cash,2385748,2024-02-15,completed
4248,4248,card,712490,2026-07-14,completed
4249,4249,upi,426954,2026-06-01,completed
4250,4250,upi,351327,2025-11-13,failed
4251,4251,upi,1047022,2025-07-16,failed
4252,4252,upi,12537,2025-03-18,completed
4253,4253,upi,163182,2025-06-25,completed
4254,4254,card,254915,2025-08-03,completed
4255,4255,upi,1314947,2023-08-03,completed
4256,4256,upi,2358423,2026-05-24,completed
4257,4257,upi,1325395,2023-01-23,completed
4258,4258,upi,42985,2026-06-19,completed
4259,4259,cash,782687,2023-04-19,pending
4260,4260,cash,347696,2023-07-28,completed
4261,4261,card,245094,2023-01-03,completed
4262,4262,card,486155,2024-08-13,completed
4263,4263,card,259734,2023-08-09,completed
4264,4264,upi,789149,2023-01-19,completed
4265,4265,card,354429,2025-02-06,return
4266,4266,upi,1217190,2025-01-13,completed
4267,4267,upi,730282,2026-02-11,completed
4268,4268,upi,778725,2024-11-12,pending
4269,4269,card,277348,2026-04-30,failed
4270,4270,cash,1477119,2024-08-11,failed
4271,4271,card,332772,2023-02-11,completed
4272,4272,cash,156158,2025-01-03,completed
4273,4273,card,1886459,2026-07-21,failed
4274,4274,card,501413,2025-05-22,completed
4275,4275,cash,1762519,2023-01-30,pending
4276,4276,cash,62075,2026-02-14,failed
4277,4277,upi,1637362,2026-03-23,pending
4278,4278,card,586085,2026-07-21,completed
4279,4279,card,2520862,2024-03-24,pending
4280,4280,card,516306,2024-01-11,return
4281,4281,upi,160716,2025-01-02,completed
4282,4282,upi,118307,2026-01-22,completed
4283,4283,upi,925010,2024-02-12,completed
4284,4284,upi,400228,2023-01-10,completed
4285,4285,upi,1893650,2024-04-11,completed
4286,4286,upi,248507,2024-12-01,return
4287,4287,card,2514194,2025-10-21,completed
4288,4288,card,72493,2024-06-05,completed
4289,4289,upi,1930300,2025-07-21,completed
4290,4290,card,26373,2023-09-26,completed
4291,4291,cash,1125517,2023-08-24,completed
4292,4292,card,1491561,2024-06-23,failed
4293,4293,upi,725177,2024-06-15,failed
4294,4294,card,475791,2025-04-02,completed
4295,4295,cash,1150672,2023-01-14,completed
4296,4296,upi,133189,2025-12-30,completed
4297,4297,upi,891576,2026-03-10,failed
4298,4298,upi,1257709,2023-03-24,completed
4299,4299,upi,1505265,2023-06-27,completed
4300,4300,upi,154381,2023-03-17,completed
4301,4301,upi,1591152,2025-08-28,completed
4302,4302,upi,383687,2024-11-30,completed
4303,4303,cash,218866,2026-02-04,completed
4304,4304,cash,534001,2025-08-13,completed
4305,4305,cash,278291,2026-07-24,pending
4306,4306,card,883340,2026-06-15,completed
4307,4307,upi,302998,2025-09-13,completed
4308,4308,card,25172,2025-01-31,completed
4309,4309,cash,926197,2026-01-26,completed
4310,4310,card,306790,2024-08-06,failed
4311,4311,cash,1133391,2025-08-12,completed
4312,4312,cash,46032,2023-10-28,completed
4313,4313,upi,371834,2023-11-25,completed
4314,4314,cash,1531453,2024-05-01,completed
4315,4315,cash,1349293,2026-06-22,completed
4316,4316,upi,610433,2024-06-15,failed
4317,4317,upi,32559,2023-06-19,completed
4318,4318,upi,1232094,2024-04-30,completed
4319,4319,card,107988,2025-05-15,completed
4320,4320,card,2038457,2026-06-03,completed
4321,4321,upi,1068955,2024-05-31,completed
4322,4322,card,472248,2026-01-05,completed
4323,4323,cash,51964,2023-01-28,completed
4324,4324,upi,1600836,2023-01-04,completed
4325,4325,upi,1810781,2025-05-03,completed
4326,4326,upi,1263750,2023-09-08,completed
4327,4327,card,1405449,2026-05-14,completed
4328,4328,upi,1741577,2023-10-09,return
4329,4329,card,479095,2024-04-12,completed
4330,4330,cash,768283,2025-06-11,completed
4331,4331,card,959655,2024-03-03,failed
4332,4332,upi,286218,2023-07-17,completed
4333,4333,upi,298136,2023-12-11,return
4334,4334,upi,697445,2025-06-23,completed
4335,4335,upi,632613,2024-10-20,completed
4336,4336,card,389893,2024-11-10,completed
4337,4337,upi,99771,2024-07-15,completed
4338,4338,cash,480668,2023-08-23,failed
4339,4339,upi,906405,2023-07-22,completed
4340,4340,upi,928412,2026-03-16,completed
4341,4341,cash,756384,2024-05-20,completed
4342,4342,upi,192757,2026-06-20,completed
4343,4343,upi,82044,2025-11-03,completed
4344,4344,cash,139479,2023-02-26,completed
4345,4345,upi,133260,2023-05-29,completed
4346,4346,card,2137097,2023-02-02,completed
4347,4347,card,821465,2023-04-22,completed
4348,4348,upi,1716199,2023-10-05,completed
4349,4349,card,502235,2023-03-15,completed
4350,4350,upi,383924,2023-04-08,completed
4351,4351,cash,18765,2023-03-11,completed
4352,4352,cash,1557002,2026-06-09,completed
4353,4353,card,889512,2025-12-19,failed
4354,4354,upi,867611,2024-09-18,failed
4355,4355,cash,1922125,2025-12-30,completed
4356,4356,cash,448400,2026-04-04,completed
4357,4357,card,397785,2026-06-12,completed
4358,4358,upi,1031423,2026-05-25,failed
4359,4359,card,1533910,2026-01-02,completed
4360,4360,card,1160779,2023-11-04,completed
4361,4361,card,13772,2026-02-28,return
4362,4362,upi,655093,2024-09-12,completed
4363,4363,cash,114364,2023-09-15,return
4364,4364,card,555762,2024-05-30,completed
4365,4365,card,345336,2024-01-12,completed
4366,4366,upi,1509379,2026-01-18,completed
4367,4367,cash,184464,2026-03-22,completed
4368,4368,card,1061386,2024-09-20,completed
4369,4369,card,363370,2024-06-03,completed
4370,4370,upi,330545,2025-06-15,completed
4371,4371,card,601621,2023-10-08,failed
4372,4372,upi,774704,2024-05-02,completed
4373,4373,upi,1583518,2026-06-25,completed
4374,4374,upi,222546,2025-11-03,completed
4375,4375,upi,336597,2026-06-28,completed
4376,4376,card,397978,2025-05-27,failed
4377,4377,upi,576332,2024-06-03,completed
4378,4378,card,940331,2024-10-27,pending
4379,4379,cash,10748,2025-06-13,completed
4380,4380,card,1405206,2024-12-10,completed
4381,4381,card,751717,2025-11-15,completed
4382,4382,card,1607236,2023-12-29,completed
4383,4383,upi,1643941,2023-09-15,completed
4384,4384,card,652842,2026-04-23,failed
4385,4385,cash,945750,2025-03-05,completed
4386,4386,upi,1698511,2025-01-20,pending
4387,4387,card,228180,2025-11-29,completed
4388,4388,card,60510,2024-04-25,completed
4389,4389,upi,1336691,2024-06-16,return
4390,4390,cash,1957941,2025-01-08,completed
4391,4391,cash,2373384,2024-03-10,completed
4392,4392,cash,1454702,2024-08-30,completed
4393,4393,cash,515977,2025-02-23,completed
4394,4394,cash,1737699,2024-01-27,completed
4395,4395,cash,1341049,2025-05-15,completed
4396,4396,cash,375543,2024-02-16,completed
4397,4397,card,58486,2026-07-04,failed
4398,4398,cash,418800,2025-07-26,completed
4399,4399,cash,762613,2025-07-02,completed
4400,4400,cash,112892,2023-12-23,completed
4401,4401,cash,150201,2025-10-09,completed
4402,4402,cash,372051,2024-02-17,completed
4403,4403,card,261397,2025-11-15,completed
4404,4404,card,571556,2026-06-16,completed
4405,4405,card,2815199,2025-09-14,completed
4406,4406,card,139669,2024-07-28,completed
4407,4407,upi,242998,2025-05-08,failed
4408,4408,cash,798602,2023-07-09,pending
4409,4409,cash,1070781,2026-01-15,completed
4410,4410,upi,344688,2023-02-25,completed
4411,4411,upi,250864,2025-03-23,completed
4412,4412,upi,287371,2023-08-28,completed
4413,4413,upi,2932131,2025-06-12,completed
4414,4414,upi,1771205,2025-10-08,failed
4415,4415,cash,32628,2025-09-25,return
4416,4416,cash,2065173,2024-10-07,completed
4417,4417,upi,21895,2024-03-19,completed
4418,4418,upi,1766105,2023-03-25,pending
4419,4419,upi,317825,2025-07-14,completed
4420,4420,upi,200552,2023-04-20,return
4421,4421,cash,215062,2025-01-09,completed
4422,4422,upi,725957,2026-02-25,completed
4423,4423,cash,1197733,2024-03-05,completed
4424,4424,cash,60620,2025-12-13,completed
4425,4425,cash,864304,2024-12-31,completed
4426,4426,upi,729211,2023-07-05,completed
4427,4427,card,761148,2023-12-13,completed
4428,4428,cash,823038,2024-01-16,completed
4429,4429,cash,48140,2024-02-19,completed
4430,4430,card,320370,2024-09-15,completed
4431,4431,card,47016,2023-10-11,return
4432,4432,upi,105492,2025-04-10,pending
4433,4433,upi,1378966,2024-03-29,completed
4434,4434,upi,1660935,2024-03-24,completed
4435,4435,upi,125373,2024-01-18,completed
4436,4436,card,1210610,2025-06-12,completed
4437,4437,upi,2080550,2024-09-11,completed
4438,4438,card,776529,2025-09-03,completed
4439,4439,card,799403,2026-02-17,pending
4440,4440,cash,1617821,2024-05-05,completed
4441,4441,upi,34678,2023-08-04,completed
4442,4442,upi,1527415,2025-11-24,failed
4443,4443,upi,589210,2025-03-16,completed
4444,4444,cash,1953003,2023-05-15,completed
4445,4445,upi,392741,2023-11-16,failed
4446,4446,upi,139970,2023-05-25,completed
4447,4447,card,250014,2024-09-27,completed
4448,4448,upi,199949,2026-03-31,completed
4449,4449,card,229695,2024-03-06,completed
4450,4450,upi,967458,2025-06-21,pending
4451,4451,card,1156100,2023-06-14,pending
4452,4452,card,838360,2023-03-09,completed
4453,4453,cash,1389043,2025-10-27,completed
4454,4454,upi,1997383,2023-10-26,completed
4455,4455,cash,507296,2026-04-12,completed
4456,4456,cash,1362296,2026-04-24,failed
4457,4457,card,688965,2023-07-24,failed
4458,4458,card,388137,2023-01-10,pending
4459,4459,upi,1273116,2023-11-12,completed
4460,4460,cash,123543,2025-10-19,completed
4461,4461,upi,1145536,2023-12-04,completed
4462,4462,card,1065389,2023-05-27,pending
4463,4463,upi,589366,2026-03-09,completed
4464,4464,card,2433259,2025-06-28,completed
4465,4465,upi,1102356,2024-12-29,failed
4466,4466,cash,27994,2024-06-06,completed
4467,4467,cash,1308900,2023-02-26,pending
4468,4468,card,867604,2024-07-10,completed
4469,4469,card,221310,2025-07-10,completed
4470,4470,card,177628,2023-03-30,completed
4471,4471,upi,539396,2024-07-27,completed
4472,4472,upi,569863,2024-02-21,completed
4473,4473,upi,144135,2023-05-16,completed
4474,4474,card,1290214,2026-06-20,completed
4475,4475,card,187523,2025-04-21,completed
4476,4476,upi,117166,2024-10-14,return
4477,4477,upi,2044973,2023-06-23,completed
4478,4478,upi,218938,2024-10-25,completed
4479,4479,upi,2250802,2023-08-07,completed
4480,4480,upi,1197280,2025-10-01,completed
4481,4481,card,570658,2023-04-24,completed
4482,4482,upi,242549,2025-10-11,completed
4483,4483,card,980066,2025-12-05,completed
4484,4484,card,390273,2024-10-26,completed
4485,4485,upi,1496739,2024-10-09,completed
4486,4486,upi,355689,2024-11-29,completed
4487,4487,cash,244985,2023-10-19,pending
4488,4488,upi,717825,2024-07-30,completed
4489,4489,upi,702906,2024-11-28,completed
4490,4490,card,1682365,2023-10-26,completed
4491,4491,cash,4967,2023-09-18,completed
4492,4492,card,1098868,2024-12-19,completed
4493,4493,cash,816611,2026-06-30,completed
4494,4494,cash,428187,2025-07-22,completed
4495,4495,upi,1311159,2025-09-30,completed
4496,4496,card,420516,2023-11-19,pending
4497,4497,upi,1317528,2023-10-12,pending
4498,4498,card,384664,2025-12-25,failed
4499,4499,upi,2292745,2023-11-20,completed
4500,4500,cash,1439699,2023-11-24,failed
4501,4501,upi,36868,2025-06-26,return
4502,4502,card,1348753,2023-07-05,completed
4503,4503,card,476642,2025-01-24,completed
4504,4504,card,580575,2025-10-09,completed
4505,4505,upi,437936,2023-11-18,completed
4506,4506,upi,3389530,2025-08-02,completed
4507,4507,card,268892,2025-02-10,completed
4508,4508,upi,340904,2025-10-06,completed
4509,4509,upi,150866,2024-09-23,completed
4510,4510,upi,692568,2024-09-01,completed
4511,4511,upi,700158,2023-02-08,completed
4512,4512,cash,420629,2023-02-23,completed
4513,4513,cash,1951200,2024-09-11,completed
4514,4514,upi,1529129,2025-02-06,completed
4515,4515,upi,1823766,2024-05-03,completed
4516,4516,upi,740098,2025-07-24,return
4517,4517,cash,496138,2026-04-12,completed
4518,4518,cash,394068,2023-01-11,completed
4519,4519,upi,1227849,2024-08-22,completed
4520,4520,upi,568420,2023-12-26,completed
4521,4521,upi,124736,2025-04-10,completed
4522,4522,upi,315036,2024-03-04,completed
4523,4523,cash,3181682,2023-07-31,completed
4524,4524,card,346977,2023-03-01,pending
4525,4525,card,21099,2025-12-04,completed
4526,4526,card,1730617,2023-12-15,completed
4527,4527,upi,339152,2024-12-20,return
4528,4528,card,1438059,2024-05-26,completed
4529,4529,upi,454946,2024-07-28,completed
4530,4530,card,888103,2025-02-17,return
4531,4531,card,1034967,2023-06-08,completed
4532,4532,cash,818286,2025-11-24,completed
4533,4533,card,282409,2025-07-07,completed
4534,4534,upi,80903,2025-09-22,completed
4535,4535,upi,853505,2023-04-15,completed
4536,4536,cash,815766,2023-11-10,completed
4537,4537,upi,912728,2025-04-25,failed
4538,4538,card,229375,2024-06-26,completed
4539,4539,upi,1170476,2025-10-29,completed
4540,4540,card,1142282,2024-10-13,pending
4541,4541,upi,751534,2024-01-24,completed
4542,4542,upi,791297,2026-02-17,return
4543,4543,cash,1434048,2026-07-14,completed
4544,4544,upi,66561,2024-02-24,completed
4545,4545,cash,1137142,2025-12-13,completed
4546,4546,upi,530277,2023-08-23,completed
4547,4547,upi,70835,2025-06-23,failed
4548,4548,upi,958790,2025-02-16,return
4549,4549,card,278504,2023-01-27,completed
4550,4550,upi,496547,2023-05-10,completed
4551,4551,upi,534711,2023-09-08,completed
4552,4552,card,271325,2024-10-10,completed
4553,4553,upi,217334,2025-02-17,return
4554,4554,upi,1020085,2025-11-26,completed
4555,4555,upi,204421,2026-03-05,completed
4556,4556,cash,531912,2025-12-13,completed
4557,4557,card,415716,2025-03-15,completed
4558,4558,card,924001,2026-02-28,completed
4559,4559,upi,442114,2026-01-17,completed
4560,4560,cash,1832543,2026-03-21,completed
4561,4561,cash,2444425,2026-04-10,completed
4562,4562,upi,1879702,2025-01-12,failed
4563,4563,card,402459,2024-04-20,completed
4564,4564,cash,165805,2024-06-15,completed
4565,4565,upi,1610055,2023-09-04,completed
4566,4566,upi,129269,2025-05-22,completed
4567,4567,card,261925,2025-02-10,completed
4568,4568,card,512366,2023-09-03,completed
4569,4569,cash,569943,2024-10-16,pending
4570,4570,card,205730,2023-06-03,completed
4571,4571,upi,728711,2024-07-23,completed
4572,4572,card,1752013,2026-03-31,completed
4573,4573,upi,4644,2023-05-22,completed
4574,4574,cash,357888,2023-03-31,completed
4575,4575,card,466035,2024-10-13,completed
4576,4576,upi,162812,2024-12-31,completed
4577,4577,upi,391746,2025-02-13,completed
4578,4578,upi,1518490,2025-01-07,completed
4579,4579,cash,1416431,2023-09-23,completed
4580,4580,upi,1704859,2025-06-03,completed
4581,4581,card,678374,2025-11-20,completed
4582,4582,cash,520066,2023-06-27,completed
4583,4583,upi,724635,2025-07-18,completed
4584,4584,card,551289,2023-01-25,pending
4585,4585,upi,261023,2024-06-19,completed
4586,4586,upi,975190,2024-04-03,return
4587,4587,upi,688366,2023-09-29,failed
4588,4588,upi,744680,2023-03-20,pending
4589,4589,upi,628061,2025-08-24,return
4590,4590,cash,556836,2024-05-14,completed
4591,4591,upi,563208,2023-08-26,completed
4592,4592,card,1045141,2023-12-25,failed
4593,4593,upi,967776,2023-07-31,completed
4594,4594,card,881603,2023-12-26,failed
4595,4595,card,330383,2025-03-07,pending
4596,4596,cash,585729,2025-09-26,completed
4597,4597,cash,229712,2024-09-24,completed
4598,4598,card,95722,2026-07-16,completed
4599,4599,cash,213602,2024-08-28,completed
4600,4600,upi,165295,2025-12-08,completed
4601,4601,upi,527868,2023-09-23,completed
4602,4602,cash,1144449,2026-03-04,pending
4603,4603,card,511141,2025-12-10,completed
4604,4604,upi,1535046,2026-07-25,completed
4605,4605,cash,1701163,2023-09-19,completed
4606,4606,upi,1308831,2023-06-15,failed
4607,4607,card,1045340,2023-11-07,completed
4608,4608,card,846491,2024-06-08,completed
4609,4609,upi,635069,2023-01-19,completed
4610,4610,card,384936,2025-11-15,completed
4611,4611,upi,488957,2026-07-16,completed
4612,4612,card,2827165,2025-10-27,completed
4613,4613,upi,862854,2026-07-12,failed
4614,4614,card,2908485,2024-12-29,failed
4615,4615,card,1221402,2024-06-09,completed
4616,4616,cash,1437028,2025-03-10,completed
4617,4617,card,46845,2024-09-19,failed
4618,4618,upi,804774,2023-11-02,failed
4619,4619,upi,804680,2023-08-30,completed
4620,4620,upi,501241,2024-06-14,pending
4621,4621,card,364091,2024-06-28,failed
4622,4622,card,412848,2024-07-07,completed
4623,4623,card,287166,2024-12-17,completed
4624,4624,upi,74540,2023-11-24,completed
4625,4625,upi,81186,2024-03-30,completed
4626,4626,upi,1184145,2025-03-29,completed
4627,4627,card,84848,2026-02-03,failed
4628,4628,upi,875686,2026-03-28,completed
4629,4629,card,722996,2024-03-25,completed
4630,4630,upi,84240,2026-03-09,completed
4631,4631,cash,753792,2025-01-09,completed
4632,4632,upi,78670,2026-03-31,completed
4633,4633,upi,1528500,2024-09-28,completed
4634,4634,upi,1609968,2026-04-16,pending
4635,4635,upi,445722,2025-11-08,completed
4636,4636,upi,519201,2024-08-27,completed
4637,4637,card,543591,2023-04-18,completed
4638,4638,upi,788968,2024-01-12,completed
4639,4639,upi,1403884,2023-07-31,pending
4640,4640,card,941675,2026-06-25,completed
4641,4641,upi,1220985,2025-11-14,completed
4642,4642,card,2594435,2023-03-19,completed
4643,4643,upi,1118435,2024-09-25,completed
4644,4644,cash,375480,2025-05-03,completed
4645,4645,upi,883340,2025-01-20,completed
4646,4646,upi,1090977,2024-02-20,failed
4647,4647,upi,141426,2023-10-09,completed
4648,4648,cash,1405360,2026-05-12,completed
4649,4649,upi,80061,2023-11-11,completed
4650,4650,upi,1214386,2024-11-10,completed
4651,4651,cash,1657884,2025-01-18,completed
4652,4652,cash,188626,2023-10-17,completed
4653,4653,card,330558,2025-11-13,completed
4654,4654,card,1348413,2023-02-05,completed
4655,4655,cash,301785,2026-03-25,completed
4656,4656,cash,46969,2026-07-18,completed
4657,4657,upi,1229411,2026-07-26,completed
4658,4658,cash,641797,2024-03-16,completed
4659,4659,upi,133896,2026-06-27,completed
4660,4660,cash,109042,2024-07-11,completed
4661,4661,card,4202,2026-02-16,completed
4662,4662,cash,182022,2024-02-15,completed
4663,4663,upi,590104,2025-01-30,completed
4664,4664,card,2667281,2024-12-24,completed
4665,4665,upi,505671,2024-09-12,completed
4666,4666,cash,1603261,2025-02-03,completed
4667,4667,cash,510735,2025-10-30,completed
4668,4668,upi,1247121,2024-11-29,pending
4669,4669,card,812792,2024-07-19,completed
4670,4670,cash,222233,2026-03-30,completed
4671,4671,upi,3035991,2023-06-13,completed
4672,4672,upi,2291946,2025-10-02,completed
4673,4673,upi,573682,2024-04-05,completed
4674,4674,upi,1014392,2026-06-27,completed
4675,4675,card,1566855,2025-02-03,completed
4676,4676,cash,118618,2025-04-11,completed
4677,4677,card,1021600,2023-07-08,completed
4678,4678,card,1530055,2023-03-30,pending
4679,4679,card,508411,2023-09-11,pending
4680,4680,card,804778,2025-05-14,completed
4681,4681,upi,1131357,2024-06-13,return
4682,4682,upi,1400534,2026-01-18,completed
4683,4683,upi,23243,2024-08-15,completed
4684,4684,cash,995388,2025-06-11,failed
4685,4685,cash,735651,2023-03-14,failed
4686,4686,cash,806647,2023-01-31,completed
4687,4687,card,1282064,2024-02-21,completed
4688,4688,card,544047,2024-12-25,completed
4689,4689,card,844031,2024-08-15,completed
4690,4690,card,1210407,2024-11-30,completed
4691,4691,cash,169168,2024-01-10,completed
4692,4692,card,466369,2023-10-29,completed
4693,4693,upi,588923,2023-11-05,completed
4694,4694,card,319330,2025-05-23,completed
4695,4695,upi,839032,2025-04-16,completed
4696,4696,upi,457805,2025-12-16,completed
4697,4697,upi,1455205,2024-08-09,completed
4698,4698,cash,267760,2026-01-17,completed
4699,4699,cash,114633,2025-12-02,completed
4700,4700,card,363204,2024-06-28,completed
4701,4701,card,131221,2023-06-19,completed
4702,4702,card,1437611,2024-01-25,completed
4703,4703,card,2009589,2023-05-24,completed
4704,4704,upi,1266916,2024-04-13,completed
4705,4705,upi,143332,2024-02-26,pending
4706,4706,cash,140935,2024-09-23,completed
4707,4707,card,570322,2026-07-19,completed
4708,4708,upi,561719,2025-04-17,completed
4709,4709,upi,1174484,2024-09-09,completed
4710,4710,cash,113926,2024-01-06,completed
4711,4711,cash,1420329,2024-05-12,completed
4712,4712,upi,1666562,2024-06-18,completed
4713,4713,card,536087,2023-07-31,completed
4714,4714,cash,418974,2023-09-24,completed
4715,4715,card,1034530,2025-11-23,failed
4716,4716,card,904281,2023-06-26,completed
4717,4717,card,594011,2023-01-03,completed
4718,4718,card,28516,2023-02-08,completed
4719,4719,card,722918,2026-03-02,completed
4720,4720,card,1017858,2026-05-23,pending
4721,4721,upi,212023,2026-05-19,completed
4722,4722,card,844802,2026-01-29,completed
4723,4723,cash,2013407,2023-12-08,pending
4724,4724,upi,739011,2025-07-14,completed
4725,4725,cash,1571483,2024-08-21,return
4726,4726,upi,532775,2025-06-20,completed
4727,4727,upi,817009,2026-05-06,completed
4728,4728,upi,735986,2024-08-30,completed
4729,4729,cash,208705,2024-09-08,failed
4730,4730,upi,1362354,2023-08-30,completed
4731,4731,upi,704762,2025-07-17,completed
4732,4732,upi,483502,2023-02-14,completed
4733,4733,card,2481020,2024-10-31,completed
4734,4734,cash,1761878,2023-06-26,completed
4735,4735,upi,1189913,2024-03-02,failed
4736,4736,upi,674815,2024-08-21,failed
4737,4737,upi,1251139,2024-09-05,completed
4738,4738,cash,1705375,2025-07-19,pending
4739,4739,upi,1184759,2023-06-24,completed
4740,4740,cash,1888525,2023-05-16,completed
4741,4741,cash,864297,2026-02-22,completed
4742,4742,upi,547174,2026-04-23,failed
4743,4743,upi,42568,2024-06-21,completed
4744,4744,card,247252,2026-03-20,completed
4745,4745,card,13686,2023-02-08,pending
4746,4746,cash,166580,2023-07-02,pending
4747,4747,cash,210325,2023-05-17,completed
4748,4748,card,216067,2023-10-04,completed
4749,4749,upi,199162,2025-03-03,completed
4750,4750,upi,2265165,2025-01-04,completed
4751,4751,cash,665610,2025-09-11,pending
4752,4752,upi,247430,2025-07-18,completed
4753,4753,upi,256886,2024-12-09,pending
4754,4754,upi,1691975,2023-04-23,completed
4755,4755,upi,94118,2023-06-30,completed
4756,4756,upi,361025,2023-06-24,completed
4757,4757,card,1246742,2025-03-04,completed
4758,4758,upi,146407,2024-01-05,completed
4759,4759,upi,4967,2023-04-23,completed
4760,4760,cash,1426008,2025-05-22,return
4761,4761,card,1349222,2024-07-17,completed
4762,4762,card,769999,2024-04-08,completed
4763,4763,card,201316,2024-02-11,completed
4764,4764,cash,971041,2023-01-21,completed
4765,4765,cash,1233194,2023-09-28,completed
4766,4766,upi,85275,2024-07-22,completed
4767,4767,cash,403100,2026-05-25,completed
4768,4768,cash,1764136,2023-03-11,completed
4769,4769,upi,193899,2024-10-19,completed
4770,4770,upi,1085127,2024-07-31,failed
4771,4771,cash,814330,2026-01-31,completed
4772,4772,upi,819052,2023-03-06,completed
4773,4773,cash,1074140,2026-04-08,completed
4774,4774,card,269303,2024-03-15,completed
4775,4775,card,349723,2024-12-03,pending
4776,4776,upi,539303,2024-08-01,completed
4777,4777,upi,33265,2024-04-05,completed
4778,4778,upi,939081,2024-12-06,completed
4779,4779,upi,295311,2026-06-18,pending
4780,4780,card,50187,2024-04-29,failed
4781,4781,upi,36844,2025-08-08,completed
4782,4782,upi,1612565,2025-11-29,completed
4783,4783,card,429498,2023-10-24,pending
4784,4784,upi,395722,2023-09-30,completed
4785,4785,card,1082037,2024-09-10,completed
4786,4786,card,282106,2023-02-19,pending
4787,4787,card,1468793,2024-07-29,completed
4788,4788,card,708123,2024-10-01,completed
4789,4789,upi,430306,2024-12-15,completed
4790,4790,card,545394,2023-05-26,completed
4791,4791,card,1384883,2023-03-03,completed
4792,4792,upi,37758,2025-07-24,completed
4793,4793,card,149662,2025-02-11,completed
4794,4794,upi,1191907,2024-12-31,completed
4795,4795,card,1402006,2023-01-16,pending
4796,4796,upi,92452,2023-11-17,completed
4797,4797,upi,330338,2026-05-22,completed
4798,4798,upi,76284,2025-01-29,completed
4799,4799,upi,54618,2024-10-27,completed
4800,4800,upi,372840,2024-04-18,completed
4801,4801,upi,1514566,2026-07-22,completed
4802,4802,upi,743322,2023-10-31,completed
4803,4803,upi,271328,2024-03-19,failed
4804,4804,cash,2710745,2023-07-16,completed
4805,4805,upi,136312,2024-05-27,completed
4806,4806,card,1292803,2026-02-01,completed
4807,4807,card,113563,2025-03-27,completed
4808,4808,cash,188141,2025-12-26,completed
4809,4809,cash,2251507,2024-06-19,completed
4810,4810,card,111648,2026-06-11,failed
4811,4811,cash,1350671,2025-09-22,pending
4812,4812,upi,1294926,2026-02-23,failed
4813,4813,upi,645582,2023-12-28,completed
4814,4814,cash,997993,2023-01-15,completed
4815,4815,card,1783040,2023-06-23,pending
4816,4816,upi,912519,2025-11-12,failed
4817,4817,card,276444,2024-09-13,completed
4818,4818,upi,578669,2024-02-18,completed
4819,4819,cash,250862,2024-08-21,failed
4820,4820,cash,133028,2023-05-21,completed
4821,4821,upi,87302,2023-02-13,completed
4822,4822,upi,517183,2023-09-06,completed
4823,4823,card,458304,2025-08-25,completed
4824,4824,card,1332695,2025-09-20,completed
4825,4825,upi,1148250,2025-09-26,completed
4826,4826,upi,114830,2025-01-30,completed
4827,4827,upi,628775,2025-12-19,completed
4828,4828,upi,145368,2023-10-13,completed
4829,4829,card,419690,2024-10-07,completed
4830,4830,upi,998951,2024-05-26,return
4831,4831,cash,722046,2024-11-22,completed
4832,4832,upi,742539,2023-06-07,completed
4833,4833,cash,201861,2025-09-19,failed
4834,4834,card,1094162,2023-10-02,pending
4835,4835,cash,291830,2023-09-27,completed
4836,4836,upi,310310,2024-09-30,completed
4837,4837,upi,17698,2025-02-23,completed
4838,4838,upi,1919935,2025-03-06,completed
4839,4839,upi,1316418,2026-05-20,failed
4840,4840,upi,965309,2025-07-02,completed
4841,4841,cash,807300,2026-06-20,completed
4842,4842,upi,656494,2023-01-06,return
4843,4843,upi,432724,2026-05-20,completed
4844,4844,card,310343,2023-12-11,completed
4845,4845,upi,901833,2023-04-12,completed
4846,4846,cash,972566,2024-07-13,completed
4847,4847,upi,2883270,2025-08-30,completed
4848,4848,cash,1907883,2025-05-20,completed
4849,4849,upi,278504,2025-05-28,completed
4850,4850,upi,73175,2024-04-26,return
4851,4851,cash,76622,2026-06-23,pending
4852,4852,cash,178715,2023-05-12,completed
4853,4853,upi,1349581,2024-03-18,completed
4854,4854,upi,612920,2024-02-21,failed
4855,4855,card,1130715,2024-09-22,completed
4856,4856,cash,203745,2023-03-26,completed
4857,4857,cash,495572,2024-09-07,completed
4858,4858,upi,186420,2023-04-01,failed
4859,4859,card,1205905,2024-02-28,completed
4860,4860,upi,597250,2024-05-13,completed
4861,4861,upi,381035,2025-04-18,completed
4862,4862,cash,259320,2023-07-20,failed
4863,4863,upi,224104,2025-01-26,completed
4864,4864,cash,267471,2023-07-25,completed
4865,4865,cash,24982,2025-10-10,completed
4866,4866,upi,1146113,2024-03-26,completed
4867,4867,cash,1485291,2024-05-07,completed
4868,4868,upi,418094,2024-11-18,failed
4869,4869,upi,1002279,2023-04-19,completed
4870,4870,card,746303,2025-08-31,completed
4871,4871,upi,725352,2026-01-07,completed
4872,4872,cash,346826,2025-03-06,completed
4873,4873,cash,773045,2024-11-25,completed
4874,4874,card,868712,2024-06-06,completed
4875,4875,cash,218937,2024-04-23,completed
4876,4876,card,699698,2025-07-08,failed
4877,4877,upi,174010,2023-07-29,completed
4878,4878,upi,1139326,2024-12-16,failed
4879,4879,upi,1328015,2023-07-29,completed
4880,4880,card,498104,2026-06-10,completed
4881,4881,upi,93175,2023-10-01,completed
4882,4882,card,931355,2024-03-14,completed
4883,4883,upi,1044273,2023-08-24,completed
4884,4884,cash,191280,2025-02-03,pending
4885,4885,cash,58016,2024-01-04,completed
4886,4886,card,871296,2023-06-27,completed
4887,4887,cash,56108,2026-06-20,completed
4888,4888,upi,43832,2023-09-16,completed
4889,4889,card,632568,2023-06-11,completed
4890,4890,upi,219596,2025-11-05,pending
4891,4891,card,1097816,2025-06-01,completed
4892,4892,cash,1361014,2025-02-18,failed
4893,4893,card,4277622,2025-08-05,pending
4894,4894,cash,161481,2023-05-22,completed
4895,4895,cash,71484,2025-07-22,pending
4896,4896,upi,545390,2023-08-03,failed
4897,4897,cash,191857,2023-07-30,completed
4898,4898,upi,1482349,2024-07-23,return
4899,4899,card,727672,2024-06-27,completed
4900,4900,upi,1359019,2024-12-02,completed
4901,4901,upi,1542228,2026-05-29,completed
4902,4902,upi,288702,2024-07-17,completed
4903,4903,card,136214,2023-04-30,completed
4904,4904,card,247362,2023-01-14,completed
4905,4905,cash,65380,2023-06-01,completed
4906,4906,card,971965,2024-10-03,completed
4907,4907,card,1399487,2025-06-19,completed
4908,4908,cash,1025326,2023-08-30,failed
4909,4909,upi,961850,2023-01-03,completed
4910,4910,cash,791814,2023-12-27,failed
4911,4911,cash,788900,2025-12-16,pending
4912,4912,cash,169750,2025-10-18,return
4913,4913,upi,105835,2025-08-31,completed
4914,4914,upi,195035,2026-04-14,return
4915,4915,upi,388144,2024-06-05,completed
4916,4916,cash,84044,2026-05-10,completed
4917,4917,upi,717320,2025-01-24,completed
4918,4918,cash,312617,2023-10-03,completed
4919,4919,upi,677593,2023-03-18,completed
4920,4920,upi,177573,2025-09-01,completed
4921,4921,upi,4135840,2025-06-07,completed
4922,4922,cash,208496,2025-11-22,completed
4923,4923,card,82820,2023-04-22,completed
4924,4924,upi,1078759,2026-01-18,completed
4925,4925,card,157480,2026-04-12,completed
4926,4926,card,304725,2026-01-06,pending
4927,4927,cash,283565,2025-01-22,pending
4928,4928,upi,213841,2024-01-12,completed
4929,4929,upi,905240,2026-03-20,completed
4930,4930,card,193537,2026-01-29,pending
4931,4931,upi,581375,2023-12-29,completed
4932,4932,cash,370150,2023-10-02,pending
4933,4933,card,96598,2024-12-23,completed
4934,4934,card,1812366,2023-06-09,completed
4935,4935,card,1483540,2025-04-15,completed
4936,4936,card,1411026,2026-02-18,pending
4937,4937,cash,24365,2026-05-08,completed
4938,4938,upi,356886,2025-08-21,completed
4939,4939,upi,2272435,2026-04-19,completed
4940,4940,cash,876215,2023-11-06,completed
4941,4941,upi,195984,2024-07-15,return
4942,4942,upi,1413478,2023-07-22,completed
4943,4943,cash,355708,2026-02-03,return
4944,4944,card,674931,2024-01-23,return
4945,4945,upi,364613,2024-12-15,completed
4946,4946,card,27860,2024-04-14,completed
4947,4947,upi,1173740,2026-07-07,failed
4948,4948,card,1733750,2024-08-22,completed
4949,4949,card,255229,2024-07-19,completed
4950,4950,upi,445290,2024-02-07,completed
4951,4951,cash,1440729,2026-02-27,completed
4952,4952,upi,98904,2024-11-29,completed
4953,4953,card,1303604,2024-01-17,failed
4954,4954,card,916713,2025-05-23,return
4955,4955,upi,287812,2026-05-29,pending
4956,4956,upi,227614,2024-09-02,pending
4957,4957,card,803010,2023-11-05,completed
4958,4958,upi,133521,2026-01-12,pending
4959,4959,card,343628,2024-06-15,completed
4960,4960,card,1375542,2025-12-20,completed
4961,4961,cash,55959,2026-01-09,completed
4962,4962,card,993342,2026-01-26,completed
4963,4963,cash,285384,2024-08-12,pending
4964,4964,cash,961172,2024-11-02,completed
4965,4965,upi,2085788,2025-08-06,completed
4966,4966,card,594322,2024-12-27,completed
4967,4967,card,67074,2024-12-08,failed
4968,4968,card,1231456,2025-05-18,completed
4969,4969,upi,667079,2023-07-05,failed
4970,4970,card,1413616,2023-01-16,completed
4971,4971,card,1880093,2025-01-25,completed
4972,4972,card,388224,2026-04-03,pending
4973,4973,upi,678344,2024-04-29,completed
4974,4974,card,615254,2023-11-01,pending
4975,4975,upi,1545202,2025-09-20,completed
4976,4976,upi,177758,2024-03-21,completed
4977,4977,cash,2102868,2024-06-15,completed
4978,4978,card,1074531,2025-03-19,completed
4979,4979,upi,361437,2023-09-25,completed
4980,4980,upi,1824255,2025-11-01,completed
4981,4981,card,95856,2026-07-22,failed
4982,4982,card,1879811,2026-01-08,completed
4983,4983,upi,1233343,2025-11-13,completed
4984,4984,cash,813433,2024-03-03,completed
4985,4985,upi,398934,2024-06-09,completed
4986,4986,cash,2117635,2025-09-13,completed
4987,4987,cash,1556351,2023-03-08,failed
4988,4988,upi,881179,2024-06-13,failed
4989,4989,upi,357084,2023-10-28,completed
4990,4990,cash,714168,2024-09-18,completed
4991,4991,upi,231425,2024-10-01,failed
4992,4992,card,2674725,2025-09-16,completed
4993,4993,card,1000223,2026-01-17,return
4994,4994,card,1188768,2024-05-27,completed
4995,4995,upi,104248,2026-01-07,pending
4996,4996,upi,710392,2024-12-16,completed
4997,4997,upi,6467,2024-06-15,completed
4998,4998,card,125340,2025-06-12,completed
4999,4999,upi,1605100,2026-07-20,completed
5000,5000,card,1589240,2023-03-05,pending
