store_id,product_id,quantity
1,1,473
1,2,49
1,3,212
1,4,200
1,5,173
1,6,608
1,7,985
1,8,712
1,9,218
1,10,154
1,11,31
1,12,764
1,13,699
1,14,492
1,15,831
1,16,989
1,17,211
1,18,958
1,19,163
1,20,801
1,21,893
1,22,804
1,23,422
1,24,690
1,25,722
1,26,17
1,27,736
1,28,33
1,29,598
1,30,688
1,31,559
1,32,11
1,33,32
1,34,37
1,35,64
1,36,24
1,37,974
1,38,331
1,39,11
1,40,35
1,41,357
1,42,59
1,43,607
1,44,279
1,45,626
1,46,173
1,47,353
1,48,33
1,49,315
1,50,927
1,51,513
1,52,33
1,53,963
1,54,780
1,55,511
1,56,230
1,57,269
1,58,894
1,59,988
1,60,48
1,61,33
1,62,672
1,63,392
1,64,399
1,65,572
1,66,788
1,67,188
1,68,852
1,69,866
1,70,999
1,71,963
1,72,306
1,73,70
1,74,965
1,75,22
1,76,576
1,77,922
1,78,863
1,79,763
1,80,160
1,81,947
1,82,59
1,83,136
1,84,745
1,85,19
1,86,766
1,87,517
1,88,390
1,89,39
1,90,222
1,91,420
1,92,418
1,93,841
1,94,33
1,95,898
1,96,26
1,97,354
1,98,366
1,99,30
1,100,35
1,101,237
1,102,958
1,103,12
1,104,10
1,105,735
1,106,18
1,107,965
1,108,672
1,109,489
1,110,325
1,111,12
1,112,313
1,113,645
1,114,620
1,115,23
1,116,540
1,117,23
1,118,695
1,119,828
1,120,597
1,121,560
1,122,836
1,123,889
1,124,508
1,125,20
1,126,572
1,127,342
1,128,466
1,129,170
1,130,37
1,131,107
1,132,612
1,133,44
1,134,736
1,135,201
1,136,17
1,137,566
1,138,220
1,139,42
1,140,497
1,141,821
1,142,623
1,143,646
1,144,997
1,145,350
1,146,660
1,147,998
1,148,620
1,149,485
1,150,510
1,151,588
1,152,409
1,153,916
1,154,406
1,155,905
1,156,23
1,157,24
1,158,762
1,159,221
1,160,996
1,161,72
1,162,509
1,163,84
1,164,48
1,165,945
1,166,792
1,167,48
1,168,650
1,169,18
1,170,553
1,171,636
1,172,81
1,173,603
1,174,571
1,175,806
1,176,842
1,177,504
1,178,560
1,179,672
1,180,843
1,181,459
1,182,770
1,183,469
1,184,706
1,185,917
1,186,29
1,187,710
1,188,509
1,189,633
1,190,230
1,191,645
1,192,67
1,193,462
1,194,45
1,195,498
1,196,140
1,197,125
1,198,231
1,199,10
1,200,420
1,201,536
1,202,744
1,203,904
1,204,521
1,205,985
1,206,589
1,207,28
1,208,671
1,209,47
1,210,975
1,211,530
1,212,27
1,213,394
1,214,32
1,215,30
1,216,300
1,217,806
1,218,817
1,219,33
1,220,489
1,221,221
1,222,36
1,223,776
1,224,214
1,225,234
1,226,27
1,227,37
1,228,240
1,229,26
1,230,225
1,231,32
1,232,773
1,233,38
1,234,577
1,235,560
1,236,624
1,237,153
1,238,44
1,239,758
1,240,539
1,241,796
1,242,48
1,243,872
1,244,717
1,245,652
1,246,782
1,247,444
1,248,780
1,249,686
1,250,402
1,251,533
1,252,340
1,253,583
1,254,496
1,255,749
1,256,74
1,257,113
1,258,438
1,259,769
1,260,107
1,261,372
1,262,717
1,263,934
1,264,650
1,265,838
1,266,670
1,267,220
1,268,44
1,269,520
1,270,603
1,271,600
1,272,231
1,273,521
1,274,620
1,275,677
1,276,718
1,277,789
1,278,653
1,279,717
1,280,940
1,281,114
1,282,858
1,283,40
1,284,794
1,285,531
1,286,234
1,287,617
1,288,711
1,289,42
1,290,815
1,291,13
1,292,899
1,293,225
1,294,379
1,295,715
1,296,958
1,297,195
1,298,653
1,299,790
1,300,609
1,301,127
1,302,141
1,303,893
1,304,907
1,305,993
1,306,40
1,307,441
1,308,987
1,309,35
1,310,444
1,311,899
1,312,49
1,313,909
1,314,722
1,315,509
1,316,464
1,317,422
1,318,543
1,319,114
1,320,607
1,321,514
1,322,45
1,323,49
1,324,323
1,325,242
1,326,88
1,327,435
1,328,455
1,329,600
1,330,823
1,331,351
1,332,905
1,333,685
1,334,98
1,335,750
1,336,701
1,337,208
1,338,76
1,339,980
1,340,680
1,341,765
1,342,47
1,343,447
1,344,26
1,345,740
1,346,10
1,347,777
1,348,899
1,349,34
1,350,624
1,351,33
1,352,13
1,353,954
1,354,647
1,355,169
1,356,824
1,357,338
1,358,963
1,359,634
1,360,23
1,361,366
1,362,524
1,363,227
1,364,716
1,365,819
1,366,691
1,367,681
1,368,447
1,369,207
1,370,821
1,371,479
1,372,505
1,373,508
1,374,241
1,375,544
1,376,598
1,377,170
1,378,767
1,379,675
1,380,542
1,381,33
1,382,927
1,383,386
1,384,916
1,385,17
1,386,47
1,387,189
1,388,676
1,389,517
1,390,19
1,391,740
1,392,720
1,393,260
1,394,189
1,395,823
1,396,37
1,397,715
1,398,24
1,399,195
1,400,328
1,401,968
1,402,16
1,403,774
1,404,19
1,405,753
1,406,116
1,407,273
1,408,261
1,409,968
1,410,38
1,411,649
1,412,353
1,413,990
1,414,48
1,415,526
1,416,603
1,417,728
1,418,802
1,419,311
1,420,772
1,421,28
1,422,824
1,423,531
1,424,248
1,425,584
1,426,674
1,427,33
1,428,114
1,429,853
1,430,641
1,431,558
1,432,302
1,433,938
1,434,38
1,435,925
1,436,623
1,437,931
1,438,80
1,439,279
1,440,829
1,441,836
1,442,708
1,443,695
1,444,908
1,445,520
1,446,572
1,447,24
1,448,933
1,449,27
1,450,26
1,451,836
1,452,291
1,453,733
1,454,735
1,455,989
1,456,517
1,457,496
1,458,320
1,459,189
1,460,150
1,461,992
1,462,819
1,463,460
1,464,944
1,465,967
1,466,41
1,467,642
1,468,33
1,469,797
1,470,444
1,471,393
1,472,242
1,473,246
1,474,317
1,475,230
1,476,689
1,477,261
1,478,824
1,479,545
1,480,771
1,481,36
1,482,33
1,483,115
1,484,10
1,485,853
1,486,108
1,487,835
1,488,693
1,489,16
1,490,855
1,491,646
1,492,797
1,493,35
1,494,470
1,495,22
1,496,477
1,497,29
1,498,453
1,499,260
1,500,499
2,1,796
2,2,101
2,3,44
2,4,774
2,5,479
2,6,943
2,7,741
2,8,283
2,9,38
2,10,255
2,11,41
2,12,40
2,13,438
2,14,102
2,15,49
2,16,964
2,17,145
2,18,496
2,19,653
2,20,36
2,21,27
2,22,549
2,23,655
2,24,370
2,25,990
2,26,50
2,27,683
2,28,834
2,29,656
2,30,151
2,31,532
2,32,24
2,33,269
2,34,24
2,35,10
2,36,225
2,37,369
2,38,976
2,39,792
2,40,714
2,41,187
2,42,43
2,43,848
2,44,11
2,45,38
2,46,19
2,47,39
2,48,112
2,49,478
2,50,751
2,51,864
2,52,621
2,53,334
2,54,602
2,55,770
2,56,721
2,57,872
2,58,528
2,59,439
2,60,237
2,61,905
2,62,30
2,63,272
2,64,37
2,65,882
2,66,772
2,67,343
2,68,505
2,69,972
2,70,782
2,71,561
2,72,517
2,73,281
2,74,891
2,75,550
2,76,820
2,77,298
2,78,588
2,79,11
2,80,522
2,81,10
2,82,734
2,83,963
2,84,863
2,85,430
2,86,481
2,87,12
2,88,47
2,89,695
2,90,258
2,91,672
2,92,35
2,93,626
2,94,41
2,95,891
2,96,121
2,97,44
2,98,90
2,99,587
2,100,147
2,101,822
2,102,659
2,103,895
2,104,255
2,105,161
2,106,90
2,107,22
2,108,20
2,109,562
2,110,857
2,111,294
2,112,514
2,113,42
2,114,446
2,115,768
2,116,371
2,117,338
2,118,560
2,119,800
2,120,116
2,121,280
2,122,21
2,123,797
2,124,955
2,125,69
2,126,240
2,127,178
2,128,51
2,129,512
2,130,777
2,131,675
2,132,861
2,133,396
2,134,971
2,135,420
2,136,44
2,137,38
2,138,903
2,139,22
2,140,29
2,141,75
2,142,21
2,143,621
2,144,608
2,145,916
2,146,880
2,147,18
2,148,199
2,149,612
2,150,376
2,151,397
2,152,789
2,153,287
2,154,227
2,155,908
2,156,823
2,157,737
2,158,945
2,159,480
2,160,901
2,161,395
2,162,853
2,163,82
2,164,271
2,165,803
2,166,381
2,167,15
2,168,400
2,169,37
2,170,11
2,171,212
2,172,953
2,173,513
2,174,642
2,175,738
2,176,758
2,177,42
2,178,674
2,179,923
2,180,25
2,181,20
2,182,937
2,183,33
2,184,337
2,185,783
2,186,43
2,187,370
2,188,945
2,189,390
2,190,559
2,191,794
2,192,269
2,193,960
2,194,17
2,195,774
2,196,157
2,197,786
2,198,565
2,199,318
2,200,968
2,201,49
2,202,350
2,203,719
2,204,897
2,205,854
2,206,581
2,207,17
2,208,592
2,209,176
2,210,656
2,211,349
2,212,446
2,213,600
2,214,742
2,215,138
2,216,614
2,217,158
2,218,86
2,219,901
2,220,825
2,221,146
2,222,894
2,223,967
2,224,623
2,225,758
2,226,48
2,227,376
2,228,868
2,229,739
2,230,51
2,231,973
2,232,943
2,233,631
2,234,239
2,235,37
2,236,633
2,237,414
2,238,557
2,239,750
2,240,354
2,241,831
2,242,515
2,243,304
2,244,528
2,245,674
2,246,23
2,247,111
2,248,517
2,249,512
2,250,648
2,251,653
2,252,597
2,253,779
2,254,530
2,255,41
2,256,515
2,257,98
2,258,514
2,259,349
2,260,623
2,261,153
2,262,503
2,263,40
2,264,748
2,265,509
2,266,999
2,267,107
2,268,400
2,269,10
2,270,934
2,271,403
2,272,194
2,273,613
2,274,639
2,275,688
2,276,397
2,277,625
2,278,751
2,279,24
2,280,44
2,281,22
2,282,383
2,283,550
2,284,20
2,285,927
2,286,745
2,287,841
2,288,891
2,289,435
2,290,167
2,291,344
2,292,39
2,293,901
2,294,776
2,295,902
2,296,801
2,297,41
2,298,738
2,299,627
2,300,889
2,301,466
2,302,632
2,303,689
2,304,850
2,305,518
2,306,15
2,307,746
2,308,529
2,309,855
2,310,676
2,311,31
2,312,274
2,313,606
2,314,109
2,315,792
2,316,473
2,317,67
2,318,34
2,319,633
2,320,763
2,321,163
2,322,969
2,323,363
2,324,211
2,325,41
2,326,741
2,327,214
2,328,874
2,329,733
2,330,370
2,331,13
2,332,854
2,333,528
2,334,442
2,335,43
2,336,982
2,337,260
2,338,39
2,339,521
2,340,595
2,341,321
2,342,726
2,343,25
2,344,621
2,345,46
2,346,612
2,347,83
2,348,576
2,349,281
2,350,146
2,351,378
2,352,377
2,353,526
2,354,589
2,355,361
2,356,549
2,357,557
2,358,658
2,359,848
2,360,591
2,361,19
2,362,25
2,363,239
2,364,668
2,365,415
2,366,47
2,367,956
2,368,14
2,369,679
2,370,669
2,371,386
2,372,835
2,373,709
2,374,665
2,375,17
2,376,42
2,377,310
2,378,750
2,379,932
2,380,515
2,381,875
2,382,191
2,383,976
2,384,878
2,385,881
2,386,236
2,387,813
2,388,243
2,389,842
2,390,36
2,391,74
2,392,292
2,393,142
2,394,682
2,395,269
2,396,453
2,397,730
2,398,171
2,399,763
2,400,867
2,401,338
2,402,827
2,403,796
2,404,417
2,405,826
2,406,23
2,407,983
2,408,600
2,409,391
2,410,182
2,411,709
2,412,930
2,413,924
2,414,537
2,415,49
2,416,831
2,417,62
2,418,830
2,419,812
2,420,512
2,421,41
2,422,253
2,423,27
2,424,383
2,425,887
2,426,93
2,427,628
2,428,569
2,429,950
2,430,22
2,431,36
2,432,463
2,433,667
2,434,19
2,435,103
2,436,762
2,437,239
2,438,341
2,439,47
2,440,517
2,441,782
2,442,25
2,443,941
2,444,535
2,445,329
2,446,39
2,447,678
2,448,914
2,449,419
2,450,848
2,451,43
2,452,794
2,453,813
2,454,161
2,455,654
2,456,40
2,457,43
2,458,880
2,459,519
2,460,225
2,461,614
2,462,650
2,463,662
2,464,547
2,465,828
2,466,542
2,467,214
2,468,248
2,469,16
2,470,240
2,471,509
2,472,945
2,473,814
2,474,814
2,475,725
2,476,678
2,477,703
2,478,47
2,479,10
2,480,547
2,481,462
2,482,426
2,483,183
2,484,281
2,485,197
2,486,500
2,487,763
2,488,772
2,489,38
2,490,680
2,491,550
2,492,772
2,493,31
2,494,613
2,495,343
2,496,430
2,497,25
2,498,282
2,499,306
2,500,70
3,1,284
3,2,624
3,3,304
3,4,194
3,5,514
3,6,876
3,7,690
3,8,42
3,9,964
3,10,784
3,11,450
3,12,842
3,13,394
3,14,617
3,15,687
3,16,276
3,17,15
3,18,46
3,19,642
3,20,441
3,21,56
3,22,303
3,23,902
3,24,25
3,25,829
3,26,918
3,27,194
3,28,919
3,29,78
3,30,847
3,31,681
3,32,532
3,33,311
3,34,960
3,35,388
3,36,288
3,37,622
3,38,406
3,39,735
3,40,31
3,41,626
3,42,217
3,43,549
3,44,680
3,45,609
3,46,69
3,47,179
3,48,516
3,49,127
3,50,433
3,51,848
3,52,612
3,53,965
3,54,800
3,55,519
3,56,926
3,57,47
3,58,659
3,59,798
3,60,201
3,61,371
3,62,364
3,63,579
3,64,26
3,65,67
3,66,429
3,67,180
3,68,670
3,69,468
3,70,26
3,71,898
3,72,548
3,73,12
3,74,973
3,75,778
3,76,124
3,77,47
3,78,334
3,79,31
3,80,688
3,81,684
3,82,26
3,83,121
3,84,624
3,85,853
3,86,566
3,87,335
3,88,925
3,89,912
3,90,26
3,91,984
3,92,42
3,93,257
3,94,47
3,95,473
3,96,789
3,97,463
3,98,345
3,99,50
3,100,251
3,101,201
3,102,359
3,103,641
3,104,762
3,105,641
3,106,566
3,107,18
3,108,35
3,109,134
3,110,240
3,111,393
3,112,47
3,113,706
3,114,895
3,115,784
3,116,729
3,117,474
3,118,917
3,119,37
3,120,11
3,121,695
3,122,355
3,123,965
3,124,118
3,125,667
3,126,40
3,127,829
3,128,33
3,129,94
3,130,948
3,131,491
3,132,579
3,133,799
3,134,622
3,135,50
3,136,42
3,137,738
3,138,407
3,139,44
3,140,23
3,141,340
3,142,760
3,143,584
3,144,42
3,145,209
3,146,41
3,147,91
3,148,103
3,149,575
3,150,39
3,151,562
3,152,49
3,153,657
3,154,23
3,155,353
3,156,763
3,157,17
3,158,720
3,159,269
3,160,449
3,161,31
3,162,26
3,163,235
3,164,44
3,165,802
3,166,712
3,167,802
3,168,860
3,169,26
3,170,173
3,171,78
3,172,251
3,173,528
3,174,456
3,175,861
3,176,941
3,177,637
3,178,431
3,179,730
3,180,657
3,181,366
3,182,606
3,183,405
3,184,38
3,185,324
3,186,933
3,187,374
3,188,559
3,189,376
3,190,227
3,191,865
3,192,19
3,193,693
3,194,141
3,195,902
3,196,988
3,197,18
3,198,925
3,199,767
3,200,227
3,201,343
3,202,19
3,203,738
3,204,608
3,205,679
3,206,80
3,207,902
3,208,236
3,209,532
3,210,223
3,211,582
3,212,864
3,213,780
3,214,712
3,215,985
3,216,920
3,217,468
3,218,348
3,219,28
3,220,873
3,221,29
3,222,815
3,223,469
3,224,313
3,225,603
3,226,626
3,227,27
3,228,664
3,229,766
3,230,23
3,231,41
3,232,37
3,233,948
3,234,44
3,235,656
3,236,632
3,237,143
3,238,835
3,239,981
3,240,29
3,241,726
3,242,521
3,243,646
3,244,772
3,245,551
3,246,63
3,247,432
3,248,156
3,249,841
3,250,798
3,251,715
3,252,122
3,253,40
3,254,44
3,255,209
3,256,897
3,257,530
3,258,41
3,259,35
3,260,730
3,261,150
3,262,284
3,263,683
3,264,199
3,265,520
3,266,660
3,267,751
3,268,948
3,269,42
3,270,354
3,271,750
3,272,21
3,273,666
3,274,395
3,275,708
3,276,522
3,277,364
3,278,787
3,279,752
3,280,786
3,281,420
3,282,372
3,283,370
3,284,832
3,285,737
3,286,353
3,287,22
3,288,13
3,289,25
3,290,321
3,291,28
3,292,17
3,293,839
3,294,512
3,295,928
3,296,560
3,297,182
3,298,402
3,299,531
3,300,932
3,301,45
3,302,607
3,303,880
3,304,657
3,305,630
3,306,246
3,307,260
3,308,586
3,309,60
3,310,28
3,311,40
3,312,34
3,313,40
3,314,948
3,315,42
3,316,881
3,317,844
3,318,115
3,319,113
3,320,639
3,321,92
3,322,521
3,323,40
3,324,953
3,325,996
3,326,73
3,327,37
3,328,38
3,329,29
3,330,563
3,331,46
3,332,555
3,333,21
3,334,512
3,335,551
3,336,39
3,337,897
3,338,926
3,339,167
3,340,802
3,341,472
3,342,318
3,343,431
3,344,517
3,345,124
3,346,31
3,347,625
3,348,11
3,349,830
3,350,91
3,351,396
3,352,39
3,353,780
3,354,45
3,355,49
3,356,406
3,357,357
3,358,426
3,359,821
3,360,31
3,361,863
3,362,385
3,363,966
3,364,292
3,365,49
3,366,818
3,367,507
3,368,774
3,369,183
3,370,670
3,371,649
3,372,487
3,373,327
3,374,586
3,375,505
3,376,457
3,377,60
3,378,837
3,379,625
3,380,971
3,381,728
3,382,41
3,383,711
3,384,31
3,385,792
3,386,795
3,387,309
3,388,718
3,389,498
3,390,851
3,391,674
3,392,731
3,393,998
3,394,193
3,395,539
3,396,899
3,397,887
3,398,23
3,399,906
3,400,32
3,401,15
3,402,685
3,403,330
3,404,903
3,405,187
3,406,132
3,407,984
3,408,381
3,409,821
3,410,621
3,411,417
3,412,734
3,413,316
3,414,12
3,415,516
3,416,24
3,417,23
3,418,891
3,419,70
3,420,83
3,421,1000
3,422,270
3,423,950
3,424,199
3,425,723
3,426,47
3,427,25
3,428,879
3,429,921
3,430,84
3,431,382
3,432,821
3,433,440
3,434,20
3,435,125
3,436,706
3,437,968
3,438,839
3,439,770
3,440,266
3,441,34
3,442,891
3,443,863
3,444,121
3,445,737
3,446,325
3,447,770
3,448,734
3,449,436
3,450,661
3,451,809
3,452,618
3,453,552
3,454,495
3,455,780
3,456,730
3,457,658
3,458,44
3,459,938
3,460,795
3,461,187
3,462,844
3,463,546
3,464,409
3,465,31
3,466,860
3,467,143
3,468,900
3,469,924
3,470,29
3,471,24
3,472,994
3,473,34
3,474,535
3,475,122
3,476,907
3,477,865
3,478,108
3,479,994
3,480,800
3,481,727
3,482,779
3,483,198
3,484,919
3,485,38
3,486,606
3,487,678
3,488,638
3,489,562
3,490,11
3,491,360
3,492,659
3,493,390
3,494,808
3,495,681
3,496,717
3,497,963
3,498,492
3,499,646
3,500,522
4,1,12
4,2,265
4,3,262
4,4,952
4,5,559
4,6,11
4,7,543
4,8,28
4,9,975
4,10,337
4,11,83
4,12,891
4,13,17
4,14,103
4,15,692
4,16,689
4,17,549
4,18,974
4,19,909
4,20,502
4,21,892
4,22,760
4,23,680
4,24,674
4,25,901
4,26,827
4,27,562
4,28,252
4,29,40
4,30,37
4,31,529
4,32,15
4,33,380
4,34,948
4,35,775
4,36,12
4,37,36
4,38,831
4,39,228
4,40,547
4,41,799
4,42,713
4,43,356
4,44,395
4,45,346
4,46,567
4,47,35
4,48,47
4,49,845
4,50,221
4,51,885
4,52,679
4,53,248
4,54,54
4,55,67
4,56,300
4,57,26
4,58,36
4,59,574
4,60,596
4,61,715
4,62,534
4,63,197
4,64,143
4,65,518
4,66,395
4,67,567
4,68,21
4,69,661
4,70,816
4,71,171
4,72,27
4,73,407
4,74,512
4,75,638
4,76,949
4,77,31
4,78,249
4,79,792
4,80,37
4,81,551
4,82,759
4,83,120
4,84,590
4,85,146
4,86,13
4,87,69
4,88,433
4,89,29
4,90,468
4,91,301
4,92,20
4,93,23
4,94,317
4,95,13
4,96,664
4,97,568
4,98,511
4,99,825
4,100,846
4,101,25
4,102,37
4,103,148
4,104,472
4,105,39
4,106,26
4,107,263
4,108,510
4,109,210
4,110,391
4,111,834
4,112,51
4,113,134
4,114,245
4,115,433
4,116,348
4,117,41
4,118,809
4,119,902
4,120,517
4,121,535
4,122,43
4,123,769
4,124,35
4,125,340
4,126,20
4,127,234
4,128,153
4,129,879
4,130,701
4,131,48
4,132,621
4,133,633
4,134,898
4,135,557
4,136,755
4,137,451
4,138,300
4,139,57
4,140,43
4,141,574
4,142,50
4,143,617
4,144,30
4,145,30
4,146,836
4,147,473
4,148,28
4,149,733
4,150,708
4,151,49
4,152,17
4,153,603
4,154,43
4,155,460
4,156,758
4,157,545
4,158,36
4,159,425
4,160,46
4,161,378
4,162,478
4,163,537
4,164,567
4,165,346
4,166,841
4,167,442
4,168,899
4,169,287
4,170,156
4,171,459
4,172,915
4,173,666
4,174,819
4,175,573
4,176,21
4,177,393
4,178,723
4,179,835
4,180,40
4,181,143
4,182,531
4,183,472
4,184,741
4,185,310
4,186,470
4,187,976
4,188,887
4,189,113
4,190,966
4,191,745
4,192,328
4,193,42
4,194,770
4,195,86
4,196,653
4,197,938
4,198,797
4,199,774
4,200,152
4,201,873
4,202,11
4,203,25
4,204,205
4,205,872
4,206,66
4,207,487
4,208,27
4,209,352
4,210,793
4,211,743
4,212,430
4,213,40
4,214,755
4,215,999
4,216,880
4,217,189
4,218,939
4,219,581
4,220,842
4,221,893
4,222,810
4,223,178
4,224,600
4,225,92
4,226,221
4,227,787
4,228,18
4,229,929
4,230,944
4,231,897
4,232,870
4,233,213
4,234,32
4,235,552
4,236,342
4,237,816
4,238,154
4,239,433
4,240,561
4,241,18
4,242,13
4,243,39
4,244,719
4,245,36
4,246,757
4,247,41
4,248,295
4,249,930
4,250,398
4,251,812
4,252,497
4,253,31
4,254,588
4,255,713
4,256,44
4,257,736
4,258,699
4,259,470
4,260,34
4,261,41
4,262,328
4,263,961
4,264,43
4,265,762
4,266,533
4,267,88
4,268,44
4,269,744
4,270,262
4,271,23
4,272,87
4,273,48
4,274,832
4,275,606
4,276,795
4,277,897
4,278,22
4,279,856
4,280,26
4,281,263
4,282,227
4,283,755
4,284,329
4,285,866
4,286,643
4,287,571
4,288,40
4,289,31
4,290,438
4,291,921
4,292,331
4,293,611
4,294,44
4,295,508
4,296,184
4,297,269
4,298,958
4,299,453
4,300,465
4,301,827
4,302,57
4,303,578
4,304,561
4,305,25
4,306,417
4,307,974
4,308,697
4,309,26
4,310,47
4,311,149
4,312,35
4,313,20
4,314,275
4,315,12
4,316,455
4,317,621
4,318,850
4,319,962
4,320,909
4,321,949
4,322,609
4,323,842
4,324,488
4,325,871
4,326,645
4,327,393
4,328,24
4,329,46
4,330,347
4,331,997
4,332,36
4,333,613
4,334,622
4,335,35
4,336,554
4,337,849
4,338,116
4,339,16
4,340,909
4,341,517
4,342,387
4,343,46
4,344,995
4,345,130
4,346,640
4,347,567
4,348,968
4,349,656
4,350,137
4,351,146
4,352,162
4,353,15
4,354,27
4,355,579
4,356,654
4,357,737
4,358,335
4,359,118
4,360,218
4,361,16
4,362,33
4,363,262
4,364,44
4,365,890
4,366,433
4,367,64
4,368,407
4,369,730
4,370,700
4,371,144
4,372,997
4,373,292
4,374,512
4,375,606
4,376,932
4,377,874
4,378,410
4,379,15
4,380,184
4,381,144
4,382,120
4,383,20
4,384,295
4,385,897
4,386,577
4,387,327
4,388,878
4,389,237
4,390,758
4,391,145
4,392,244
4,393,354
4,394,351
4,395,822
4,396,11
4,397,984
4,398,21
4,399,897
4,400,90
4,401,792
4,402,161
4,403,720
4,404,486
4,405,501
4,406,600
4,407,911
4,408,251
4,409,22
4,410,463
4,411,845
4,412,883
4,413,951
4,414,54
4,415,666
4,416,895
4,417,544
4,418,721
4,419,536
4,420,640
4,421,20
4,422,439
4,423,988
4,424,953
4,425,597
4,426,473
4,427,788
4,428,153
4,429,125
4,430,242
4,431,16
4,432,982
4,433,122
4,434,99
4,435,41
4,436,188
4,437,829
4,438,20
4,439,960
4,440,17
4,441,335
4,442,22
4,443,65
4,444,888
4,445,674
4,446,157
4,447,754
4,448,29
4,449,467
4,450,188
4,451,16
4,452,20
4,453,34
4,454,885
4,455,846
4,456,79
4,457,868
4,458,977
4,459,825
4,460,902
4,461,264
4,462,818
4,463,25
4,464,479
4,465,16
4,466,861
4,467,330
4,468,322
4,469,24
4,470,211
4,471,623
4,472,26
4,473,15
4,474,757
4,475,43
4,476,482
4,477,65
4,478,181
4,479,592
4,480,31
4,481,652
4,482,714
4,483,228
4,484,559
4,485,446
4,486,635
4,487,534
4,488,99
4,489,725
4,490,47
4,491,614
4,492,35
4,493,948
4,494,40
4,495,370
4,496,76
4,497,528
4,498,418
4,499,203
4,500,510
5,1,43
5,2,389
5,3,972
5,4,357
5,5,252
5,6,929
5,7,39
5,8,793
5,9,332
5,10,944
5,11,294
5,12,361
5,13,512
5,14,892
5,15,175
5,16,204
5,17,592
5,18,569
5,19,553
5,20,51
5,21,977
5,22,997
5,23,290
5,24,818
5,25,873
5,26,848
5,27,92
5,28,934
5,29,800
5,30,864
5,31,555
5,32,915
5,33,785
5,34,363
5,35,345
5,36,44
5,37,109
5,38,310
5,39,921
5,40,92
5,41,78
5,42,11
5,43,493
5,44,897
5,45,677
5,46,800
5,47,24
5,48,25
5,49,19
5,50,953
5,51,43
5,52,574
5,53,917
5,54,545
5,55,587
5,56,714
5,57,724
5,58,247
5,59,505
5,60,32
5,61,508
5,62,738
5,63,656
5,64,295
5,65,813
5,66,713
5,67,561
5,68,519
5,69,306
5,70,664
5,71,30
5,72,195
5,73,123
5,74,656
5,75,576
5,76,376
5,77,426
5,78,142
5,79,472
5,80,187
5,81,888
5,82,481
5,83,412
5,84,947
5,85,173
5,86,800
5,87,755
5,88,297
5,89,952
5,90,32
5,91,263
5,92,276
5,93,680
5,94,979
5,95,207
5,96,761
5,97,26
5,98,601
5,99,25
5,100,816
5,101,585
5,102,40
5,103,37
5,104,1000
5,105,666
5,106,340
5,107,152
5,108,31
5,109,789
5,110,512
5,111,41
5,112,870
5,113,220
5,114,715
5,115,932
5,116,150
5,117,39
5,118,441
5,119,585
5,120,336
5,121,808
5,122,910
5,123,126
5,124,604
5,125,266
5,126,190
5,127,482
5,128,875
5,129,159
5,130,14
5,131,659
5,132,728
5,133,49
5,134,958
5,135,214
5,136,658
5,137,15
5,138,546
5,139,515
5,140,25
5,141,15
5,142,701
5,143,23
5,144,953
5,145,736
5,146,982
5,147,16
5,148,13
5,149,416
5,150,27
5,151,945
5,152,207
5,153,931
5,154,23
5,155,416
5,156,768
5,157,358
5,158,50
5,159,534
5,160,377
5,161,297
5,162,568
5,163,390
5,164,646
5,165,872
5,166,78
5,167,467
5,168,467
5,169,690
5,170,304
5,171,334
5,172,899
5,173,49
5,174,470
5,175,505
5,176,475
5,177,250
5,178,915
5,179,774
5,180,616
5,181,21
5,182,304
5,183,870
5,184,543
5,185,121
5,186,370
5,187,152
5,188,550
5,189,24
5,190,12
5,191,397
5,192,439
5,193,762
5,194,471
5,195,788
5,196,42
5,197,737
5,198,610
5,199,159
5,200,312
5,201,89
5,202,12
5,203,621
5,204,35
5,205,912
5,206,856
5,207,43
5,208,754
5,209,280
5,210,25
5,211,861
5,212,731
5,213,902
5,214,49
5,215,412
5,216,561
5,217,102
5,218,26
5,219,138
5,220,223
5,221,12
5,222,97
5,223,291
5,224,890
5,225,540
5,226,594
5,227,571
5,228,949
5,229,592
5,230,51
5,231,949
5,232,519
5,233,783
5,234,930
5,235,226
5,236,852
5,237,319
5,238,536
5,239,611
5,240,685
5,241,567
5,242,555
5,243,34
5,244,563
5,245,686
5,246,852
5,247,853
5,248,47
5,249,40
5,250,710
5,251,957
5,252,41
5,253,855
5,254,335
5,255,41
5,256,706
5,257,708
5,258,93
5,259,510
5,260,59
5,261,573
5,262,236
5,263,754
5,264,648
5,265,62
5,266,92
5,267,583
5,268,600
5,269,966
5,270,709
5,271,19
5,272,49
5,273,599
5,274,28
5,275,108
5,276,402
5,277,789
5,278,41
5,279,587
5,280,742
5,281,565
5,282,671
5,283,922
5,284,539
5,285,633
5,286,691
5,287,477
5,288,44
5,289,36
5,290,334
5,291,748
5,292,15
5,293,712
5,294,797
5,295,847
5,296,480
5,297,39
5,298,42
5,299,16
5,300,567
5,301,142
5,302,650
5,303,592
5,304,732
5,305,595
5,306,758
5,307,875
5,308,877
5,309,40
5,310,250
5,311,777
5,312,588
5,313,570
5,314,11
5,315,266
5,316,832
5,317,570
5,318,629
5,319,44
5,320,502
5,321,968
5,322,835
5,323,39
5,324,882
5,325,689
5,326,15
5,327,555
5,328,650
5,329,619
5,330,705
5,331,612
5,332,73
5,333,870
5,334,623
5,335,23
5,336,64
5,337,695
5,338,803
5,339,577
5,340,157
5,341,605
5,342,27
5,343,445
5,344,395
5,345,19
5,346,32
5,347,214
5,348,782
5,349,18
5,350,564
5,351,938
5,352,355
5,353,17
5,354,911
5,355,734
5,356,766
5,357,566
5,358,205
5,359,510
5,360,697
5,361,759
5,362,684
5,363,355
5,364,228
5,365,14
5,366,19
5,367,390
5,368,523
5,369,27
5,370,44
5,371,601
5,372,85
5,373,249
5,374,33
5,375,16
5,376,986
5,377,477
5,378,495
5,379,736
5,380,917
5,381,689
5,382,319
5,383,512
5,384,388
5,385,526
5,386,768
5,387,592
5,388,853
5,389,682
5,390,929
5,391,771
5,392,374
5,393,879
5,394,764
5,395,450
5,396,22
5,397,56
5,398,618
5,399,746
5,400,612
5,401,998
5,402,28
5,403,747
5,404,950
5,405,112
5,406,898
5,407,587
5,408,799
5,409,928
5,410,499
5,411,269
5,412,49
5,413,535
5,414,947
5,415,163
5,416,31
5,417,589
5,418,962
5,419,258
5,420,783
5,421,22
5,422,781
5,423,22
5,424,66
5,425,419
5,426,719
5,427,275
5,428,631
5,429,388
5,430,28
5,431,957
5,432,938
5,433,600
5,434,16
5,435,781
5,436,704
5,437,672
5,438,530
5,439,856
5,440,559
5,441,35
5,442,28
5,443,831
5,444,926
5,445,43
5,446,442
5,447,778
5,448,765
5,449,710
5,450,459
5,451,724
5,452,22
5,453,261
5,454,331
5,455,217
5,456,715
5,457,967
5,458,161
5,459,473
5,460,799
5,461,876
5,462,605
5,463,112
5,464,447
5,465,731
5,466,28
5,467,309
5,468,22
5,469,755
5,470,215
5,471,979
5,472,927
5,473,35
5,474,35
5,475,790
5,476,629
5,477,658
5,478,279
5,479,33
5,480,556
5,481,357
5,482,209
5,483,11
5,484,788
5,485,824
5,486,70
5,487,676
5,488,956
5,489,88
5,490,784
5,491,206
5,492,491
5,493,900
5,494,570
5,495,178
5,496,17
5,497,763
5,498,547
5,499,928
5,500,976
6,1,386
6,2,880
6,3,395
6,4,512
6,5,533
6,6,241
6,7,841
6,8,421
6,9,550
6,10,608
6,11,27
6,12,264
6,13,15
6,14,775
6,15,27
6,16,39
6,17,11
6,18,585
6,19,272
6,20,10
6,21,868
6,22,612
6,23,561
6,24,374
6,25,126
6,26,215
6,27,501
6,28,847
6,29,14
6,30,76
6,31,626
6,32,808
6,33,79
6,34,37
6,35,601
6,36,750
6,37,756
6,38,443
6,39,107
6,40,50
6,41,630
6,42,725
6,43,940
6,44,507
6,45,882
6,46,408
6,47,791
6,48,588
6,49,964
6,50,29
6,51,735
6,52,22
6,53,720
6,54,224
6,55,38
6,56,664
6,57,554
6,58,306
6,59,924
6,60,56
6,61,18
6,62,73
6,63,70
6,64,529
6,65,426
6,66,507
6,67,474
6,68,698
6,69,20
6,70,487
6,71,105
6,72,929
6,73,44
6,74,151
6,75,314
6,76,913
6,77,906
6,78,24
6,79,114
6,80,394
6,81,672
6,82,125
6,83,27
6,84,562
6,85,884
6,86,25
6,87,66
6,88,41
6,89,390
6,90,11
6,91,782
6,92,516
6,93,858
6,94,312
6,95,192
6,96,14
6,97,297
6,98,321
6,99,989
6,100,124
6,101,23
6,102,838
6,103,124
6,104,50
6,105,880
6,106,838
6,107,169
6,108,248
6,109,304
6,110,349
6,111,35
6,112,50
6,113,505
6,114,53
6,115,605
6,116,40
6,117,134
6,118,335
6,119,903
6,120,40
6,121,296
6,122,683
6,123,545
6,124,776
6,125,906
6,126,933
6,127,800
6,128,111
6,129,727
6,130,362
6,131,38
6,132,440
6,133,936
6,134,572
6,135,833
6,136,389
6,137,949
6,138,456
6,139,606
6,140,522
6,141,18
6,142,33
6,143,532
6,144,65
6,145,237
6,146,168
6,147,372
6,148,685
6,149,229
6,150,589
6,151,965
6,152,854
6,153,448
6,154,534
6,155,459
6,156,20
6,157,311
6,158,429
6,159,684
6,160,618
6,161,374
6,162,729
6,163,68
6,164,222
6,165,354
6,166,34
6,167,335
6,168,773
6,169,45
6,170,949
6,171,912
6,172,414
6,173,41
6,174,756
6,175,725
6,176,304
6,177,41
6,178,963
6,179,976
6,180,972
6,181,819
6,182,729
6,183,958
6,184,41
6,185,34
6,186,696
6,187,825
6,188,679
6,189,10
6,190,696
6,191,378
6,192,749
6,193,142
6,194,365
6,195,664
6,196,129
6,197,948
6,198,149
6,199,34
6,200,81
6,201,145
6,202,683
6,203,27
6,204,829
6,205,651
6,206,272
6,207,654
6,208,475
6,209,998
6,210,50
6,211,826
6,212,408
6,213,178
6,214,607
6,215,656
6,216,765
6,217,410
6,218,953
6,219,36
6,220,335
6,221,47
6,222,287
6,223,496
6,224,49
6,225,28
6,226,138
6,227,20
6,228,95
6,229,91
6,230,568
6,231,554
6,232,297
6,233,709
6,234,637
6,235,305
6,236,682
6,237,924
6,238,943
6,239,522
6,240,29
6,241,94
6,242,875
6,243,734
6,244,807
6,245,935
6,246,847
6,247,134
6,248,341
6,249,175
6,250,587
6,251,969
6,252,786
6,253,897
6,254,939
6,255,154
6,256,40
6,257,29
6,258,937
6,259,42
6,260,591
6,261,585
6,262,151
6,263,979
6,264,292
6,265,898
6,266,17
6,267,861
6,268,854
6,269,879
6,270,836
6,271,441
6,272,126
6,273,410
6,274,966
6,275,255
6,276,256
6,277,383
6,278,958
6,279,401
6,280,733
6,281,259
6,282,456
6,283,26
6,284,574
6,285,181
6,286,35
6,287,15
6,288,615
6,289,484
6,290,595
6,291,599
6,292,33
6,293,645
6,294,113
6,295,988
6,296,404
6,297,689
6,298,611
6,299,686
6,300,705
6,301,623
6,302,32
6,303,155
6,304,15
6,305,535
6,306,817
6,307,716
6,308,46
6,309,864
6,310,898
6,311,34
6,312,528
6,313,237
6,314,313
6,315,23
6,316,35
6,317,19
6,318,47
6,319,354
6,320,722
6,321,544
6,322,184
6,323,29
6,324,929
6,325,936
6,326,870
6,327,31
6,328,539
6,329,866
6,330,34
6,331,631
6,332,28
6,333,648
6,334,565
6,335,469
6,336,618
6,337,19
6,338,192
6,339,783
6,340,912
6,341,558
6,342,28
6,343,13
6,344,427
6,345,998
6,346,520
6,347,561
6,348,398
6,349,955
6,350,762
6,351,13
6,352,616
6,353,833
6,354,92
6,355,878
6,356,646
6,357,706
6,358,451
6,359,891
6,360,531
6,361,970
6,362,828
6,363,830
6,364,433
6,365,267
6,366,803
6,367,916
6,368,935
6,369,659
6,370,482
6,371,776
6,372,698
6,373,801
6,374,21
6,375,917
6,376,71
6,377,101
6,378,676
6,379,594
6,380,781
6,381,935
6,382,34
6,383,527
6,384,59
6,385,735
6,386,693
6,387,295
6,388,473
6,389,784
6,390,30
6,391,242
6,392,410
6,393,990
6,394,457
6,395,200
6,396,927
6,397,733
6,398,896
6,399,932
6,400,979
6,401,35
6,402,20
6,403,961
6,404,129
6,405,971
6,406,459
6,407,523
6,408,36
6,409,340
6,410,835
6,411,38
6,412,645
6,413,733
6,414,583
6,415,440
6,416,974
6,417,22
6,418,331
6,419,558
6,420,378
6,421,39
6,422,549
6,423,790
6,424,868
6,425,22
6,426,29
6,427,855
6,428,44
6,429,667
6,430,994
6,431,19
6,432,85
6,433,738
6,434,842
6,435,658
6,436,687
6,437,786
6,438,673
6,439,869
6,440,424
6,441,652
6,442,763
6,443,695
6,444,28
6,445,466
6,446,327
6,447,299
6,448,328
6,449,226
6,450,972
6,451,461
6,452,140
6,453,942
6,454,589
6,455,18
6,456,975
6,457,839
6,458,648
6,459,370
6,460,519
6,461,724
6,462,321
6,463,982
6,464,739
6,465,768
6,466,809
6,467,899
6,468,778
6,469,822
6,470,655
6,471,604
6,472,595
6,473,833
6,474,923
6,475,868
6,476,16
6,477,119
6,478,754
6,479,930
6,480,734
6,481,822
6,482,934
6,483,298
6,484,121
6,485,961
6,486,168
6,487,683
6,488,208
6,489,373
6,490,834
6,491,942
6,492,143
6,493,382
6,494,990
6,495,630
6,496,355
6,497,209
6,498,312
6,499,542
6,500,333
7,1,540
7,2,42
7,3,733
7,4,339
7,5,171
7,6,874
7,7,503
7,8,14
7,9,668
7,10,326
7,11,20
7,12,29
7,13,688
7,14,748
7,15,173
7,16,198
7,17,725
7,18,678
7,19,546
7,20,38
7,21,413
7,22,42
7,23,739
7,24,596
7,25,525
7,26,507
7,27,612
7,28,754
7,29,522
7,30,867
7,31,48
7,32,473
7,33,594
7,34,780
7,35,46
7,36,29
7,37,996
7,38,215
7,39,708
7,40,960
7,41,626
7,42,12
7,43,562
7,44,41
7,45,546
7,46,24
7,47,239
7,48,689
7,49,822
7,50,977
7,51,381
7,52,301
7,53,936
7,54,10
7,55,622
7,56,962
7,57,704
7,58,322
7,59,428
7,60,653
7,61,810
7,62,20
7,63,39
7,64,995
7,65,688
7,66,40
7,67,31
7,68,787
7,69,432
7,70,577
7,71,988
7,72,378
7,73,42
7,74,929
7,75,20
7,76,262
7,77,24
7,78,849
7,79,837
7,80,39
7,81,740
7,82,328
7,83,680
7,84,17
7,85,24
7,86,236
7,87,14
7,88,883
7,89,35
7,90,820
7,91,499
7,92,343
7,93,643
7,94,880
7,95,142
7,96,703
7,97,340
7,98,797
7,99,942
7,100,956
7,101,34
7,102,778
7,103,626
7,104,477
7,105,127
7,106,728
7,107,113
7,108,388
7,109,913
7,110,624
7,111,706
7,112,92
7,113,21
7,114,721
7,115,141
7,116,728
7,117,550
7,118,230
7,119,220
7,120,963
7,121,741
7,122,873
7,123,269
7,124,638
7,125,730
7,126,483
7,127,21
7,128,828
7,129,529
7,130,291
7,131,24
7,132,752
7,133,944
7,134,340
7,135,35
7,136,491
7,137,701
7,138,780
7,139,47
7,140,871
7,141,756
7,142,702
7,143,394
7,144,536
7,145,567
7,146,41
7,147,164
7,148,880
7,149,622
7,150,435
7,151,909
7,152,492
7,153,780
7,154,770
7,155,906
7,156,918
7,157,40
7,158,873
7,159,749
7,160,119
7,161,35
7,162,33
7,163,973
7,164,806
7,165,271
7,166,176
7,167,412
7,168,567
7,169,757
7,170,43
7,171,131
7,172,23
7,173,612
7,174,513
7,175,177
7,176,720
7,177,189
7,178,828
7,179,606
7,180,20
7,181,605
7,182,801
7,183,99
7,184,894
7,185,895
7,186,698
7,187,839
7,188,471
7,189,342
7,190,17
7,191,212
7,192,433
7,193,285
7,194,727
7,195,782
7,196,878
7,197,258
7,198,684
7,199,739
7,200,586
7,201,714
7,202,177
7,203,37
7,204,67
7,205,702
7,206,603
7,207,974
7,208,381
7,209,438
7,210,616
7,211,71
7,212,993
7,213,48
7,214,930
7,215,26
7,216,166
7,217,295
7,218,10
7,219,289
7,220,42
7,221,640
7,222,283
7,223,621
7,224,269
7,225,500
7,226,695
7,227,680
7,228,871
7,229,887
7,230,69
7,231,31
7,232,34
7,233,27
7,234,778
7,235,973
7,236,817
7,237,869
7,238,35
7,239,778
7,240,236
7,241,413
7,242,466
7,243,133
7,244,973
7,245,768
7,246,675
7,247,685
7,248,286
7,249,542
7,250,648
7,251,640
7,252,37
7,253,921
7,254,50
7,255,31
7,256,554
7,257,463
7,258,949
7,259,441
7,260,152
7,261,262
7,262,374
7,263,842
7,264,730
7,265,521
7,266,19
7,267,47
7,268,21
7,269,905
7,270,948
7,271,29
7,272,730
7,273,890
7,274,848
7,275,533
7,276,324
7,277,41
7,278,30
7,279,799
7,280,402
7,281,344
7,282,981
7,283,779
7,284,528
7,285,45
7,286,34
7,287,392
7,288,27
7,289,613
7,290,858
7,291,991
7,292,92
7,293,909
7,294,536
7,295,86
7,296,46
7,297,596
7,298,809
7,299,42
7,300,575
7,301,39
7,302,995
7,303,614
7,304,281
7,305,305
7,306,1000
7,307,517
7,308,398
7,309,215
7,310,600
7,311,25
7,312,33
7,313,117
7,314,684
7,315,307
7,316,955
7,317,918
7,318,675
7,319,510
7,320,719
7,321,902
7,322,28
7,323,997
7,324,629
7,325,341
7,326,708
7,327,658
7,328,200
7,329,589
7,330,803
7,331,44
7,332,66
7,333,42
7,334,762
7,335,973
7,336,21
7,337,888
7,338,208
7,339,59
7,340,549
7,341,15
7,342,37
7,343,476
7,344,767
7,345,417
7,346,686
7,347,30
7,348,716
7,349,28
7,350,678
7,351,249
7,352,810
7,353,385
7,354,162
7,355,12
7,356,356
7,357,433
7,358,27
7,359,261
7,360,86
7,361,110
7,362,725
7,363,675
7,364,904
7,365,22
7,366,55
7,367,750
7,368,46
7,369,956
7,370,600
7,371,224
7,372,911
7,373,855
7,374,893
7,375,660
7,376,50
7,377,217
7,378,361
7,379,29
7,380,684
7,381,569
7,382,22
7,383,935
7,384,138
7,385,28
7,386,389
7,387,892
7,388,330
7,389,438
7,390,939
7,391,15
7,392,790
7,393,36
7,394,30
7,395,870
7,396,971
7,397,798
7,398,38
7,399,20
7,400,48
7,401,14
7,402,502
7,403,816
7,404,640
7,405,219
7,406,842
7,407,111
7,408,972
7,409,825
7,410,368
7,411,90
7,412,623
7,413,192
7,414,588
7,415,569
7,416,165
7,417,140
7,418,892
7,419,35
7,420,28
7,421,804
7,422,894
7,423,626
7,424,845
7,425,24
7,426,613
7,427,46
7,428,38
7,429,44
7,430,66
7,431,65
7,432,47
7,433,216
7,434,851
7,435,601
7,436,958
7,437,16
7,438,405
7,439,745
7,440,826
7,441,840
7,442,37
7,443,284
7,444,891
7,445,700
7,446,700
7,447,28
7,448,866
7,449,85
7,450,172
7,451,375
7,452,35
7,453,985
7,454,620
7,455,93
7,456,932
7,457,941
7,458,362
7,459,742
7,460,32
7,461,36
7,462,905
7,463,237
7,464,207
7,465,39
7,466,714
7,467,587
7,468,375
7,469,816
7,470,782
7,471,487
7,472,904
7,473,37
7,474,479
7,475,61
7,476,28
7,477,806
7,478,546
7,479,302
7,480,723
7,481,191
7,482,909
7,483,324
7,484,841
7,485,300
7,486,971
7,487,398
7,488,828
7,489,223
7,490,18
7,491,486
7,492,709
7,493,110
7,494,231
7,495,675
7,496,861
7,497,945
7,498,908
7,499,109
7,500,675
8,1,11
8,2,881
8,3,12
8,4,744
8,5,545
8,6,832
8,7,312
8,8,940
8,9,712
8,10,551
8,11,27
8,12,48
8,13,754
8,14,14
8,15,677
8,16,659
8,17,252
8,18,39
8,19,16
8,20,827
8,21,79
8,22,990
8,23,38
8,24,776
8,25,599
8,26,595
8,27,579
8,28,63
8,29,868
8,30,378
8,31,25
8,32,283
8,33,448
8,34,304
8,35,25
8,36,254
8,37,140
8,38,132
8,39,866
8,40,671
8,41,760
8,42,690
8,43,143
8,44,24
8,45,955
8,46,715
8,47,37
8,48,258
8,49,42
8,50,394
8,51,57
8,52,975
8,53,609
8,54,861
8,55,166
8,56,36
8,57,373
8,58,261
8,59,688
8,60,705
8,61,343
8,62,437
8,63,18
8,64,24
8,65,542
8,66,604
8,67,896
8,68,873
8,69,42
8,70,933
8,71,625
8,72,519
8,73,673
8,74,902
8,75,842
8,76,846
8,77,500
8,78,628
8,79,309
8,80,33
8,81,896
8,82,705
8,83,35
8,84,22
8,85,837
8,86,945
8,87,505
8,88,261
8,89,22
8,90,20
8,91,718
8,92,893
8,93,330
8,94,11
8,95,878
8,96,566
8,97,228
8,98,695
8,99,425
8,100,352
8,101,545
8,102,20
8,103,713
8,104,975
8,105,244
8,106,598
8,107,229
8,108,343
8,109,573
8,110,584
8,111,823
8,112,20
8,113,809
8,114,11
8,115,413
8,116,911
8,117,47
8,118,252
8,119,859
8,120,793
8,121,890
8,122,136
8,123,895
8,124,519
8,125,208
8,126,811
8,127,40
8,128,301
8,129,867
8,130,960
8,131,612
8,132,11
8,133,761
8,134,637
8,135,149
8,136,667
8,137,463
8,138,649
8,139,28
8,140,855
8,141,78
8,142,146
8,143,578
8,144,689
8,145,22
8,146,589
8,147,20
8,148,67
8,149,208
8,150,151
8,151,845
8,152,215
8,153,477
8,154,921
8,155,544
8,156,34
8,157,849
8,158,730
8,159,596
8,160,114
8,161,177
8,162,409
8,163,217
8,164,177
8,165,566
8,166,28
8,167,573
8,168,908
8,169,204
8,170,152
8,171,521
8,172,34
8,173,152
8,174,46
8,175,751
8,176,37
8,177,29
8,178,323
8,179,534
8,180,49
8,181,988
8,182,725
8,183,865
8,184,566
8,185,485
8,186,860
8,187,39
8,188,513
8,189,713
8,190,18
8,191,299
8,192,965
8,193,746
8,194,99
8,195,907
8,196,736
8,197,19
8,198,852
8,199,254
8,200,50
8,201,175
8,202,901
8,203,660
8,204,485
8,205,670
8,206,606
8,207,937
8,208,33
8,209,137
8,210,372
8,211,610
8,212,195
8,213,55
8,214,756
8,215,826
8,216,461
8,217,186
8,218,264
8,219,191
8,220,503
8,221,752
8,222,835
8,223,651
8,224,566
8,225,510
8,226,247
8,227,40
8,228,944
8,229,719
8,230,983
8,231,994
8,232,914
8,233,705
8,234,412
8,235,923
8,236,18
8,237,976
8,238,924
8,239,938
8,240,834
8,241,92
8,242,623
8,243,586
8,244,949
8,245,42
8,246,936
8,247,576
8,248,462
8,249,926
8,250,107
8,251,518
8,252,13
8,253,15
8,254,50
8,255,16
8,256,754
8,257,685
8,258,471
8,259,623
8,260,663
8,261,247
8,262,203
8,263,433
8,264,879
8,265,730
8,266,59
8,267,309
8,268,902
8,269,177
8,270,294
8,271,556
8,272,20
8,273,55
8,274,295
8,275,805
8,276,619
8,277,162
8,278,722
8,279,122
8,280,221
8,281,10
8,282,11
8,283,890
8,284,18
8,285,935
8,286,213
8,287,850
8,288,772
8,289,320
8,290,835
8,291,186
8,292,939
8,293,410
8,294,885
8,295,735
8,296,864
8,297,48
8,298,14
8,299,68
8,300,469
8,301,153
8,302,65
8,303,42
8,304,28
8,305,12
8,306,801
8,307,431
8,308,637
8,309,526
8,310,43
8,311,149
8,312,149
8,313,23
8,314,416
8,315,18
8,316,46
8,317,806
8,318,875
8,319,920
8,320,599
8,321,739
8,322,620
8,323,243
8,324,40
8,325,989
8,326,698
8,327,576
8,328,955
8,329,70
8,330,38
8,331,528
8,332,33
8,333,675
8,334,688
8,335,328
8,336,450
8,337,622
8,338,798
8,339,603
8,340,37
8,341,965
8,342,684
8,343,194
8,344,960
8,345,112
8,346,547
8,347,847
8,348,604
8,349,172
8,350,274
8,351,938
8,352,951
8,353,644
8,354,22
8,355,941
8,356,17
8,357,723
8,358,470
8,359,885
8,360,788
8,361,15
8,362,297
8,363,15
8,364,36
8,365,971
8,366,138
8,367,517
8,368,276
8,369,904
8,370,472
8,371,974
8,372,23
8,373,931
8,374,972
8,375,577
8,376,33
8,377,447
8,378,71
8,379,561
8,380,894
8,381,558
8,382,62
8,383,552
8,384,772
8,385,790
8,386,13
8,387,779
8,388,30
8,389,347
8,390,324
8,391,707
8,392,852
8,393,729
8,394,957
8,395,260
8,396,575
8,397,586
8,398,679
8,399,311
8,400,968
8,401,257
8,402,588
8,403,67
8,404,661
8,405,188
8,406,690
8,407,361
8,408,322
8,409,815
8,410,43
8,411,978
8,412,430
8,413,20
8,414,701
8,415,402
8,416,786
8,417,433
8,418,621
8,419,113
8,420,43
8,421,524
8,422,56
8,423,787
8,424,885
8,425,595
8,426,519
8,427,30
8,428,944
8,429,212
8,430,34
8,431,533
8,432,448
8,433,883
8,434,22
8,435,384
8,436,497
8,437,220
8,438,37
8,439,534
8,440,85
8,441,781
8,442,24
8,443,902
8,444,787
8,445,845
8,446,939
8,447,788
8,448,24
8,449,742
8,450,984
8,451,175
8,452,348
8,453,446
8,454,810
8,455,133
8,456,882
8,457,339
8,458,649
8,459,770
8,460,193
8,461,654
8,462,35
8,463,975
8,464,637
8,465,46
8,466,15
8,467,119
8,468,206
8,469,796
8,470,605
8,471,403
8,472,77
8,473,27
8,474,56
8,475,568
8,476,929
8,477,575
8,478,846
8,479,901
8,480,730
8,481,507
8,482,409
8,483,172
8,484,38
8,485,534
8,486,23
8,487,188
8,488,275
8,489,946
8,490,464
8,491,539
8,492,873
8,493,944
8,494,14
8,495,929
8,496,361
8,497,817
8,498,21
8,499,18
8,500,767
9,1,273
9,2,154
9,3,334
9,4,795
9,5,902
9,6,952
9,7,48
9,8,34
9,9,300
9,10,380
9,11,778
9,12,970
9,13,319
9,14,50
9,15,694
9,16,10
9,17,524
9,18,18
9,19,878
9,20,165
9,21,914
9,22,28
9,23,258
9,24,542
9,25,716
9,26,34
9,27,20
9,28,884
9,29,701
9,30,800
9,31,550
9,32,601
9,33,629
9,34,645
9,35,964
9,36,965
9,37,144
9,38,526
9,39,587
9,40,35
9,41,43
9,42,41
9,43,917
9,44,326
9,45,18
9,46,18
9,47,164
9,48,743
9,49,824
9,50,695
9,51,783
9,52,49
9,53,16
9,54,570
9,55,500
9,56,887
9,57,750
9,58,127
9,59,738
9,60,608
9,61,191
9,62,514
9,63,746
9,64,45
9,65,662
9,66,352
9,67,793
9,68,60
9,69,721
9,70,26
9,71,472
9,72,33
9,73,45
9,74,566
9,75,119
9,76,882
9,77,952
9,78,380
9,79,351
9,80,895
9,81,168
9,82,863
9,83,534
9,84,278
9,85,823
9,86,815
9,87,879
9,88,622
9,89,884
9,90,542
9,91,104
9,92,186
9,93,753
9,94,528
9,95,870
9,96,229
9,97,541
9,98,709
9,99,45
9,100,427
9,101,701
9,102,558
9,103,459
9,104,47
9,105,436
9,106,45
9,107,24
9,108,830
9,109,436
9,110,951
9,111,313
9,112,526
9,113,292
9,114,590
9,115,708
9,116,430
9,117,458
9,118,431
9,119,821
9,120,565
9,121,383
9,122,86
9,123,352
9,124,358
9,125,196
9,126,409
9,127,189
9,128,59
9,129,220
9,130,25
9,131,40
9,132,865
9,133,896
9,134,917
9,135,304
9,136,807
9,137,937
9,138,14
9,139,15
9,140,966
9,141,19
9,142,583
9,143,321
9,144,807
9,145,41
9,146,1000
9,147,869
9,148,396
9,149,378
9,150,71
9,151,483
9,152,188
9,153,947
9,154,531
9,155,666
9,156,978
9,157,527
9,158,712
9,159,171
9,160,938
9,161,585
9,162,207
9,163,699
9,164,192
9,165,729
9,166,49
9,167,871
9,168,760
9,169,756
9,170,687
9,171,55
9,172,221
9,173,959
9,174,942
9,175,220
9,176,16
9,177,949
9,178,41
9,179,797
9,180,630
9,181,607
9,182,34
9,183,604
9,184,893
9,185,119
9,186,452
9,187,511
9,188,654
9,189,484
9,190,342
9,191,606
9,192,683
9,193,78
9,194,712
9,195,979
9,196,17
9,197,848
9,198,209
9,199,645
9,200,686
9,201,603
9,202,840
9,203,530
9,204,28
9,205,34
9,206,581
9,207,18
9,208,281
9,209,807
9,210,951
9,211,610
9,212,923
9,213,913
9,214,30
9,215,14
9,216,940
9,217,993
9,218,389
9,219,922
9,220,25
9,221,634
9,222,713
9,223,851
9,224,145
9,225,750
9,226,268
9,227,516
9,228,518
9,229,565
9,230,281
9,231,772
9,232,919
9,233,489
9,234,937
9,235,988
9,236,40
9,237,15
9,238,45
9,239,849
9,240,36
9,241,930
9,242,599
9,243,977
9,244,726
9,245,895
9,246,24
9,247,703
9,248,432
9,249,535
9,250,38
9,251,979
9,252,44
9,253,155
9,254,681
9,255,814
9,256,846
9,257,30
9,258,681
9,259,27
9,260,207
9,261,128
9,262,506
9,263,670
9,264,419
9,265,339
9,266,955
9,267,44
9,268,973
9,269,370
9,270,565
9,271,334
9,272,43
9,273,479
9,274,592
9,275,922
9,276,127
9,277,525
9,278,634
9,279,614
9,280,881
9,281,175
9,282,754
9,283,480
9,284,24
9,285,995
9,286,26
9,287,936
9,288,600
9,289,660
9,290,877
9,291,303
9,292,19
9,293,642
9,294,923
9,295,797
9,296,235
9,297,725
9,298,540
9,299,637
9,300,351
9,301,32
9,302,941
9,303,748
9,304,621
9,305,476
9,306,40
9,307,48
9,308,526
9,309,17
9,310,210
9,311,297
9,312,500
9,313,614
9,314,25
9,315,350
9,316,372
9,317,795
9,318,468
9,319,96
9,320,786
9,321,34
9,322,45
9,323,573
9,324,703
9,325,226
9,326,832
9,327,684
9,328,826
9,329,714
9,330,650
9,331,715
9,332,706
9,333,30
9,334,455
9,335,742
9,336,12
9,337,146
9,338,27
9,339,114
9,340,860
9,341,516
9,342,880
9,343,582
9,344,45
9,345,18
9,346,33
9,347,30
9,348,513
9,349,428
9,350,514
9,351,288
9,352,666
9,353,852
9,354,631
9,355,803
9,356,324
9,357,667
9,358,27
9,359,938
9,360,23
9,361,50
9,362,46
9,363,17
9,364,997
9,365,47
9,366,786
9,367,653
9,368,898
9,369,751
9,370,109
9,371,551
9,372,31
9,373,452
9,374,744
9,375,315
9,376,790
9,377,487
9,378,663
9,379,382
9,380,895
9,381,679
9,382,416
9,383,966
9,384,891
9,385,956
9,386,17
9,387,922
9,388,817
9,389,397
9,390,33
9,391,756
9,392,913
9,393,751
9,394,18
9,395,762
9,396,618
9,397,65
9,398,13
9,399,19
9,400,732
9,401,810
9,402,41
9,403,24
9,404,972
9,405,373
9,406,42
9,407,34
9,408,101
9,409,453
9,410,722
9,411,454
9,412,396
9,413,205
9,414,659
9,415,958
9,416,862
9,417,361
9,418,536
9,419,190
9,420,26
9,421,516
9,422,661
9,423,255
9,424,518
9,425,508
9,426,262
9,427,406
9,428,918
9,429,626
9,430,25
9,431,618
9,432,30
9,433,268
9,434,608
9,435,38
9,436,853
9,437,796
9,438,47
9,439,783
9,440,270
9,441,567
9,442,750
9,443,41
9,444,709
9,445,892
9,446,406
9,447,48
9,448,27
9,449,562
9,450,617
9,451,291
9,452,606
9,453,22
9,454,38
9,455,571
9,456,263
9,457,268
9,458,382
9,459,971
9,460,229
9,461,553
9,462,39
9,463,733
9,464,13
9,465,11
9,466,41
9,467,523
9,468,896
9,469,810
9,470,869
9,471,640
9,472,975
9,473,665
9,474,903
9,475,672
9,476,541
9,477,127
9,478,361
9,479,933
9,480,960
9,481,928
9,482,839
9,483,12
9,484,806
9,485,888
9,486,765
9,487,135
9,488,880
9,489,939
9,490,840
9,491,225
9,492,692
9,493,196
9,494,45
9,495,373
9,496,36
9,497,712
9,498,876
9,499,617
9,500,893
10,1,956
10,2,50
10,3,860
10,4,343
10,5,99
10,6,675
10,7,363
10,8,191
10,9,788
10,10,213
10,11,41
10,12,33
10,13,251
10,14,369
10,15,383
10,16,114
10,17,418
10,18,108
10,19,887
10,20,975
10,21,15
10,22,853
10,23,516
10,24,561
10,25,589
10,26,438
10,27,629
10,28,915
10,29,656
10,30,46
10,31,904
10,32,11
10,33,316
10,34,558
10,35,527
10,36,73
10,37,82
10,38,1000
10,39,377
10,40,31
10,41,563
10,42,39
10,43,28
10,44,341
10,45,38
10,46,679
10,47,128
10,48,42
10,49,258
10,50,30
10,51,19
10,52,951
10,53,36
10,54,868
10,55,808
10,56,126
10,57,135
10,58,42
10,59,206
10,60,909
10,61,586
10,62,739
10,63,348
10,64,33
10,65,36
10,66,806
10,67,418
10,68,338
10,69,945
10,70,923
10,71,619
10,72,670
10,73,761
10,74,710
10,75,62
10,76,696
10,77,847
10,78,512
10,79,255
10,80,32
10,81,58
10,82,422
10,83,833
10,84,816
10,85,349
10,86,11
10,87,50
10,88,478
10,89,917
10,90,978
10,91,211
10,92,962
10,93,914
10,94,703
10,95,468
10,96,913
10,97,13
10,98,869
10,99,136
10,100,276
10,101,608
10,102,499
10,103,704
10,104,988
10,105,12
10,106,76
10,107,45
10,108,37
10,109,982
10,110,16
10,111,835
10,112,14
10,113,801
10,114,568
10,115,593
10,116,656
10,117,586
10,118,29
10,119,349
10,120,590
10,121,846
10,122,26
10,123,45
10,124,24
10,125,42
10,126,24
10,127,42
10,128,853
10,129,138
10,130,37
10,131,546
10,132,249
10,133,706
10,134,828
10,135,24
10,136,953
10,137,20
10,138,154
10,139,511
10,140,571
10,141,33
10,142,729
10,143,43
10,144,969
10,145,318
10,146,528
10,147,27
10,148,716
10,149,132
10,150,57
10,151,34
10,152,347
10,153,168
10,154,954
10,155,316
10,156,808
10,157,660
10,158,591
10,159,964
10,160,721
10,161,499
10,162,12
10,163,823
10,164,283
10,165,20
10,166,538
10,167,616
10,168,33
10,169,825
10,170,15
10,171,948
10,172,398
10,173,330
10,174,563
10,175,929
10,176,186
10,177,38
10,178,665
10,179,62
10,180,661
10,181,809
10,182,414
10,183,822
10,184,757
10,185,864
10,186,374
10,187,822
10,188,940
10,189,15
10,190,478
10,191,944
10,192,186
10,193,20
10,194,331
10,195,12
10,196,752
10,197,186
10,198,865
10,199,32
10,200,45
10,201,548
10,202,176
10,203,47
10,204,505
10,205,770
10,206,356
10,207,324
10,208,43
10,209,813
10,210,660
10,211,395
10,212,731
10,213,816
10,214,48
10,215,511
10,216,973
10,217,783
10,218,23
10,219,38
10,220,408
10,221,688
10,222,748
10,223,24
10,224,818
10,225,742
10,226,177
10,227,353
10,228,107
10,229,38
10,230,279
10,231,529
10,232,607
10,233,146
10,234,14
10,235,117
10,236,859
10,237,209
10,238,189
10,239,466
10,240,235
10,241,737
10,242,539
10,243,426
10,244,975
10,245,328
10,246,271
10,247,915
10,248,702
10,249,945
10,250,743
10,251,963
10,252,826
10,253,473
10,254,20
10,255,207
10,256,13
10,257,217
10,258,579
10,259,620
10,260,16
10,261,699
10,262,827
10,263,514
10,264,386
10,265,48
10,266,875
10,267,14
10,268,38
10,269,546
10,270,267
10,271,38
10,272,29
10,273,258
10,274,247
10,275,794
10,276,636
10,277,251
10,278,205
10,279,236
10,280,688
10,281,772
10,282,596
10,283,46
10,284,30
10,285,795
10,286,821
10,287,25
10,288,953
10,289,256
10,290,593
10,291,899
10,292,44
10,293,39
10,294,649
10,295,144
10,296,522
10,297,571
10,298,345
10,299,40
10,300,37
10,301,698
10,302,364
10,303,754
10,304,16
10,305,14
10,306,799
10,307,282
10,308,574
10,309,891
10,310,37
10,311,432
10,312,233
10,313,44
10,314,695
10,315,669
10,316,220
10,317,40
10,318,992
10,319,632
10,320,278
10,321,120
10,322,861
10,323,426
10,324,17
10,325,785
10,326,643
10,327,572
10,328,74
10,329,161
10,330,81
10,331,735
10,332,721
10,333,36
10,334,523
10,335,783
10,336,454
10,337,639
10,338,663
10,339,643
10,340,721
10,341,540
10,342,62
10,343,869
10,344,606
10,345,749
10,346,537
10,347,436
10,348,253
10,349,536
10,350,806
10,351,995
10,352,808
10,353,761
10,354,952
10,355,466
10,356,706
10,357,796
10,358,896
10,359,311
10,360,24
10,361,611
10,362,26
10,363,695
10,364,709
10,365,54
10,366,32
10,367,381
10,368,997
10,369,803
10,370,22
10,371,21
10,372,305
10,373,128
10,374,47
10,375,446
10,376,25
10,377,947
10,378,773
10,379,984
10,380,468
10,381,342
10,382,532
10,383,803
10,384,644
10,385,24
10,386,679
10,387,543
10,388,42
10,389,706
10,390,10
10,391,534
10,392,673
10,393,981
10,394,28
10,395,698
10,396,348
10,397,286
10,398,508
10,399,366
10,400,884
10,401,632
10,402,886
10,403,82
10,404,840
10,405,45
10,406,435
10,407,794
10,408,595
10,409,48
10,410,882
10,411,675
10,412,158
10,413,560
10,414,17
10,415,963
10,416,344
10,417,42
10,418,22
10,419,27
10,420,760
10,421,46
10,422,697
10,423,490
10,424,48
10,425,564
10,426,148
10,427,422
10,428,27
10,429,985
10,430,773
10,431,953
10,432,216
10,433,926
10,434,472
10,435,418
10,436,698
10,437,703
10,438,981
10,439,682
10,440,125
10,441,571
10,442,875
10,443,224
10,444,35
10,445,28
10,446,781
10,447,20
10,448,664
10,449,415
10,450,497
10,451,662
10,452,634
10,453,119
10,454,429
10,455,881
10,456,732
10,457,124
10,458,915
10,459,109
10,460,431
10,461,44
10,462,33
10,463,155
10,464,726
10,465,23
10,466,923
10,467,772
10,468,28
10,469,918
10,470,809
10,471,330
10,472,50
10,473,33
10,474,784
10,475,423
10,476,67
10,477,303
10,478,70
10,479,251
10,480,267
10,481,644
10,482,368
10,483,729
10,484,653
10,485,475
10,486,40
10,487,27
10,488,305
10,489,717
10,490,22
10,491,771
10,492,793
10,493,171
10,494,431
10,495,22
10,496,324
10,497,19
10,498,982
10,499,834
10,500,921
11,1,12
11,2,162
11,3,337
11,4,934
11,5,616
11,6,438
11,7,678
11,8,401
11,9,248
11,10,44
11,11,41
11,12,653
11,13,554
11,14,29
11,15,38
11,16,692
11,17,747
11,18,42
11,19,175
11,20,15
11,21,710
11,22,289
11,23,834
11,24,547
11,25,583
11,26,891
11,27,481
11,28,209
11,29,361
11,30,953
11,31,179
11,32,37
11,33,667
11,34,427
11,35,659
11,36,569
11,37,482
11,38,766
11,39,651
11,40,555
11,41,555
11,42,86
11,43,482
11,44,707
11,45,42
11,46,42
11,47,41
11,48,774
11,49,687
11,50,699
11,51,742
11,52,886
11,53,847
11,54,473
11,55,484
11,56,239
11,57,674
11,58,50
11,59,560
11,60,26
11,61,42
11,62,176
11,63,545
11,64,39
11,65,717
11,66,35
11,67,37
11,68,63
11,69,30
11,70,998
11,71,31
11,72,535
11,73,592
11,74,28
11,75,404
11,76,521
11,77,75
11,78,806
11,79,581
11,80,48
11,81,569
11,82,162
11,83,941
11,84,674
11,85,38
11,86,673
11,87,632
11,88,14
11,89,281
11,90,549
11,91,444
11,92,554
11,93,160
11,94,53
11,95,55
11,96,665
11,97,183
11,98,699
11,99,38
11,100,894
11,101,893
11,102,476
11,103,94
11,104,502
11,105,47
11,106,23
11,107,758
11,108,720
11,109,98
11,110,377
11,111,10
11,112,242
11,113,199
11,114,611
11,115,45
11,116,22
11,117,816
11,118,32
11,119,23
11,120,531
11,121,795
11,122,848
11,123,924
11,124,25
11,125,551
11,126,14
11,127,173
11,128,530
11,129,838
11,130,527
11,131,15
11,132,245
11,133,638
11,134,47
11,135,225
11,136,66
11,137,591
11,138,785
11,139,770
11,140,503
11,141,988
11,142,835
11,143,481
11,144,972
11,145,883
11,146,50
11,147,199
11,148,32
11,149,410
11,150,122
11,151,235
11,152,23
11,153,927
11,154,16
11,155,780
11,156,170
11,157,742
11,158,391
11,159,725
11,160,134
11,161,16
11,162,583
11,163,917
11,164,680
11,165,756
11,166,615
11,167,410
11,168,49
11,169,225
11,170,49
11,171,581
11,172,378
11,173,441
11,174,931
11,175,399
11,176,498
11,177,33
11,178,845
11,179,453
11,180,840
11,181,694
11,182,617
11,183,394
11,184,410
11,185,868
11,186,17
11,187,17
11,188,115
11,189,611
11,190,40
11,191,568
11,192,24
11,193,881
11,194,733
11,195,807
11,196,21
11,197,615
11,198,779
11,199,603
11,200,715
11,201,534
11,202,642
11,203,612
11,204,187
11,205,741
11,206,949
11,207,620
11,208,597
11,209,43
11,210,10
11,211,356
11,212,910
11,213,950
11,214,333
11,215,18
11,216,300
11,217,294
11,218,784
11,219,307
11,220,46
11,221,437
11,222,667
11,223,640
11,224,473
11,225,218
11,226,887
11,227,859
11,228,844
11,229,519
11,230,729
11,231,312
11,232,785
11,233,616
11,234,178
11,235,429
11,236,488
11,237,345
11,238,708
11,239,781
11,240,563
11,241,643
11,242,529
11,243,12
11,244,864
11,245,308
11,246,990
11,247,388
11,248,989
11,249,755
11,250,403
11,251,26
11,252,818
11,253,755
11,254,578
11,255,320
11,256,580
11,257,43
11,258,907
11,259,663
11,260,767
11,261,332
11,262,358
11,263,35
11,264,26
11,265,41
11,266,48
11,267,937
11,268,954
11,269,856
11,270,862
11,271,136
11,272,116
11,273,281
11,274,725
11,275,922
11,276,142
11,277,40
11,278,601
11,279,546
11,280,83
11,281,247
11,282,731
11,283,544
11,284,493
11,285,296
11,286,11
11,287,409
11,288,39
11,289,656
11,290,768
11,291,561
11,292,610
11,293,439
11,294,213
11,295,566
11,296,602
11,297,228
11,298,50
11,299,874
11,300,46
11,301,34
11,302,919
11,303,38
11,304,23
11,305,560
11,306,202
11,307,668
11,308,956
11,309,21
11,310,523
11,311,22
11,312,634
11,313,580
11,314,305
11,315,337
11,316,716
11,317,42
11,318,550
11,319,790
11,320,18
11,321,33
11,322,324
11,323,363
11,324,84
11,325,770
11,326,38
11,327,231
11,328,957
11,329,641
11,330,631
11,331,13
11,332,27
11,333,42
11,334,589
11,335,20
11,336,18
11,337,398
11,338,575
11,339,25
11,340,31
11,341,241
11,342,403
11,343,750
11,344,45
11,345,10
11,346,15
11,347,919
11,348,10
11,349,181
11,350,819
11,351,401
11,352,86
11,353,50
11,354,724
11,355,237
11,356,686
11,357,835
11,358,148
11,359,246
11,360,23
11,361,31
11,362,16
11,363,834
11,364,22
11,365,447
11,366,862
11,367,68
11,368,977
11,369,70
11,370,708
11,371,357
11,372,672
11,373,570
11,374,34
11,375,524
11,376,27
11,377,273
11,378,705
11,379,29
11,380,631
11,381,293
11,382,675
11,383,968
11,384,924
11,385,445
11,386,860
11,387,695
11,388,533
11,389,988
11,390,807
11,391,284
11,392,27
11,393,938
11,394,846
11,395,83
11,396,59
11,397,276
11,398,720
11,399,676
11,400,722
11,401,25
11,402,75
11,403,17
11,404,241
11,405,854
11,406,555
11,407,787
11,408,223
11,409,31
11,410,19
11,411,539
11,412,849
11,413,586
11,414,39
11,415,600
11,416,443
11,417,695
11,418,138
11,419,851
11,420,341
11,421,756
11,422,779
11,423,195
11,424,993
11,425,14
11,426,18
11,427,711
11,428,432
11,429,307
11,430,783
11,431,815
11,432,71
11,433,38
11,434,40
11,435,104
11,436,32
11,437,987
11,438,13
11,439,90
11,440,53
11,441,973
11,442,968
11,443,648
11,444,309
11,445,47
11,446,869
11,447,655
11,448,291
11,449,878
11,450,613
11,451,609
11,452,987
11,453,394
11,454,19
11,455,902
11,456,929
11,457,964
11,458,49
11,459,877
11,460,22
11,461,177
11,462,770
11,463,782
11,464,804
11,465,845
11,466,516
11,467,48
11,468,21
11,469,747
11,470,880
11,471,327
11,472,87
11,473,29
11,474,755
11,475,868
11,476,53
11,477,938
11,478,945
11,479,752
11,480,536
11,481,726
11,482,257
11,483,416
11,484,372
11,485,16
11,486,581
11,487,402
11,488,400
11,489,945
11,490,58
11,491,962
11,492,924
11,493,185
11,494,606
11,495,699
11,496,553
11,497,958
11,498,31
11,499,31
11,500,131
12,1,346
12,2,988
12,3,729
12,4,833
12,5,31
12,6,172
12,7,243
12,8,406
12,9,578
12,10,45
12,11,403
12,12,35
12,13,254
12,14,728
12,15,912
12,16,536
12,17,42
12,18,245
12,19,401
12,20,401
12,21,788
12,22,558
12,23,944
12,24,584
12,25,519
12,26,795
12,27,872
12,28,23
12,29,31
12,30,973
12,31,711
12,32,814
12,33,883
12,34,684
12,35,228
12,36,149
12,37,580
12,38,999
12,39,576
12,40,401
12,41,119
12,42,695
12,43,27
12,44,597
12,45,553
12,46,960
12,47,359
12,48,429
12,49,361
12,50,595
12,51,498
12,52,34
12,53,761
12,54,47
12,55,115
12,56,645
12,57,356
12,58,534
12,59,97
12,60,830
12,61,173
12,62,557
12,63,919
12,64,927
12,65,998
12,66,939
12,67,41
12,68,50
12,69,565
12,70,112
12,71,720
12,72,862
12,73,473
12,74,943
12,75,766
12,76,39
12,77,727
12,78,800
12,79,42
12,80,810
12,81,684
12,82,834
12,83,858
12,84,23
12,85,157
12,86,513
12,87,452
12,88,852
12,89,33
12,90,688
12,91,788
12,92,797
12,93,516
12,94,870
12,95,104
12,96,361
12,97,26
12,98,653
12,99,28
12,100,56
12,101,262
12,102,173
12,103,187
12,104,302
12,105,30
12,106,16
12,107,47
12,108,851
12,109,896
12,110,478
12,111,676
12,112,186
12,113,252
12,114,34
12,115,183
12,116,704
12,117,730
12,118,86
12,119,578
12,120,29
12,121,915
12,122,109
12,123,558
12,124,396
12,125,180
12,126,963
12,127,38
12,128,895
12,129,237
12,130,153
12,131,850
12,132,31
12,133,688
12,134,713
12,135,713
12,136,946
12,137,491
12,138,191
12,139,10
12,140,49
12,141,655
12,142,152
12,143,228
12,144,10
12,145,24
12,146,18
12,147,669
12,148,21
12,149,639
12,150,714
12,151,591
12,152,405
12,153,553
12,154,88
12,155,812
12,156,23
12,157,669
12,158,21
12,159,486
12,160,30
12,161,37
12,162,221
12,163,588
12,164,994
12,165,144
12,166,708
12,167,272
12,168,479
12,169,18
12,170,15
12,171,710
12,172,386
12,173,826
12,174,998
12,175,899
12,176,359
12,177,44
12,178,609
12,179,17
12,180,842
12,181,522
12,182,43
12,183,693
12,184,371
12,185,85
12,186,318
12,187,535
12,188,597
12,189,94
12,190,961
12,191,844
12,192,900
12,193,676
12,194,557
12,195,227
12,196,236
12,197,598
12,198,222
12,199,805
12,200,376
12,201,879
12,202,934
12,203,144
12,204,26
12,205,774
12,206,621
12,207,880
12,208,369
12,209,983
12,210,595
12,211,282
12,212,561
12,213,960
12,214,31
12,215,819
12,216,15
12,217,46
12,218,50
12,219,900
12,220,231
12,221,41
12,222,625
12,223,25
12,224,417
12,225,699
12,226,533
12,227,208
12,228,15
12,229,451
12,230,728
12,231,466
12,232,205
12,233,354
12,234,539
12,235,45
12,236,13
12,237,14
12,238,26
12,239,585
12,240,17
12,241,45
12,242,548
12,243,758
12,244,574
12,245,485
12,246,356
12,247,931
12,248,704
12,249,138
12,250,641
12,251,938
12,252,433
12,253,615
12,254,263
12,255,854
12,256,538
12,257,673
12,258,194
12,259,814
12,260,306
12,261,746
12,262,590
12,263,42
12,264,28
12,265,792
12,266,613
12,267,509
12,268,145
12,269,361
12,270,599
12,271,636
12,272,21
12,273,809
12,274,558
12,275,908
12,276,48
12,277,533
12,278,491
12,279,32
12,280,491
12,281,28
12,282,475
12,283,294
12,284,817
12,285,74
12,286,446
12,287,20
12,288,25
12,289,366
12,290,500
12,291,109
12,292,10
12,293,878
12,294,353
12,295,50
12,296,137
12,297,79
12,298,472
12,299,440
12,300,951
12,301,43
12,302,694
12,303,322
12,304,638
12,305,638
12,306,981
12,307,970
12,308,984
12,309,46
12,310,18
12,311,651
12,312,983
12,313,847
12,314,424
12,315,363
12,316,560
12,317,724
12,318,29
12,319,704
12,320,362
12,321,835
12,322,664
12,323,532
12,324,940
12,325,102
12,326,414
12,327,947
12,328,479
12,329,270
12,330,932
12,331,426
12,332,879
12,333,294
12,334,802
12,335,391
12,336,409
12,337,37
12,338,516
12,339,608
12,340,792
12,341,146
12,342,24
12,343,11
12,344,113
12,345,670
12,346,40
12,347,937
12,348,204
12,349,594
12,350,111
12,351,18
12,352,228
12,353,642
12,354,732
12,355,205
12,356,703
12,357,808
12,358,363
12,359,712
12,360,172
12,361,23
12,362,234
12,363,550
12,364,855
12,365,31
12,366,27
12,367,771
12,368,16
12,369,274
12,370,18
12,371,48
12,372,209
12,373,23
12,374,288
12,375,391
12,376,666
12,377,600
12,378,584
12,379,24
12,380,30
12,381,942
12,382,567
12,383,557
12,384,12
12,385,656
12,386,640
12,387,40
12,388,346
12,389,41
12,390,870
12,391,221
12,392,840
12,393,751
12,394,990
12,395,297
12,396,530
12,397,683
12,398,40
12,399,307
12,400,252
12,401,80
12,402,561
12,403,537
12,404,450
12,405,317
12,406,260
12,407,128
12,408,738
12,409,931
12,410,701
12,411,814
12,412,801
12,413,341
12,414,43
12,415,926
12,416,750
12,417,12
12,418,29
12,419,672
12,420,688
12,421,31
12,422,728
12,423,730
12,424,526
12,425,542
12,426,198
12,427,399
12,428,410
12,429,398
12,430,830
12,431,105
12,432,496
12,433,506
12,434,798
12,435,761
12,436,579
12,437,368
12,438,10
12,439,15
12,440,106
12,441,564
12,442,269
12,443,12
12,444,118
12,445,389
12,446,279
12,447,808
12,448,35
12,449,784
12,450,16
12,451,888
12,452,30
12,453,955
12,454,607
12,455,799
12,456,119
12,457,858
12,458,675
12,459,375
12,460,23
12,461,82
12,462,809
12,463,298
12,464,48
12,465,659
12,466,78
12,467,777
12,468,940
12,469,14
12,470,901
12,471,637
12,472,37
12,473,39
12,474,26
12,475,301
12,476,653
12,477,951
12,478,817
12,479,935
12,480,826
12,481,504
12,482,499
12,483,672
12,484,396
12,485,971
12,486,954
12,487,201
12,488,721
12,489,816
12,490,564
12,491,886
12,492,294
12,493,980
12,494,771
12,495,561
12,496,833
12,497,643
12,498,511
12,499,330
12,500,229
13,1,826
13,2,293
13,3,851
13,4,15
13,5,18
13,6,652
13,7,17
13,8,391
13,9,25
13,10,813
13,11,534
13,12,525
13,13,29
13,14,821
13,15,43
13,16,23
13,17,126
13,18,632
13,19,40
13,20,866
13,21,130
13,22,561
13,23,994
13,24,661
13,25,993
13,26,328
13,27,40
13,28,270
13,29,566
13,30,954
13,31,143
13,32,574
13,33,521
13,34,593
13,35,912
13,36,234
13,37,16
13,38,544
13,39,113
13,40,31
13,41,425
13,42,432
13,43,50
13,44,39
13,45,35
13,46,37
13,47,44
13,48,10
13,49,623
13,50,716
13,51,13
13,52,136
13,53,371
13,54,196
13,55,602
13,56,754
13,57,386
13,58,608
13,59,59
13,60,25
13,61,953
13,62,132
13,63,42
13,64,237
13,65,999
13,66,602
13,67,598
13,68,809
13,69,34
13,70,887
13,71,658
13,72,926
13,73,745
13,74,866
13,75,20
13,76,465
13,77,15
13,78,136
13,79,946
13,80,467
13,81,32
13,82,273
13,83,693
13,84,199
13,85,979
13,86,143
13,87,814
13,88,771
13,89,384
13,90,885
13,91,82
13,92,220
13,93,472
13,94,118
13,95,767
13,96,10
13,97,945
13,98,851
13,99,898
13,100,318
13,101,39
13,102,126
13,103,836
13,104,24
13,105,18
13,106,880
13,107,738
13,108,349
13,109,184
13,110,202
13,111,989
13,112,712
13,113,274
13,114,854
13,115,442
13,116,897
13,117,671
13,118,716
13,119,102
13,120,683
13,121,245
13,122,748
13,123,46
13,124,298
13,125,711
13,126,489
13,127,457
13,128,957
13,129,861
13,130,964
13,131,830
13,132,48
13,133,556
13,134,110
13,135,93
13,136,573
13,137,711
13,138,586
13,139,722
13,140,659
13,141,477
13,142,936
13,143,645
13,144,288
13,145,931
13,146,501
13,147,87
13,148,645
13,149,19
13,150,545
13,151,964
13,152,627
13,153,849
13,154,97
13,155,321
13,156,14
13,157,29
13,158,989
13,159,48
13,160,773
13,161,826
13,162,270
13,163,281
13,164,712
13,165,45
13,166,958
13,167,493
13,168,773
13,169,835
13,170,918
13,171,405
13,172,822
13,173,903
13,174,952
13,175,415
13,176,165
13,177,564
13,178,33
13,179,743
13,180,319
13,181,18
13,182,133
13,183,156
13,184,490
13,185,225
13,186,327
13,187,178
13,188,410
13,189,35
13,190,690
13,191,96
13,192,34
13,193,214
13,194,36
13,195,735
13,196,893
13,197,352
13,198,609
13,199,663
13,200,22
13,201,964
13,202,95
13,203,38
13,204,936
13,205,967
13,206,500
13,207,526
13,208,440
13,209,872
13,210,48
13,211,611
13,212,513
13,213,39
13,214,923
13,215,755
13,216,631
13,217,699
13,218,23
13,219,334
13,220,588
13,221,469
13,222,912
13,223,240
13,224,757
13,225,684
13,226,181
13,227,768
13,228,266
13,229,710
13,230,43
13,231,44
13,232,567
13,233,246
13,234,718
13,235,633
13,236,525
13,237,41
13,238,248
13,239,444
13,240,509
13,241,906
13,242,495
13,243,28
13,244,404
13,245,938
13,246,1000
13,247,773
13,248,802
13,249,92
13,250,793
13,251,150
13,252,986
13,253,563
13,254,42
13,255,223
13,256,102
13,257,524
13,258,47
13,259,180
13,260,631
13,261,23
13,262,39
13,263,543
13,264,858
13,265,615
13,266,749
13,267,401
13,268,725
13,269,422
13,270,141
13,271,514
13,272,685
13,273,400
13,274,812
13,275,347
13,276,17
13,277,690
13,278,902
13,279,559
13,280,304
13,281,20
13,282,472
13,283,973
13,284,876
13,285,927
13,286,63
13,287,862
13,288,822
13,289,47
13,290,139
13,291,300
13,292,958
13,293,847
13,294,20
13,295,85
13,296,213
13,297,901
13,298,159
13,299,13
13,300,886
13,301,975
13,302,508
13,303,861
13,304,18
13,305,610
13,306,280
13,307,617
13,308,794
13,309,355
13,310,856
13,311,50
13,312,381
13,313,25
13,314,942
13,315,751
13,316,15
13,317,887
13,318,511
13,319,667
13,320,866
13,321,591
13,322,43
13,323,20
13,324,579
13,325,820
13,326,977
13,327,113
13,328,987
13,329,958
13,330,631
13,331,590
13,332,344
13,333,408
13,334,165
13,335,39
13,336,11
13,337,830
13,338,22
13,339,738
13,340,421
13,341,738
13,342,577
13,343,73
13,344,140
13,345,704
13,346,21
13,347,539
13,348,243
13,349,565
13,350,445
13,351,592
13,352,982
13,353,42
13,354,761
13,355,29
13,356,981
13,357,466
13,358,367
13,359,641
13,360,504
13,361,540
13,362,521
13,363,724
13,364,754
13,365,233
13,366,549
13,367,931
13,368,978
13,369,67
13,370,435
13,371,85
13,372,469
13,373,17
13,374,40
13,375,321
13,376,465
13,377,312
13,378,718
13,379,728
13,380,504
13,381,843
13,382,48
13,383,441
13,384,692
13,385,670
13,386,977
13,387,472
13,388,934
13,389,591
13,390,332
13,391,316
13,392,903
13,393,608
13,394,44
13,395,471
13,396,97
13,397,463
13,398,778
13,399,726
13,400,399
13,401,501
13,402,347
13,403,266
13,404,250
13,405,271
13,406,15
13,407,14
13,408,566
13,409,18
13,410,43
13,411,810
13,412,836
13,413,433
13,414,777
13,415,650
13,416,747
13,417,387
13,418,143
13,419,275
13,420,621
13,421,571
13,422,765
13,423,12
13,424,941
13,425,374
13,426,278
13,427,487
13,428,800
13,429,553
13,430,826
13,431,388
13,432,689
13,433,20
13,434,29
13,435,321
13,436,662
13,437,22
13,438,155
13,439,555
13,440,623
13,441,825
13,442,428
13,443,670
13,444,837
13,445,647
13,446,881
13,447,707
13,448,434
13,449,916
13,450,964
13,451,830
13,452,30
13,453,47
13,454,923
13,455,961
13,456,934
13,457,12
13,458,43
13,459,395
13,460,539
13,461,650
13,462,800
13,463,558
13,464,730
13,465,572
13,466,40
13,467,529
13,468,244
13,469,375
13,470,658
13,471,356
13,472,32
13,473,977
13,474,545
13,475,647
13,476,837
13,477,20
13,478,837
13,479,736
13,480,50
13,481,954
13,482,11
13,483,45
13,484,101
13,485,703
13,486,600
13,487,430
13,488,10
13,489,800
13,490,35
13,491,29
13,492,635
13,493,410
13,494,316
13,495,41
13,496,662
13,497,729
13,498,38
13,499,48
13,500,313
14,1,50
14,2,202
14,3,468
14,4,507
14,5,942
14,6,669
14,7,954
14,8,908
14,9,24
14,10,377
14,11,984
14,12,50
14,13,254
14,14,893
14,15,680
14,16,636
14,17,44
14,18,677
14,19,463
14,20,990
14,21,81
14,22,889
14,23,964
14,24,932
14,25,168
14,26,14
14,27,815
14,28,205
14,29,401
14,30,437
14,31,38
14,32,571
14,33,232
14,34,32
14,35,826
14,36,320
14,37,198
14,38,23
14,39,194
14,40,47
14,41,675
14,42,214
14,43,992
14,44,17
14,45,115
14,46,11
14,47,792
14,48,595
14,49,832
14,50,19
14,51,28
14,52,51
14,53,302
14,54,533
14,55,48
14,56,919
14,57,981
14,58,529
14,59,453
14,60,793
14,61,266
14,62,207
14,63,29
14,64,632
14,65,41
14,66,222
14,67,749
14,68,510
14,69,754
14,70,410
14,71,626
14,72,241
14,73,980
14,74,18
14,75,431
14,76,628
14,77,256
14,78,829
14,79,876
14,80,655
14,81,967
14,82,681
14,83,590
14,84,998
14,85,394
14,86,720
14,87,522
14,88,33
14,89,785
14,90,406
14,91,161
14,92,574
14,93,29
14,94,983
14,95,23
14,96,264
14,97,32
14,98,852
14,99,908
14,100,94
14,101,458
14,102,847
14,103,632
14,104,979
14,105,25
14,106,578
14,107,46
14,108,26
14,109,449
14,110,11
14,111,25
14,112,506
14,113,10
14,114,730
14,115,936
14,116,109
14,117,703
14,118,181
14,119,616
14,120,508
14,121,44
14,122,38
14,123,176
14,124,75
14,125,722
14,126,855
14,127,36
14,128,693
14,129,717
14,130,279
14,131,30
14,132,863
14,133,944
14,134,31
14,135,549
14,136,541
14,137,22
14,138,829
14,139,20
14,140,741
14,141,17
14,142,230
14,143,762
14,144,25
14,145,33
14,146,33
14,147,745
14,148,16
14,149,343
14,150,14
14,151,526
14,152,48
14,153,807
14,154,805
14,155,707
14,156,507
14,157,990
14,158,276
14,159,618
14,160,42
14,161,28
14,162,514
14,163,497
14,164,649
14,165,103
14,166,143
14,167,406
14,168,32
14,169,45
14,170,173
14,171,247
14,172,767
14,173,535
14,174,721
14,175,745
14,176,536
14,177,353
14,178,953
14,179,23
14,180,537
14,181,704
14,182,78
14,183,373
14,184,841
14,185,43
14,186,29
14,187,30
14,188,763
14,189,986
14,190,501
14,191,967
14,192,512
14,193,290
14,194,398
14,195,33
14,196,748
14,197,18
14,198,879
14,199,883
14,200,937
14,201,766
14,202,85
14,203,600
14,204,358
14,205,900
14,206,31
14,207,279
14,208,30
14,209,15
14,210,731
14,211,794
14,212,762
14,213,40
14,214,11
14,215,628
14,216,17
14,217,39
14,218,595
14,219,611
14,220,49
14,221,797
14,222,237
14,223,72
14,224,934
14,225,40
14,226,13
14,227,790
14,228,769
14,229,900
14,230,994
14,231,274
14,232,539
14,233,118
14,234,882
14,235,217
14,236,26
14,237,936
14,238,47
14,239,277
14,240,899
14,241,699
14,242,814
14,243,42
14,244,965
14,245,333
14,246,913
14,247,663
14,248,720
14,249,444
14,250,46
14,251,28
14,252,36
14,253,26
14,254,947
14,255,181
14,256,168
14,257,233
14,258,745
14,259,67
14,260,526
14,261,704
14,262,23
14,263,501
14,264,239
14,265,592
14,266,767
14,267,296
14,268,442
14,269,43
14,270,624
14,271,889
14,272,999
14,273,453
14,274,49
14,275,775
14,276,786
14,277,673
14,278,69
14,279,117
14,280,197
14,281,803
14,282,42
14,283,681
14,284,912
14,285,254
14,286,869
14,287,863
14,288,479
14,289,957
14,290,991
14,291,827
14,292,813
14,293,995
14,294,550
14,295,47
14,296,10
14,297,996
14,298,601
14,299,306
14,300,17
14,301,644
14,302,608
14,303,679
14,304,483
14,305,991
14,306,371
14,307,169
14,308,399
14,309,568
14,310,825
14,311,489
14,312,20
14,313,604
14,314,19
14,315,606
14,316,29
14,317,610
14,318,777
14,319,34
14,320,21
14,321,40
14,322,411
14,323,106
14,324,162
14,325,769
14,326,101
14,327,745
14,328,906
14,329,40
14,330,620
14,331,491
14,332,60
14,333,394
14,334,23
14,335,965
14,336,32
14,337,17
14,338,789
14,339,779
14,340,256
14,341,368
14,342,600
14,343,715
14,344,51
14,345,724
14,346,756
14,347,452
14,348,35
14,349,593
14,350,688
14,351,791
14,352,14
14,353,502
14,354,480
14,355,968
14,356,867
14,357,507
14,358,460
14,359,178
14,360,403
14,361,291
14,362,244
14,363,92
14,364,126
14,365,27
14,366,23
14,367,979
14,368,1000
14,369,431
14,370,16
14,371,353
14,372,37
14,373,641
14,374,32
14,375,343
14,376,84
14,377,890
14,378,42
14,379,27
14,380,817
14,381,13
14,382,44
14,383,649
14,384,647
14,385,652
14,386,543
14,387,25
14,388,13
14,389,223
14,390,517
14,391,986
14,392,880
14,393,15
14,394,928
14,395,202
14,396,50
14,397,331
14,398,808
14,399,248
14,400,36
14,401,588
14,402,685
14,403,11
14,404,428
14,405,527
14,406,150
14,407,575
14,408,948
14,409,927
14,410,197
14,411,479
14,412,956
14,413,720
14,414,747
14,415,202
14,416,233
14,417,885
14,418,38
14,419,264
14,420,287
14,421,50
14,422,695
14,423,784
14,424,693
14,425,352
14,426,838
14,427,19
14,428,276
14,429,31
14,430,782
14,431,671
14,432,768
14,433,464
14,434,81
14,435,13
14,436,703
14,437,874
14,438,29
14,439,199
14,440,282
14,441,223
14,442,884
14,443,506
14,444,982
14,445,193
14,446,780
14,447,97
14,448,22
14,449,459
14,450,18
14,451,865
14,452,503
14,453,788
14,454,44
14,455,693
14,456,696
14,457,465
14,458,763
14,459,122
14,460,335
14,461,11
14,462,29
14,463,503
14,464,509
14,465,420
14,466,745
14,467,343
14,468,792
14,469,324
14,470,641
14,471,802
14,472,102
14,473,552
14,474,675
14,475,888
14,476,725
14,477,229
14,478,526
14,479,633
14,480,884
14,481,131
14,482,962
14,483,250
14,484,144
14,485,48
14,486,973
14,487,48
14,488,982
14,489,670
14,490,207
14,491,744
14,492,758
14,493,971
14,494,44
14,495,396
14,496,181
14,497,969
14,498,838
14,499,36
14,500,396
15,1,668
15,2,858
15,3,115
15,4,277
15,5,651
15,6,944
15,7,833
15,8,44
15,9,343
15,10,13
15,11,462
15,12,19
15,13,639
15,14,219
15,15,17
15,16,46
15,17,912
15,18,543
15,19,113
15,20,759
15,21,787
15,22,45
15,23,11
15,24,45
15,25,530
15,26,135
15,27,58
15,28,620
15,29,334
15,30,154
15,31,91
15,32,14
15,33,581
15,34,655
15,35,42
15,36,580
15,37,760
15,38,164
15,39,444
15,40,299
15,41,781
15,42,56
15,43,944
15,44,200
15,45,36
15,46,991
15,47,760
15,48,299
15,49,568
15,50,960
15,51,513
15,52,883
15,53,46
15,54,789
15,55,644
15,56,740
15,57,154
15,58,20
15,59,512
15,60,321
15,61,37
15,62,249
15,63,437
15,64,34
15,65,496
15,66,989
15,67,16
15,68,160
15,69,970
15,70,34
15,71,527
15,72,47
15,73,26
15,74,871
15,75,878
15,76,28
15,77,43
15,78,792
15,79,214
15,80,185
15,81,564
15,82,252
15,83,964
15,84,513
15,85,930
15,86,521
15,87,310
15,88,70
15,89,400
15,90,427
15,91,331
15,92,107
15,93,716
15,94,524
15,95,974
15,96,909
15,97,469
15,98,41
15,99,882
15,100,522
15,101,784
15,102,598
15,103,765
15,104,466
15,105,161
15,106,509
15,107,15
15,108,36
15,109,556
15,110,186
15,111,565
15,112,368
15,113,807
15,114,764
15,115,104
15,116,840
15,117,741
15,118,382
15,119,23
15,120,823
15,121,397
15,122,38
15,123,49
15,124,679
15,125,350
15,126,831
15,127,32
15,128,54
15,129,256
15,130,942
15,131,42
15,132,427
15,133,892
15,134,860
15,135,573
15,136,633
15,137,958
15,138,751
15,139,702
15,140,41
15,141,540
15,142,931
15,143,41
15,144,514
15,145,29
15,146,147
15,147,597
15,148,685
15,149,103
15,150,224
15,151,538
15,152,942
15,153,455
15,154,19
15,155,43
15,156,44
15,157,564
15,158,850
15,159,24
15,160,286
15,161,43
15,162,34
15,163,919
15,164,46
15,165,963
15,166,697
15,167,561
15,168,901
15,169,175
15,170,953
15,171,25
15,172,255
15,173,876
15,174,50
15,175,274
15,176,1000
15,177,820
15,178,30
15,179,170
15,180,655
15,181,831
15,182,828
15,183,33
15,184,240
15,185,376
15,186,343
15,187,264
15,188,961
15,189,620
15,190,37
15,191,825
15,192,35
15,193,369
15,194,938
15,195,29
15,196,841
15,197,673
15,198,930
15,199,527
15,200,601
15,201,872
15,202,976
15,203,17
15,204,496
15,205,916
15,206,163
15,207,85
15,208,814
15,209,576
15,210,35
15,211,847
15,212,793
15,213,229
15,214,43
15,215,10
15,216,288
15,217,206
15,218,883
15,219,40
15,220,21
15,221,40
15,222,766
15,223,771
15,224,543
15,225,771
15,226,10
15,227,538
15,228,970
15,229,623
15,230,12
15,231,908
15,232,712
15,233,41
15,234,454
15,235,850
15,236,111
15,237,204
15,238,796
15,239,993
15,240,194
15,241,786
15,242,17
15,243,914
15,244,54
15,245,971
15,246,774
15,247,20
15,248,480
15,249,599
15,250,258
15,251,501
15,252,236
15,253,109
15,254,546
15,255,17
15,256,617
15,257,772
15,258,519
15,259,673
15,260,559
15,261,801
15,262,930
15,263,859
15,264,577
15,265,116
15,266,822
15,267,968
15,268,201
15,269,38
15,270,496
15,271,499
15,272,224
15,273,496
15,274,823
15,275,27
15,276,38
15,277,976
15,278,446
15,279,522
15,280,858
15,281,19
15,282,914
15,283,236
15,284,49
15,285,32
15,286,26
15,287,359
15,288,235
15,289,883
15,290,755
15,291,800
15,292,519
15,293,664
15,294,967
15,295,18
15,296,109
15,297,51
15,298,491
15,299,786
15,300,868
15,301,843
15,302,911
15,303,23
15,304,290
15,305,572
15,306,961
15,307,671
15,308,809
15,309,820
15,310,772
15,311,715
15,312,12
15,313,23
15,314,92
15,315,20
15,316,42
15,317,19
15,318,793
15,319,739
15,320,194
15,321,761
15,322,12
15,323,609
15,324,744
15,325,505
15,326,408
15,327,771
15,328,934
15,329,47
15,330,782
15,331,450
15,332,508
15,333,25
15,334,31
15,335,215
15,336,26
15,337,73
15,338,810
15,339,34
15,340,922
15,341,948
15,342,355
15,343,842
15,344,33
15,345,561
15,346,13
15,347,659
15,348,328
15,349,44
15,350,855
15,351,815
15,352,975
15,353,736
15,354,781
15,355,943
15,356,818
15,357,41
15,358,16
15,359,286
15,360,38
15,361,692
15,362,27
15,363,445
15,364,116
15,365,142
15,366,14
15,367,802
15,368,954
15,369,507
15,370,53
15,371,545
15,372,383
15,373,17
15,374,988
15,375,50
15,376,11
15,377,674
15,378,660
15,379,234
15,380,10
15,381,874
15,382,625
15,383,345
15,384,28
15,385,40
15,386,862
15,387,422
15,388,878
15,389,40
15,390,38
15,391,31
15,392,927
15,393,634
15,394,701
15,395,420
15,396,970
15,397,333
15,398,18
15,399,233
15,400,644
15,401,671
15,402,983
15,403,611
15,404,908
15,405,740
15,406,65
15,407,80
15,408,936
15,409,926
15,410,677
15,411,846
15,412,564
15,413,635
15,414,605
15,415,860
15,416,647
15,417,215
15,418,36
15,419,847
15,420,844
15,421,653
15,422,807
15,423,111
15,424,918
15,425,41
15,426,22
15,427,35
15,428,999
15,429,895
15,430,370
15,431,947
15,432,381
15,433,101
15,434,754
15,435,41
15,436,46
15,437,49
15,438,843
15,439,590
15,440,914
15,441,254
15,442,145
15,443,310
15,444,857
15,445,580
15,446,706
15,447,659
15,448,588
15,449,876
15,450,293
15,451,34
15,452,920
15,453,796
15,454,270
15,455,831
15,456,512
15,457,113
15,458,910
15,459,607
15,460,952
15,461,618
15,462,749
15,463,878
15,464,24
15,465,18
15,466,967
15,467,17
15,468,354
15,469,945
15,470,948
15,471,740
15,472,48
15,473,950
15,474,652
15,475,361
15,476,13
15,477,517
15,478,43
15,479,521
15,480,575
15,481,40
15,482,877
15,483,57
15,484,371
15,485,868
15,486,736
15,487,51
15,488,568
15,489,38
15,490,954
15,491,18
15,492,618
15,493,830
15,494,562
15,495,593
15,496,650
15,497,286
15,498,832
15,499,892
15,500,18
16,1,38
16,2,50
16,3,377
16,4,977
16,5,589
16,6,358
16,7,446
16,8,19
16,9,648
16,10,587
16,11,946
16,12,273
16,13,32
16,14,648
16,15,240
16,16,848
16,17,489
16,18,66
16,19,602
16,20,41
16,21,590
16,22,11
16,23,814
16,24,677
16,25,12
16,26,672
16,27,637
16,28,956
16,29,476
16,30,168
16,31,20
16,32,597
16,33,21
16,34,398
16,35,869
16,36,68
16,37,968
16,38,272
16,39,717
16,40,615
16,41,699
16,42,551
16,43,517
16,44,800
16,45,56
16,46,623
16,47,742
16,48,16
16,49,973
16,50,691
16,51,18
16,52,742
16,53,867
16,54,701
16,55,503
16,56,384
16,57,317
16,58,29
16,59,371
16,60,551
16,61,896
16,62,524
16,63,261
16,64,132
16,65,521
16,66,781
16,67,807
16,68,91
16,69,228
16,70,216
16,71,398
16,72,860
16,73,415
16,74,870
16,75,168
16,76,958
16,77,999
16,78,478
16,79,419
16,80,13
16,81,282
16,82,934
16,83,818
16,84,45
16,85,817
16,86,682
16,87,50
16,88,48
16,89,28
16,90,27
16,91,49
16,92,516
16,93,994
16,94,102
16,95,694
16,96,51
16,97,45
16,98,666
16,99,470
16,100,53
16,101,765
16,102,17
16,103,297
16,104,750
16,105,765
16,106,516
16,107,833
16,108,888
16,109,648
16,110,887
16,111,467
16,112,187
16,113,695
16,114,112
16,115,757
16,116,163
16,117,187
16,118,793
16,119,381
16,120,911
16,121,994
16,122,980
16,123,590
16,124,189
16,125,456
16,126,944
16,127,887
16,128,394
16,129,523
16,130,21
16,131,732
16,132,139
16,133,581
16,134,821
16,135,842
16,136,432
16,137,29
16,138,647
16,139,671
16,140,762
16,141,497
16,142,92
16,143,986
16,144,956
16,145,12
16,146,787
16,147,865
16,148,896
16,149,463
16,150,198
16,151,105
16,152,948
16,153,323
16,154,493
16,155,799
16,156,822
16,157,789
16,158,81
16,159,669
16,160,114
16,161,979
16,162,308
16,163,493
16,164,390
16,165,542
16,166,131
16,167,734
16,168,596
16,169,40
16,170,45
16,171,736
16,172,989
16,173,879
16,174,36
16,175,804
16,176,31
16,177,713
16,178,19
16,179,747
16,180,108
16,181,799
16,182,269
16,183,49
16,184,527
16,185,17
16,186,16
16,187,138
16,188,591
16,189,589
16,190,597
16,191,547
16,192,45
16,193,951
16,194,30
16,195,18
16,196,12
16,197,87
16,198,735
16,199,779
16,200,17
16,201,93
16,202,923
16,203,37
16,204,27
16,205,128
16,206,904
16,207,740
16,208,182
16,209,85
16,210,442
16,211,545
16,212,416
16,213,678
16,214,148
16,215,405
16,216,972
16,217,552
16,218,57
16,219,73
16,220,460
16,221,608
16,222,794
16,223,115
16,224,11
16,225,639
16,226,648
16,227,964
16,228,135
16,229,366
16,230,969
16,231,221
16,232,353
16,233,692
16,234,987
16,235,952
16,236,582
16,237,564
16,238,899
16,239,376
16,240,31
16,241,472
16,242,26
16,243,726
16,244,806
16,245,11
16,246,945
16,247,84
16,248,565
16,249,680
16,250,762
16,251,50
16,252,34
16,253,588
16,254,93
16,255,331
16,256,492
16,257,282
16,258,388
16,259,964
16,260,998
16,261,115
16,262,355
16,263,18
16,264,844
16,265,253
16,266,730
16,267,25
16,268,192
16,269,714
16,270,18
16,271,90
16,272,701
16,273,38
16,274,42
16,275,817
16,276,285
16,277,799
16,278,133
16,279,831
16,280,857
16,281,32
16,282,509
16,283,903
16,284,27
16,285,354
16,286,31
16,287,409
16,288,692
16,289,472
16,290,853
16,291,684
16,292,935
16,293,481
16,294,702
16,295,32
16,296,550
16,297,856
16,298,641
16,299,23
16,300,792
16,301,754
16,302,531
16,303,169
16,304,822
16,305,126
16,306,858
16,307,604
16,308,735
16,309,994
16,310,538
16,311,444
16,312,425
16,313,42
16,314,196
16,315,678
16,316,459
16,317,740
16,318,13
16,319,481
16,320,872
16,321,823
16,322,474
16,323,37
16,324,410
16,325,42
16,326,886
16,327,713
16,328,252
16,329,38
16,330,12
16,331,328
16,332,930
16,333,799
16,334,881
16,335,18
16,336,514
16,337,368
16,338,220
16,339,990
16,340,649
16,341,715
16,342,20
16,343,819
16,344,150
16,345,845
16,346,749
16,347,610
16,348,946
16,349,874
16,350,848
16,351,164
16,352,50
16,353,723
16,354,270
16,355,679
16,356,44
16,357,533
16,358,648
16,359,610
16,360,46
16,361,640
16,362,381
16,363,857
16,364,185
16,365,43
16,366,750
16,367,288
16,368,38
16,369,713
16,370,483
16,371,880
16,372,217
16,373,757
16,374,673
16,375,525
16,376,62
16,377,252
16,378,267
16,379,778
16,380,977
16,381,618
16,382,791
16,383,557
16,384,34
16,385,196
16,386,843
16,387,324
16,388,23
16,389,690
16,390,500
16,391,776
16,392,299
16,393,710
16,394,368
16,395,953
16,396,786
16,397,318
16,398,880
16,399,16
16,400,631
16,401,861
16,402,336
16,403,581
16,404,877
16,405,249
16,406,669
16,407,27
16,408,250
16,409,643
16,410,882
16,411,977
16,412,337
16,413,900
16,414,19
16,415,314
16,416,783
16,417,941
16,418,803
16,419,127
16,420,463
16,421,887
16,422,538
16,423,573
16,424,492
16,425,34
16,426,37
16,427,857
16,428,892
16,429,28
16,430,532
16,431,963
16,432,715
16,433,624
16,434,554
16,435,452
16,436,924
16,437,216
16,438,325
16,439,791
16,440,532
16,441,822
16,442,285
16,443,116
16,444,29
16,445,660
16,446,677
16,447,797
16,448,884
16,449,668
16,450,272
16,451,21
16,452,944
16,453,929
16,454,795
16,455,346
16,456,50
16,457,910
16,458,267
16,459,10
16,460,13
16,461,850
16,462,36
16,463,585
16,464,571
16,465,999
16,466,19
16,467,34
16,468,121
16,469,555
16,470,64
16,471,879
16,472,265
16,473,216
16,474,14
16,475,634
16,476,862
16,477,603
16,478,725
16,479,14
16,480,588
16,481,508
16,482,952
16,483,358
16,484,896
16,485,766
16,486,31
16,487,23
16,488,622
16,489,126
16,490,474
16,491,524
16,492,976
16,493,11
16,494,86
16,495,217
16,496,892
16,497,280
16,498,91
16,499,174
16,500,828
17,1,686
17,2,922
17,3,693
17,4,694
17,5,955
17,6,863
17,7,32
17,8,683
17,9,38
17,10,896
17,11,426
17,12,567
17,13,987
17,14,956
17,15,35
17,16,47
17,17,553
17,18,567
17,19,838
17,20,197
17,21,603
17,22,144
17,23,320
17,24,79
17,25,730
17,26,669
17,27,58
17,28,91
17,29,783
17,30,457
17,31,280
17,32,161
17,33,35
17,34,49
17,35,991
17,36,24
17,37,802
17,38,242
17,39,241
17,40,660
17,41,775
17,42,26
17,43,564
17,44,466
17,45,21
17,46,687
17,47,284
17,48,604
17,49,36
17,50,209
17,51,25
17,52,12
17,53,114
17,54,168
17,55,42
17,56,524
17,57,159
17,58,510
17,59,337
17,60,14
17,61,760
17,62,569
17,63,597
17,64,632
17,65,999
17,66,149
17,67,515
17,68,643
17,69,56
17,70,878
17,71,417
17,72,31
17,73,419
17,74,980
17,75,191
17,76,824
17,77,42
17,78,534
17,79,29
17,80,17
17,81,26
17,82,398
17,83,13
17,84,683
17,85,21
17,86,597
17,87,295
17,88,42
17,89,248
17,90,178
17,91,778
17,92,851
17,93,290
17,94,540
17,95,13
17,96,122
17,97,687
17,98,16
17,99,194
17,100,101
17,101,45
17,102,767
17,103,845
17,104,640
17,105,644
17,106,761
17,107,956
17,108,647
17,109,566
17,110,745
17,111,713
17,112,20
17,113,430
17,114,28
17,115,200
17,116,188
17,117,465
17,118,16
17,119,75
17,120,718
17,121,16
17,122,244
17,123,604
17,124,633
17,125,336
17,126,21
17,127,780
17,128,201
17,129,901
17,130,732
17,131,760
17,132,36
17,133,556
17,134,944
17,135,36
17,136,48
17,137,578
17,138,667
17,139,595
17,140,706
17,141,647
17,142,527
17,143,853
17,144,159
17,145,891
17,146,279
17,147,961
17,148,48
17,149,40
17,150,112
17,151,916
17,152,833
17,153,924
17,154,24
17,155,534
17,156,46
17,157,26
17,158,41
17,159,349
17,160,327
17,161,996
17,162,50
17,163,506
17,164,570
17,165,720
17,166,44
17,167,35
17,168,765
17,169,546
17,170,579
17,171,883
17,172,50
17,173,10
17,174,762
17,175,677
17,176,591
17,177,387
17,178,605
17,179,999
17,180,957
17,181,569
17,182,47
17,183,42
17,184,620
17,185,271
17,186,186
17,187,28
17,188,835
17,189,971
17,190,726
17,191,378
17,192,492
17,193,668
17,194,112
17,195,35
17,196,876
17,197,138
17,198,550
17,199,12
17,200,401
17,201,458
17,202,903
17,203,681
17,204,39
17,205,878
17,206,324
17,207,735
17,208,13
17,209,37
17,210,290
17,211,30
17,212,605
17,213,203
17,214,174
17,215,781
17,216,43
17,217,647
17,218,25
17,219,611
17,220,535
17,221,298
17,222,791
17,223,416
17,224,979
17,225,711
17,226,605
17,227,565
17,228,39
17,229,983
17,230,989
17,231,603
17,232,513
17,233,944
17,234,870
17,235,625
17,236,256
17,237,34
17,238,780
17,239,438
17,240,857
17,241,434
17,242,93
17,243,715
17,244,997
17,245,969
17,246,505
17,247,619
17,248,616
17,249,990
17,250,35
17,251,282
17,252,175
17,253,483
17,254,952
17,255,35
17,256,261
17,257,980
17,258,103
17,259,756
17,260,665
17,261,648
17,262,784
17,263,832
17,264,816
17,265,33
17,266,657
17,267,773
17,268,842
17,269,342
17,270,25
17,271,140
17,272,41
17,273,934
17,274,742
17,275,122
17,276,971
17,277,828
17,278,702
17,279,300
17,280,879
17,281,467
17,282,58
17,283,176
17,284,615
17,285,25
17,286,824
17,287,22
17,288,47
17,289,126
17,290,882
17,291,799
17,292,16
17,293,758
17,294,646
17,295,678
17,296,371
17,297,392
17,298,432
17,299,664
17,300,882
17,301,747
17,302,153
17,303,508
17,304,680
17,305,339
17,306,566
17,307,979
17,308,29
17,309,288
17,310,756
17,311,855
17,312,423
17,313,617
17,314,186
17,315,865
17,316,650
17,317,656
17,318,205
17,319,314
17,320,10
17,321,623
17,322,807
17,323,832
17,324,709
17,325,187
17,326,87
17,327,918
17,328,32
17,329,583
17,330,410
17,331,142
17,332,778
17,333,812
17,334,545
17,335,103
17,336,955
17,337,740
17,338,704
17,339,892
17,340,67
17,341,420
17,342,40
17,343,32
17,344,906
17,345,60
17,346,105
17,347,409
17,348,63
17,349,423
17,350,540
17,351,41
17,352,199
17,353,645
17,354,566
17,355,30
17,356,621
17,357,63
17,358,42
17,359,972
17,360,890
17,361,481
17,362,193
17,363,753
17,364,856
17,365,296
17,366,329
17,367,41
17,368,34
17,369,35
17,370,545
17,371,958
17,372,117
17,373,372
17,374,977
17,375,904
17,376,470
17,377,279
17,378,316
17,379,310
17,380,409
17,381,795
17,382,698
17,383,700
17,384,273
17,385,34
17,386,802
17,387,551
17,388,449
17,389,40
17,390,21
17,391,568
17,392,840
17,393,382
17,394,191
17,395,610
17,396,606
17,397,717
17,398,728
17,399,937
17,400,909
17,401,262
17,402,326
17,403,28
17,404,118
17,405,274
17,406,481
17,407,148
17,408,669
17,409,142
17,410,29
17,411,776
17,412,194
17,413,852
17,414,517
17,415,29
17,416,598
17,417,76
17,418,31
17,419,52
17,420,275
17,421,107
17,422,131
17,423,878
17,424,558
17,425,587
17,426,845
17,427,47
17,428,710
17,429,512
17,430,888
17,431,785
17,432,30
17,433,21
17,434,935
17,435,905
17,436,565
17,437,126
17,438,864
17,439,699
17,440,792
17,441,468
17,442,967
17,443,512
17,444,812
17,445,30
17,446,385
17,447,50
17,448,591
17,449,866
17,450,664
17,451,186
17,452,264
17,453,865
17,454,467
17,455,852
17,456,546
17,457,757
17,458,46
17,459,576
17,460,190
17,461,92
17,462,170
17,463,407
17,464,584
17,465,19
17,466,766
17,467,693
17,468,177
17,469,120
17,470,143
17,471,278
17,472,908
17,473,35
17,474,31
17,475,35
17,476,376
17,477,410
17,478,106
17,479,631
17,480,721
17,481,24
17,482,761
17,483,17
17,484,538
17,485,966
17,486,706
17,487,221
17,488,429
17,489,573
17,490,902
17,491,976
17,492,966
17,493,33
17,494,138
17,495,607
17,496,915
17,497,18
17,498,359
17,499,920
17,500,37
18,1,914
18,2,556
18,3,919
18,4,958
18,5,361
18,6,577
18,7,234
18,8,964
18,9,49
18,10,582
18,11,936
18,12,35
18,13,483
18,14,236
18,15,281
18,16,12
18,17,855
18,18,31
18,19,66
18,20,451
18,21,693
18,22,816
18,23,43
18,24,48
18,25,528
18,26,39
18,27,649
18,28,858
18,29,159
18,30,882
18,31,927
18,32,16
18,33,312
18,34,587
18,35,582
18,36,466
18,37,45
18,38,200
18,39,715
18,40,287
18,41,51
18,42,629
18,43,817
18,44,313
18,45,890
18,46,773
18,47,616
18,48,160
18,49,93
18,50,665
18,51,386
18,52,21
18,53,512
18,54,162
18,55,40
18,56,53
18,57,33
18,58,939
18,59,665
18,60,947
18,61,155
18,62,747
18,63,572
18,64,62
18,65,50
18,66,332
18,67,645
18,68,835
18,69,307
18,70,888
18,71,631
18,72,44
18,73,62
18,74,886
18,75,928
18,76,44
18,77,236
18,78,976
18,79,728
18,80,887
18,81,129
18,82,878
18,83,695
18,84,545
18,85,646
18,86,899
18,87,655
18,88,768
18,89,79
18,90,57
18,91,26
18,92,309
18,93,392
18,94,693
18,95,866
18,96,660
18,97,230
18,98,95
18,99,497
18,100,205
18,101,806
18,102,418
18,103,356
18,104,966
18,105,198
18,106,513
18,107,229
18,108,14
18,109,34
18,110,945
18,111,30
18,112,501
18,113,817
18,114,203
18,115,695
18,116,565
18,117,936
18,118,89
18,119,534
18,120,244
18,121,37
18,122,247
18,123,930
18,124,941
18,125,29
18,126,39
18,127,599
18,128,741
18,129,206
18,130,984
18,131,839
18,132,872
18,133,396
18,134,977
18,135,636
18,136,12
18,137,111
18,138,575
18,139,212
18,140,47
18,141,410
18,142,10
18,143,93
18,144,957
18,145,943
18,146,21
18,147,603
18,148,782
18,149,503
18,150,484
18,151,638
18,152,627
18,153,838
18,154,858
18,155,801
18,156,154
18,157,39
18,158,11
18,159,45
18,160,916
18,161,556
18,162,994
18,163,13
18,164,741
18,165,874
18,166,42
18,167,779
18,168,190
18,169,197
18,170,625
18,171,799
18,172,789
18,173,19
18,174,326
18,175,253
18,176,724
18,177,583
18,178,36
18,179,666
18,180,735
18,181,17
18,182,350
18,183,315
18,184,22
18,185,529
18,186,34
18,187,43
18,188,505
18,189,768
18,190,957
18,191,933
18,192,991
18,193,298
18,194,687
18,195,761
18,196,48
18,197,425
18,198,181
18,199,974
18,200,764
18,201,20
18,202,902
18,203,41
18,204,520
18,205,46
18,206,596
18,207,108
18,208,396
18,209,783
18,210,337
18,211,323
18,212,748
18,213,906
18,214,654
18,215,918
18,216,204
18,217,857
18,218,523
18,219,534
18,220,283
18,221,674
18,222,522
18,223,122
18,224,669
18,225,661
18,226,564
18,227,544
18,228,238
18,229,31
18,230,48
18,231,705
18,232,479
18,233,515
18,234,683
18,235,625
18,236,641
18,237,42
18,238,493
18,239,197
18,240,801
18,241,167
18,242,771
18,243,343
18,244,762
18,245,137
18,246,442
18,247,807
18,248,855
18,249,647
18,250,572
18,251,695
18,252,567
18,253,35
18,254,71
18,255,13
18,256,713
18,257,23
18,258,32
18,259,227
18,260,66
18,261,46
18,262,574
18,263,103
18,264,665
18,265,817
18,266,20
18,267,22
18,268,35
18,269,10
18,270,650
18,271,21
18,272,796
18,273,168
18,274,504
18,275,646
18,276,806
18,277,40
18,278,502
18,279,521
18,280,596
18,281,706
18,282,188
18,283,500
18,284,479
18,285,430
18,286,39
18,287,677
18,288,831
18,289,520
18,290,337
18,291,979
18,292,718
18,293,21
18,294,809
18,295,822
18,296,32
18,297,439
18,298,811
18,299,660
18,300,776
18,301,316
18,302,39
18,303,367
18,304,273
18,305,262
18,306,983
18,307,542
18,308,27
18,309,781
18,310,141
18,311,600
18,312,565
18,313,118
18,314,539
18,315,35
18,316,816
18,317,81
18,318,16
18,319,702
18,320,811
18,321,554
18,322,18
18,323,46
18,324,272
18,325,851
18,326,429
18,327,224
18,328,40
18,329,533
18,330,608
18,331,950
18,332,381
18,333,407
18,334,100
18,335,821
18,336,72
18,337,217
18,338,658
18,339,47
18,340,731
18,341,904
18,342,404
18,343,13
18,344,908
18,345,813
18,346,775
18,347,296
18,348,338
18,349,25
18,350,29
18,351,613
18,352,202
18,353,43
18,354,122
18,355,975
18,356,169
18,357,604
18,358,528
18,359,532
18,360,733
18,361,615
18,362,452
18,363,712
18,364,452
18,365,590
18,366,769
18,367,119
18,368,103
18,369,765
18,370,75
18,371,851
18,372,758
18,373,608
18,374,964
18,375,30
18,376,604
18,377,644
18,378,566
18,379,465
18,380,461
18,381,473
18,382,746
18,383,630
18,384,775
18,385,43
18,386,932
18,387,431
18,388,83
18,389,282
18,390,35
18,391,968
18,392,684
18,393,96
18,394,576
18,395,901
18,396,483
18,397,18
18,398,706
18,399,761
18,400,15
18,401,394
18,402,30
18,403,966
18,404,185
18,405,83
18,406,541
18,407,887
18,408,943
18,409,731
18,410,735
18,411,652
18,412,207
18,413,558
18,414,911
18,415,510
18,416,384
18,417,12
18,418,61
18,419,883
18,420,15
18,421,933
18,422,179
18,423,722
18,424,375
18,425,152
18,426,484
18,427,160
18,428,702
18,429,129
18,430,695
18,431,74
18,432,957
18,433,645
18,434,672
18,435,27
18,436,594
18,437,212
18,438,497
18,439,828
18,440,358
18,441,949
18,442,524
18,443,36
18,444,984
18,445,430
18,446,49
18,447,990
18,448,237
18,449,22
18,450,607
18,451,444
18,452,735
18,453,33
18,454,11
18,455,452
18,456,612
18,457,512
18,458,171
18,459,17
18,460,917
18,461,637
18,462,172
18,463,340
18,464,734
18,465,49
18,466,218
18,467,78
18,468,33
18,469,826
18,470,173
18,471,919
18,472,538
18,473,536
18,474,572
18,475,41
18,476,854
18,477,45
18,478,410
18,479,991
18,480,367
18,481,936
18,482,326
18,483,829
18,484,297
18,485,758
18,486,659
18,487,22
18,488,613
18,489,705
18,490,809
18,491,979
18,492,654
18,493,931
18,494,984
18,495,40
18,496,322
18,497,782
18,498,48
18,499,965
18,500,679
19,1,47
19,2,644
19,3,153
19,4,416
19,5,10
19,6,739
19,7,220
19,8,828
19,9,768
19,10,646
19,11,853
19,12,470
19,13,460
19,14,29
19,15,491
19,16,551
19,17,815
19,18,26
19,19,425
19,20,96
19,21,473
19,22,723
19,23,892
19,24,20
19,25,713
19,26,567
19,27,827
19,28,904
19,29,132
19,30,602
19,31,16
19,32,742
19,33,350
19,34,88
19,35,606
19,36,691
19,37,281
19,38,807
19,39,30
19,40,816
19,41,232
19,42,21
19,43,110
19,44,12
19,45,863
19,46,82
19,47,37
19,48,785
19,49,263
19,50,615
19,51,400
19,52,13
19,53,79
19,54,46
19,55,997
19,56,891
19,57,44
19,58,724
19,59,43
19,60,804
19,61,20
19,62,25
19,63,973
19,64,190
19,65,261
19,66,383
19,67,795
19,68,519
19,69,953
19,70,862
19,71,351
19,72,563
19,73,458
19,74,26
19,75,667
19,76,824
19,77,479
19,78,185
19,79,15
19,80,45
19,81,697
19,82,42
19,83,629
19,84,995
19,85,613
19,86,520
19,87,776
19,88,317
19,89,893
19,90,46
19,91,413
19,92,566
19,93,725
19,94,930
19,95,963
19,96,268
19,97,33
19,98,48
19,99,973
19,100,284
19,101,491
19,102,945
19,103,831
19,104,27
19,105,192
19,106,605
19,107,113
19,108,682
19,109,797
19,110,936
19,111,860
19,112,521
19,113,675
19,114,796
19,115,898
19,116,647
19,117,260
19,118,30
19,119,599
19,120,46
19,121,927
19,122,39
19,123,641
19,124,421
19,125,67
19,126,323
19,127,605
19,128,49
19,129,80
19,130,400
19,131,61
19,132,71
19,133,766
19,134,741
19,135,785
19,136,491
19,137,97
19,138,386
19,139,868
19,140,848
19,141,920
19,142,726
19,143,455
19,144,793
19,145,424
19,146,638
19,147,809
19,148,113
19,149,41
19,150,564
19,151,605
19,152,883
19,153,725
19,154,290
19,155,87
19,156,16
19,157,81
19,158,143
19,159,602
19,160,280
19,161,320
19,162,633
19,163,496
19,164,937
19,165,784
19,166,190
19,167,28
19,168,89
19,169,47
19,170,20
19,171,16
19,172,109
19,173,413
19,174,303
19,175,180
19,176,890
19,177,28
19,178,617
19,179,683
19,180,912
19,181,782
19,182,39
19,183,941
19,184,33
19,185,981
19,186,16
19,187,347
19,188,757
19,189,115
19,190,44
19,191,681
19,192,21
19,193,471
19,194,773
19,195,508
19,196,24
19,197,244
19,198,133
19,199,418
19,200,59
19,201,758
19,202,861
19,203,43
19,204,27
19,205,502
19,206,142
19,207,765
19,208,614
19,209,900
19,210,36
19,211,616
19,212,503
19,213,348
19,214,41
19,215,608
19,216,872
19,217,932
19,218,47
19,219,422
19,220,601
19,221,513
19,222,810
19,223,30
19,224,282
19,225,941
19,226,706
19,227,154
19,228,27
19,229,597
19,230,27
19,231,729
19,232,132
19,233,668
19,234,316
19,235,503
19,236,16
19,237,42
19,238,526
19,239,44
19,240,415
19,241,24
19,242,258
19,243,644
19,244,995
19,245,34
19,246,819
19,247,516
19,248,37
19,249,771
19,250,876
19,251,273
19,252,675
19,253,810
19,254,949
19,255,19
19,256,356
19,257,414
19,258,739
19,259,433
19,260,620
19,261,29
19,262,518
19,263,686
19,264,38
19,265,11
19,266,248
19,267,280
19,268,25
19,269,528
19,270,528
19,271,504
19,272,313
19,273,834
19,274,206
19,275,576
19,276,526
19,277,884
19,278,26
19,279,739
19,280,198
19,281,923
19,282,910
19,283,177
19,284,542
19,285,30
19,286,916
19,287,510
19,288,797
19,289,131
19,290,46
19,291,21
19,292,518
19,293,788
19,294,13
19,295,172
19,296,971
19,297,779
19,298,47
19,299,800
19,300,455
19,301,35
19,302,28
19,303,499
19,304,674
19,305,574
19,306,91
19,307,864
19,308,394
19,309,16
19,310,852
19,311,131
19,312,581
19,313,604
19,314,566
19,315,522
19,316,962
19,317,133
19,318,131
19,319,405
19,320,363
19,321,401
19,322,195
19,323,33
19,324,488
19,325,340
19,326,48
19,327,835
19,328,916
19,329,869
19,330,24
19,331,515
19,332,932
19,333,636
19,334,681
19,335,291
19,336,395
19,337,926
19,338,205
19,339,75
19,340,666
19,341,652
19,342,628
19,343,31
19,344,89
19,345,837
19,346,747
19,347,803
19,348,542
19,349,281
19,350,303
19,351,958
19,352,441
19,353,716
19,354,797
19,355,678
19,356,625
19,357,620
19,358,636
19,359,113
19,360,631
19,361,344
19,362,719
19,363,26
19,364,496
19,365,795
19,366,976
19,367,707
19,368,558
19,369,961
19,370,734
19,371,944
19,372,982
19,373,749
19,374,15
19,375,314
19,376,652
19,377,923
19,378,976
19,379,987
19,380,22
19,381,419
19,382,647
19,383,70
19,384,709
19,385,209
19,386,985
19,387,79
19,388,900
19,389,45
19,390,690
19,391,688
19,392,42
19,393,905
19,394,328
19,395,32
19,396,27
19,397,570
19,398,825
19,399,14
19,400,978
19,401,969
19,402,653
19,403,354
19,404,282
19,405,17
19,406,858
19,407,268
19,408,49
19,409,872
19,410,555
19,411,665
19,412,94
19,413,34
19,414,740
19,415,530
19,416,359
19,417,864
19,418,24
19,419,723
19,420,269
19,421,771
19,422,41
19,423,966
19,424,350
19,425,992
19,426,39
19,427,867
19,428,48
19,429,709
19,430,786
19,431,785
19,432,802
19,433,24
19,434,202
19,435,569
19,436,768
19,437,485
19,438,352
19,439,662
19,440,232
19,441,700
19,442,122
19,443,25
19,444,823
19,445,92
19,446,760
19,447,396
19,448,251
19,449,545
19,450,542
19,451,687
19,452,635
19,453,63
19,454,26
19,455,605
19,456,126
19,457,907
19,458,767
19,459,142
19,460,510
19,461,981
19,462,938
19,463,686
19,464,157
19,465,764
19,466,376
19,467,20
19,468,593
19,469,557
19,470,281
19,471,85
19,472,676
19,473,47
19,474,858
19,475,989
19,476,962
19,477,335
19,478,772
19,479,16
19,480,696
19,481,651
19,482,736
19,483,182
19,484,802
19,485,541
19,486,561
19,487,49
19,488,626
19,489,379
19,490,207
19,491,563
19,492,227
19,493,537
19,494,517
19,495,72
19,496,689
19,497,696
19,498,752
19,499,502
19,500,216
20,1,553
20,2,523
20,3,797
20,4,230
20,5,436
20,6,603
20,7,18
20,8,918
20,9,589
20,10,193
20,11,852
20,12,836
20,13,23
20,14,23
20,15,799
20,16,704
20,17,566
20,18,426
20,19,964
20,20,330
20,21,673
20,22,202
20,23,856
20,24,118
20,25,375
20,26,413
20,27,546
20,28,794
20,29,760
20,30,38
20,31,362
20,32,13
20,33,17
20,34,853
20,35,503
20,36,531
20,37,686
20,38,23
20,39,157
20,40,38
20,41,947
20,42,147
20,43,375
20,44,971
20,45,364
20,46,486
20,47,27
20,48,759
20,49,132
20,50,373
20,51,243
20,52,811
20,53,638
20,54,433
20,55,736
20,56,772
20,57,27
20,58,444
20,59,386
20,60,50
20,61,853
20,62,948
20,63,386
20,64,391
20,65,627
20,66,833
20,67,981
20,68,792
20,69,915
20,70,130
20,71,19
20,72,675
20,73,915
20,74,826
20,75,682
20,76,402
20,77,675
20,78,404
20,79,164
20,80,75
20,81,796
20,82,270
20,83,253
20,84,17
20,85,835
20,86,322
20,87,595
20,88,42
20,89,750
20,90,612
20,91,490
20,92,29
20,93,19
20,94,719
20,95,31
20,96,907
20,97,12
20,98,133
20,99,21
20,100,35
20,101,94
20,102,43
20,103,556
20,104,570
20,105,850
20,106,14
20,107,435
20,108,667
20,109,719
20,110,848
20,111,43
20,112,727
20,113,472
20,114,356
20,115,934
20,116,812
20,117,769
20,118,792
20,119,589
20,120,37
20,121,985
20,122,547
20,123,938
20,124,287
20,125,864
20,126,252
20,127,500
20,128,494
20,129,656
20,130,39
20,131,781
20,132,203
20,133,111
20,134,755
20,135,498
20,136,983
20,137,853
20,138,765
20,139,509
20,140,561
20,141,188
20,142,235
20,143,41
20,144,214
20,145,605
20,146,46
20,147,31
20,148,563
20,149,18
20,150,33
20,151,215
20,152,49
20,153,624
20,154,128
20,155,917
20,156,562
20,157,919
20,158,666
20,159,773
20,160,10
20,161,18
20,162,675
20,163,867
20,164,539
20,165,886
20,166,34
20,167,555
20,168,557
20,169,769
20,170,40
20,171,903
20,172,35
20,173,781
20,174,658
20,175,30
20,176,33
20,177,964
20,178,772
20,179,770
20,180,559
20,181,198
20,182,89
20,183,954
20,184,997
20,185,529
20,186,535
20,187,779
20,188,563
20,189,774
20,190,794
20,191,38
20,192,718
20,193,515
20,194,38
20,195,445
20,196,332
20,197,326
20,198,32
20,199,26
20,200,674
20,201,517
20,202,907
20,203,376
20,204,546
20,205,684
20,206,731
20,207,135
20,208,480
20,209,34
20,210,667
20,211,978
20,212,935
20,213,504
20,214,882
20,215,462
20,216,103
20,217,12
20,218,41
20,219,636
20,220,847
20,221,11
20,222,14
20,223,632
20,224,935
20,225,356
20,226,877
20,227,673
20,228,142
20,229,828
20,230,18
20,231,822
20,232,647
20,233,700
20,234,234
20,235,391
20,236,300
20,237,626
20,238,501
20,239,461
20,240,324
20,241,983
20,242,248
20,243,277
20,244,757
20,245,976
20,246,843
20,247,616
20,248,68
20,249,196
20,250,34
20,251,833
20,252,617
20,253,847
20,254,641
20,255,236
20,256,47
20,257,986
20,258,49
20,259,258
20,260,538
20,261,938
20,262,110
20,263,419
20,264,254
20,265,264
20,266,987
20,267,959
20,268,48
20,269,173
20,270,50
20,271,16
20,272,689
20,273,386
20,274,524
20,275,671
20,276,44
20,277,164
20,278,27
20,279,674
20,280,626
20,281,253
20,282,899
20,283,583
20,284,573
20,285,112
20,286,210
20,287,23
20,288,791
20,289,26
20,290,11
20,291,610
20,292,892
20,293,713
20,294,992
20,295,624
20,296,885
20,297,985
20,298,867
20,299,252
20,300,581
20,301,912
20,302,753
20,303,518
20,304,520
20,305,358
20,306,800
20,307,614
20,308,808
20,309,868
20,310,449
20,311,714
20,312,69
20,313,222
20,314,180
20,315,163
20,316,49
20,317,348
20,318,435
20,319,802
20,320,830
20,321,28
20,322,985
20,323,572
20,324,10
20,325,884
20,326,770
20,327,567
20,328,630
20,329,68
20,330,517
20,331,673
20,332,827
20,333,667
20,334,732
20,335,409
20,336,726
20,337,783
20,338,588
20,339,106
20,340,453
20,341,524
20,342,20
20,343,970
20,344,896
20,345,487
20,346,702
20,347,720
20,348,562
20,349,164
20,350,27
20,351,637
20,352,49
20,353,709
20,354,535
20,355,760
20,356,226
20,357,480
20,358,760
20,359,841
20,360,247
20,361,674
20,362,849
20,363,856
20,364,908
20,365,973
20,366,120
20,367,20
20,368,27
20,369,83
20,370,358
20,371,960
20,372,803
20,373,602
20,374,70
20,375,151
20,376,64
20,377,803
20,378,522
20,379,502
20,380,353
20,381,481
20,382,853
20,383,865
20,384,38
20,385,863
20,386,908
20,387,712
20,388,787
20,389,593
20,390,845
20,391,591
20,392,49
20,393,547
20,394,34
20,395,767
20,396,10
20,397,667
20,398,826
20,399,29
20,400,214
20,401,39
20,402,34
20,403,34
20,404,30
20,405,112
20,406,616
20,407,792
20,408,806
20,409,542
20,410,293
20,411,957
20,412,934
20,413,837
20,414,451
20,415,974
20,416,40
20,417,783
20,418,100
20,419,340
20,420,324
20,421,570
20,422,30
20,423,985
20,424,337
20,425,893
20,426,658
20,427,424
20,428,32
20,429,92
20,430,25
20,431,57
20,432,812
20,433,430
20,434,590
20,435,495
20,436,618
20,437,952
20,438,916
20,439,241
20,440,116
20,441,30
20,442,891
20,443,148
20,444,298
20,445,772
20,446,881
20,447,428
20,448,37
20,449,623
20,450,614
20,451,41
20,452,40
20,453,165
20,454,49
20,455,620
20,456,26
20,457,208
20,458,167
20,459,48
20,460,718
20,461,583
20,462,15
20,463,591
20,464,439
20,465,17
20,466,110
20,467,38
20,468,813
20,469,543
20,470,951
20,471,895
20,472,373
20,473,993
20,474,595
20,475,803
20,476,863
20,477,460
20,478,880
20,479,307
20,480,65
20,481,29
20,482,998
20,483,911
20,484,421
20,485,847
20,486,50
20,487,510
20,488,588
20,489,406
20,490,503
20,491,729
20,492,433
20,493,355
20,494,517
20,495,685
20,496,412
20,497,129
20,498,675
20,499,37
20,500,549
21,1,294
21,2,666
21,3,35
21,4,267
21,5,282
21,6,278
21,7,643
21,8,189
21,9,804
21,10,612
21,11,911
21,12,46
21,13,145
21,14,128
21,15,503
21,16,567
21,17,934
21,18,22
21,19,19
21,20,322
21,21,700
21,22,773
21,23,33
21,24,66
21,25,542
21,26,648
21,27,648
21,28,188
21,29,514
21,30,246
21,31,701
21,32,693
21,33,184
21,34,48
21,35,974
21,36,96
21,37,118
21,38,845
21,39,44
21,40,727
21,41,25
21,42,620
21,43,799
21,44,716
21,45,701
21,46,31
21,47,856
21,48,20
21,49,759
21,50,753
21,51,997
21,52,21
21,53,28
21,54,791
21,55,700
21,56,417
21,57,867
21,58,260
21,59,26
21,60,755
21,61,24
21,62,34
21,63,814
21,64,770
21,65,40
21,66,321
21,67,425
21,68,662
21,69,527
21,70,334
21,71,315
21,72,698
21,73,34
21,74,37
21,75,308
21,76,458
21,77,62
21,78,231
21,79,284
21,80,40
21,81,642
21,82,368
21,83,410
21,84,771
21,85,969
21,86,32
21,87,579
21,88,399
21,89,34
21,90,303
21,91,26
21,92,484
21,93,356
21,94,375
21,95,509
21,96,674
21,97,804
21,98,515
21,99,585
21,100,687
21,101,645
21,102,686
21,103,48
21,104,378
21,105,10
21,106,711
21,107,411
21,108,34
21,109,904
21,110,44
21,111,366
21,112,219
21,113,739
21,114,577
21,115,748
21,116,182
21,117,14
21,118,246
21,119,555
21,120,860
21,121,325
21,122,620
21,123,122
21,124,776
21,125,20
21,126,611
21,127,276
21,128,83
21,129,767
21,130,36
21,131,848
21,132,695
21,133,516
21,134,869
21,135,267
21,136,10
21,137,313
21,138,898
21,139,10
21,140,576
21,141,946
21,142,868
21,143,40
21,144,885
21,145,944
21,146,901
21,147,96
21,148,774
21,149,606
21,150,30
21,151,737
21,152,534
21,153,64
21,154,311
21,155,369
21,156,640
21,157,164
21,158,289
21,159,44
21,160,119
21,161,708
21,162,30
21,163,981
21,164,968
21,165,11
21,166,17
21,167,791
21,168,730
21,169,48
21,170,822
21,171,677
21,172,851
21,173,630
21,174,927
21,175,944
21,176,981
21,177,19
21,178,865
21,179,601
21,180,797
21,181,229
21,182,328
21,183,546
21,184,725
21,185,18
21,186,761
21,187,49
21,188,48
21,189,588
21,190,214
21,191,217
21,192,335
21,193,714
21,194,868
21,195,713
21,196,88
21,197,864
21,198,531
21,199,89
21,200,26
21,201,969
21,202,911
21,203,569
21,204,16
21,205,133
21,206,914
21,207,879
21,208,12
21,209,273
21,210,821
21,211,769
21,212,438
21,213,178
21,214,14
21,215,672
21,216,563
21,217,712
21,218,522
21,219,728
21,220,356
21,221,467
21,222,780
21,223,604
21,224,408
21,225,891
21,226,15
21,227,707
21,228,675
21,229,13
21,230,106
21,231,735
21,232,873
21,233,601
21,234,381
21,235,139
21,236,461
21,237,465
21,238,961
21,239,165
21,240,132
21,241,721
21,242,690
21,243,219
21,244,17
21,245,344
21,246,906
21,247,581
21,248,27
21,249,13
21,250,668
21,251,740
21,252,23
21,253,549
21,254,51
21,255,866
21,256,541
21,257,88
21,258,699
21,259,548
21,260,237
21,261,638
21,262,235
21,263,119
21,264,896
21,265,16
21,266,15
21,267,458
21,268,421
21,269,36
21,270,19
21,271,18
21,272,310
21,273,992
21,274,493
21,275,37
21,276,422
21,277,732
21,278,444
21,279,356
21,280,46
21,281,267
21,282,976
21,283,423
21,284,793
21,285,23
21,286,731
21,287,462
21,288,851
21,289,365
21,290,89
21,291,30
21,292,700
21,293,472
21,294,403
21,295,292
21,296,14
21,297,40
21,298,783
21,299,877
21,300,415
21,301,461
21,302,774
21,303,13
21,304,710
21,305,573
21,306,856
21,307,368
21,308,680
21,309,915
21,310,980
21,311,44
21,312,865
21,313,526
21,314,990
21,315,611
21,316,145
21,317,460
21,318,934
21,319,513
21,320,45
21,321,128
21,322,593
21,323,35
21,324,953
21,325,697
21,326,316
21,327,631
21,328,921
21,329,956
21,330,316
21,331,12
21,332,28
21,333,654
21,334,168
21,335,692
21,336,223
21,337,757
21,338,495
21,339,560
21,340,495
21,341,740
21,342,74
21,343,404
21,344,744
21,345,503
21,346,178
21,347,628
21,348,514
21,349,694
21,350,671
21,351,693
21,352,35
21,353,882
21,354,555
21,355,524
21,356,30
21,357,607
21,358,148
21,359,418
21,360,831
21,361,60
21,362,608
21,363,663
21,364,24
21,365,200
21,366,720
21,367,517
21,368,226
21,369,906
21,370,918
21,371,652
21,372,908
21,373,34
21,374,552
21,375,939
21,376,44
21,377,119
21,378,487
21,379,478
21,380,71
21,381,453
21,382,20
21,383,927
21,384,546
21,385,426
21,386,882
21,387,924
21,388,915
21,389,594
21,390,805
21,391,32
21,392,859
21,393,239
21,394,541
21,395,585
21,396,273
21,397,106
21,398,483
21,399,983
21,400,766
21,401,50
21,402,958
21,403,955
21,404,835
21,405,183
21,406,651
21,407,465
21,408,265
21,409,648
21,410,439
21,411,578
21,412,463
21,413,311
21,414,419
21,415,520
21,416,420
21,417,562
21,418,570
21,419,42
21,420,959
21,421,566
21,422,698
21,423,41
21,424,718
21,425,18
21,426,120
21,427,777
21,428,222
21,429,567
21,430,920
21,431,70
21,432,264
21,433,709
21,434,420
21,435,996
21,436,266
21,437,635
21,438,532
21,439,293
21,440,303
21,441,876
21,442,26
21,443,80
21,444,651
21,445,603
21,446,154
21,447,849
21,448,786
21,449,835
21,450,188
21,451,305
21,452,591
21,453,570
21,454,22
21,455,41
21,456,532
21,457,329
21,458,416
21,459,406
21,460,309
21,461,26
21,462,20
21,463,659
21,464,34
21,465,664
21,466,986
21,467,579
21,468,779
21,469,137
21,470,45
21,471,665
21,472,23
21,473,227
21,474,477
21,475,648
21,476,746
21,477,361
21,478,557
21,479,246
21,480,97
21,481,310
21,482,815
21,483,354
21,484,642
21,485,894
21,486,122
21,487,47
21,488,978
21,489,34
21,490,975
21,491,525
21,492,48
21,493,973
21,494,454
21,495,224
21,496,122
21,497,440
21,498,531
21,499,215
21,500,946
22,1,717
22,2,657
22,3,686
22,4,308
22,5,887
22,6,126
22,7,487
22,8,838
22,9,145
22,10,347
22,11,399
22,12,36
22,13,735
22,14,189
22,15,597
22,16,23
22,17,761
22,18,875
22,19,41
22,20,145
22,21,312
22,22,796
22,23,507
22,24,719
22,25,759
22,26,130
22,27,301
22,28,589
22,29,870
22,30,611
22,31,711
22,32,207
22,33,721
22,34,171
22,35,457
22,36,956
22,37,45
22,38,560
22,39,36
22,40,175
22,41,772
22,42,108
22,43,748
22,44,30
22,45,979
22,46,98
22,47,54
22,48,96
22,49,363
22,50,18
22,51,380
22,52,667
22,53,314
22,54,178
22,55,17
22,56,995
22,57,510
22,58,46
22,59,687
22,60,403
22,61,402
22,62,405
22,63,56
22,64,44
22,65,728
22,66,958
22,67,965
22,68,746
22,69,571
22,70,67
22,71,938
22,72,577
22,73,597
22,74,882
22,75,630
22,76,661
22,77,23
22,78,948
22,79,227
22,80,11
22,81,72
22,82,17
22,83,611
22,84,413
22,85,123
22,86,654
22,87,47
22,88,433
22,89,410
22,90,794
22,91,735
22,92,542
22,93,812
22,94,966
22,95,272
22,96,17
22,97,39
22,98,143
22,99,851
22,100,664
22,101,947
22,102,735
22,103,83
22,104,193
22,105,349
22,106,683
22,107,236
22,108,80
22,109,154
22,110,41
22,111,461
22,112,183
22,113,892
22,114,352
22,115,649
22,116,67
22,117,43
22,118,134
22,119,840
22,120,793
22,121,327
22,122,225
22,123,786
22,124,705
22,125,40
22,126,519
22,127,630
22,128,1000
22,129,30
22,130,880
22,131,981
22,132,88
22,133,48
22,134,382
22,135,464
22,136,686
22,137,914
22,138,670
22,139,298
22,140,43
22,141,848
22,142,195
22,143,239
22,144,714
22,145,617
22,146,374
22,147,371
22,148,863
22,149,223
22,150,747
22,151,799
22,152,647
22,153,577
22,154,654
22,155,34
22,156,576
22,157,813
22,158,535
22,159,19
22,160,612
22,161,224
22,162,17
22,163,261
22,164,43
22,165,31
22,166,10
22,167,659
22,168,692
22,169,430
22,170,580
22,171,575
22,172,889
22,173,102
22,174,939
22,175,529
22,176,11
22,177,824
22,178,40
22,179,533
22,180,47
22,181,547
22,182,945
22,183,953
22,184,17
22,185,809
22,186,890
22,187,38
22,188,183
22,189,47
22,190,697
22,191,492
22,192,507
22,193,605
22,194,16
22,195,947
22,196,215
22,197,50
22,198,699
22,199,11
22,200,538
22,201,802
22,202,772
22,203,148
22,204,521
22,205,655
22,206,811
22,207,978
22,208,601
22,209,91
22,210,153
22,211,841
22,212,893
22,213,408
22,214,70
22,215,602
22,216,50
22,217,607
22,218,356
22,219,239
22,220,966
22,221,541
22,222,484
22,223,897
22,224,327
22,225,714
22,226,26
22,227,918
22,228,995
22,229,867
22,230,901
22,231,975
22,232,703
22,233,491
22,234,297
22,235,603
22,236,698
22,237,237
22,238,878
22,239,812
22,240,394
22,241,956
22,242,777
22,243,528
22,244,544
22,245,48
22,246,721
22,247,210
22,248,632
22,249,848
22,250,729
22,251,792
22,252,17
22,253,658
22,254,118
22,255,439
22,256,831
22,257,420
22,258,801
22,259,710
22,260,44
22,261,377
22,262,120
22,263,678
22,264,649
22,265,17
22,266,398
22,267,25
22,268,835
22,269,21
22,270,691
22,271,645
22,272,936
22,273,41
22,274,131
22,275,24
22,276,763
22,277,332
22,278,712
22,279,327
22,280,814
22,281,920
22,282,33
22,283,442
22,284,31
22,285,218
22,286,607
22,287,45
22,288,106
22,289,355
22,290,737
22,291,566
22,292,169
22,293,667
22,294,311
22,295,897
22,296,361
22,297,368
22,298,916
22,299,17
22,300,223
22,301,521
22,302,133
22,303,946
22,304,283
22,305,28
22,306,915
22,307,23
22,308,82
22,309,882
22,310,303
22,311,782
22,312,863
22,313,663
22,314,32
22,315,842
22,316,119
22,317,406
22,318,26
22,319,906
22,320,730
22,321,649
22,322,215
22,323,313
22,324,728
22,325,744
22,326,369
22,327,712
22,328,983
22,329,819
22,330,960
22,331,506
22,332,755
22,333,318
22,334,93
22,335,891
22,336,365
22,337,706
22,338,903
22,339,45
22,340,270
22,341,751
22,342,231
22,343,22
22,344,52
22,345,142
22,346,815
22,347,651
22,348,539
22,349,37
22,350,448
22,351,522
22,352,880
22,353,747
22,354,839
22,355,120
22,356,588
22,357,488
22,358,652
22,359,351
22,360,407
22,361,46
22,362,62
22,363,624
22,364,13
22,365,24
22,366,27
22,367,389
22,368,782
22,369,556
22,370,140
22,371,38
22,372,24
22,373,279
22,374,120
22,375,779
22,376,752
22,377,651
22,378,896
22,379,430
22,380,439
22,381,353
22,382,26
22,383,918
22,384,14
22,385,679
22,386,886
22,387,428
22,388,648
22,389,118
22,390,247
22,391,376
22,392,468
22,393,240
22,394,184
22,395,857
22,396,949
22,397,314
22,398,647
22,399,882
22,400,31
22,401,526
22,402,369
22,403,288
22,404,707
22,405,958
22,406,45
22,407,11
22,408,549
22,409,29
22,410,763
22,411,974
22,412,388
22,413,454
22,414,221
22,415,657
22,416,573
22,417,12
22,418,682
22,419,423
22,420,49
22,421,22
22,422,169
22,423,848
22,424,264
22,425,846
22,426,37
22,427,994
22,428,728
22,429,125
22,430,145
22,431,368
22,432,657
22,433,844
22,434,955
22,435,66
22,436,355
22,437,315
22,438,40
22,439,682
22,440,988
22,441,333
22,442,38
22,443,583
22,444,390
22,445,613
22,446,748
22,447,402
22,448,680
22,449,983
22,450,683
22,451,632
22,452,657
22,453,631
22,454,26
22,455,929
22,456,614
22,457,593
22,458,43
22,459,129
22,460,376
22,461,671
22,462,22
22,463,914
22,464,505
22,465,698
22,466,279
22,467,978
22,468,48
22,469,658
22,470,735
22,471,906
22,472,943
22,473,460
22,474,790
22,475,167
22,476,523
22,477,695
22,478,354
22,479,580
22,480,800
22,481,202
22,482,123
22,483,286
22,484,169
22,485,517
22,486,249
22,487,613
22,488,574
22,489,578
22,490,431
22,491,11
22,492,623
22,493,728
22,494,549
22,495,624
22,496,890
22,497,650
22,498,464
22,499,529
22,500,600
23,1,461
23,2,496
23,3,960
23,4,49
23,5,40
23,6,710
23,7,686
23,8,101
23,9,46
23,10,750
23,11,628
23,12,871
23,13,759
23,14,823
23,15,21
23,16,816
23,17,24
23,18,295
23,19,935
23,20,38
23,21,899
23,22,69
23,23,667
23,24,857
23,25,36
23,26,34
23,27,15
23,28,964
23,29,973
23,30,170
23,31,566
23,32,554
23,33,862
23,34,574
23,35,709
23,36,690
23,37,48
23,38,617
23,39,200
23,40,16
23,41,518
23,42,215
23,43,656
23,44,940
23,45,835
23,46,318
23,47,936
23,48,946
23,49,253
23,50,123
23,51,659
23,52,877
23,53,37
23,54,824
23,55,735
23,56,108
23,57,355
23,58,50
23,59,763
23,60,923
23,61,817
23,62,315
23,63,988
23,64,640
23,65,20
23,66,13
23,67,868
23,68,117
23,69,675
23,70,82
23,71,35
23,72,117
23,73,745
23,74,13
23,75,591
23,76,944
23,77,1000
23,78,485
23,79,883
23,80,41
23,81,944
23,82,763
23,83,40
23,84,285
23,85,897
23,86,909
23,87,340
23,88,737
23,89,669
23,90,650
23,91,672
23,92,389
23,93,80
23,94,851
23,95,806
23,96,345
23,97,29
23,98,13
23,99,543
23,100,53
23,101,769
23,102,531
23,103,548
23,104,991
23,105,758
23,106,981
23,107,543
23,108,837
23,109,842
23,110,44
23,111,503
23,112,905
23,113,209
23,114,108
23,115,61
23,116,900
23,117,509
23,118,257
23,119,274
23,120,398
23,121,747
23,122,214
23,123,665
23,124,462
23,125,767
23,126,55
23,127,419
23,128,121
23,129,566
23,130,119
23,131,710
23,132,512
23,133,997
23,134,682
23,135,884
23,136,972
23,137,159
23,138,835
23,139,66
23,140,813
23,141,19
23,142,366
23,143,61
23,144,591
23,145,16
23,146,554
23,147,123
23,148,678
23,149,992
23,150,45
23,151,526
23,152,794
23,153,551
23,154,738
23,155,568
23,156,610
23,157,940
23,158,18
23,159,36
23,160,101
23,161,718
23,162,22
23,163,957
23,164,13
23,165,26
23,166,494
23,167,919
23,168,13
23,169,117
23,170,17
23,171,335
23,172,99
23,173,468
23,174,954
23,175,332
23,176,194
23,177,793
23,178,47
23,179,82
23,180,182
23,181,724
23,182,308
23,183,676
23,184,366
23,185,84
23,186,26
23,187,837
23,188,53
23,189,27
23,190,798
23,191,778
23,192,760
23,193,569
23,194,993
23,195,27
23,196,366
23,197,258
23,198,324
23,199,16
23,200,313
23,201,824
23,202,522
23,203,967
23,204,668
23,205,504
23,206,215
23,207,759
23,208,47
23,209,698
23,210,59
23,211,168
23,212,965
23,213,22
23,214,476
23,215,737
23,216,872
23,217,157
23,218,790
23,219,764
23,220,891
23,221,481
23,222,292
23,223,209
23,224,43
23,225,48
23,226,344
23,227,276
23,228,45
23,229,55
23,230,805
23,231,562
23,232,922
23,233,936
23,234,230
23,235,28
23,236,207
23,237,808
23,238,589
23,239,107
23,240,973
23,241,653
23,242,644
23,243,766
23,244,631
23,245,573
23,246,22
23,247,12
23,248,23
23,249,224
23,250,847
23,251,33
23,252,300
23,253,201
23,254,704
23,255,467
23,256,609
23,257,538
23,258,569
23,259,469
23,260,90
23,261,17
23,262,19
23,263,409
23,264,40
23,265,117
23,266,532
23,267,579
23,268,10
23,269,590
23,270,501
23,271,581
23,272,45
23,273,841
23,274,895
23,275,870
23,276,41
23,277,765
23,278,294
23,279,695
23,280,670
23,281,875
23,282,545
23,283,888
23,284,679
23,285,988
23,286,715
23,287,329
23,288,35
23,289,17
23,290,44
23,291,527
23,292,48
23,293,783
23,294,498
23,295,55
23,296,706
23,297,529
23,298,38
23,299,44
23,300,80
23,301,134
23,302,864
23,303,332
23,304,943
23,305,22
23,306,774
23,307,706
23,308,612
23,309,647
23,310,507
23,311,405
23,312,982
23,313,436
23,314,708
23,315,872
23,316,13
23,317,725
23,318,43
23,319,996
23,320,349
23,321,950
23,322,850
23,323,547
23,324,485
23,325,46
23,326,19
23,327,49
23,328,735
23,329,371
23,330,438
23,331,460
23,332,40
23,333,900
23,334,62
23,335,132
23,336,151
23,337,638
23,338,73
23,339,693
23,340,900
23,341,94
23,342,792
23,343,44
23,344,841
23,345,706
23,346,228
23,347,84
23,348,21
23,349,425
23,350,71
23,351,29
23,352,885
23,353,405
23,354,411
23,355,405
23,356,388
23,357,835
23,358,691
23,359,20
23,360,561
23,361,470
23,362,836
23,363,645
23,364,14
23,365,30
23,366,919
23,367,64
23,368,655
23,369,455
23,370,347
23,371,725
23,372,20
23,373,658
23,374,275
23,375,962
23,376,673
23,377,24
23,378,855
23,379,423
23,380,725
23,381,891
23,382,384
23,383,38
23,384,792
23,385,46
23,386,530
23,387,790
23,388,627
23,389,14
23,390,21
23,391,491
23,392,422
23,393,17
23,394,826
23,395,732
23,396,570
23,397,369
23,398,901
23,399,511
23,400,980
23,401,17
23,402,339
23,403,826
23,404,193
23,405,34
23,406,697
23,407,175
23,408,54
23,409,180
23,410,186
23,411,477
23,412,38
23,413,231
23,414,71
23,415,776
23,416,775
23,417,714
23,418,14
23,419,183
23,420,117
23,421,751
23,422,128
23,423,958
23,424,474
23,425,20
23,426,238
23,427,651
23,428,23
23,429,537
23,430,829
23,431,24
23,432,673
23,433,934
23,434,655
23,435,874
23,436,326
23,437,659
23,438,442
23,439,774
23,440,18
23,441,265
23,442,864
23,443,22
23,444,406
23,445,460
23,446,269
23,447,683
23,448,762
23,449,866
23,450,609
23,451,324
23,452,596
23,453,620
23,454,778
23,455,41
23,456,946
23,457,861
23,458,258
23,459,29
23,460,763
23,461,123
23,462,807
23,463,895
23,464,455
23,465,33
23,466,182
23,467,774
23,468,300
23,469,707
23,470,978
23,471,654
23,472,992
23,473,627
23,474,247
23,475,708
23,476,706
23,477,988
23,478,782
23,479,751
23,480,25
23,481,47
23,482,827
23,483,24
23,484,817
23,485,59
23,486,429
23,487,771
23,488,10
23,489,16
23,490,287
23,491,623
23,492,32
23,493,956
23,494,699
23,495,26
23,496,21
23,497,380
23,498,895
23,499,82
23,500,824
24,1,551
24,2,776
24,3,735
24,4,31
24,5,13
24,6,993
24,7,708
24,8,166
24,9,11
24,10,791
24,11,226
24,12,45
24,13,26
24,14,194
24,15,848
24,16,615
24,17,512
24,18,890
24,19,968
24,20,353
24,21,603
24,22,528
24,23,917
24,24,45
24,25,829
24,26,863
24,27,41
24,28,691
24,29,123
24,30,795
24,31,653
24,32,703
24,33,958
24,34,178
24,35,122
24,36,618
24,37,334
24,38,622
24,39,527
24,40,27
24,41,414
24,42,723
24,43,13
24,44,31
24,45,674
24,46,739
24,47,419
24,48,968
24,49,827
24,50,405
24,51,116
24,52,585
24,53,135
24,54,120
24,55,601
24,56,932
24,57,50
24,58,39
24,59,952
24,60,353
24,61,20
24,62,457
24,63,729
24,64,846
24,65,876
24,66,112
24,67,179
24,68,881
24,69,35
24,70,934
24,71,147
24,72,921
24,73,882
24,74,12
24,75,34
24,76,280
24,77,705
24,78,937
24,79,272
24,80,658
24,81,514
24,82,945
24,83,194
24,84,807
24,85,334
24,86,237
24,87,73
24,88,527
24,89,547
24,90,768
24,91,690
24,92,628
24,93,49
24,94,908
24,95,36
24,96,115
24,97,703
24,98,718
24,99,18
24,100,823
24,101,340
24,102,882
24,103,134
24,104,882
24,105,103
24,106,617
24,107,890
24,108,166
24,109,695
24,110,932
24,111,803
24,112,881
24,113,353
24,114,41
24,115,313
24,116,798
24,117,243
24,118,596
24,119,645
24,120,592
24,121,837
24,122,882
24,123,314
24,124,698
24,125,329
24,126,17
24,127,724
24,128,685
24,129,416
24,130,26
24,131,826
24,132,323
24,133,516
24,134,974
24,135,42
24,136,18
24,137,527
24,138,821
24,139,205
24,140,264
24,141,667
24,142,274
24,143,80
24,144,217
24,145,336
24,146,938
24,147,496
24,148,364
24,149,961
24,150,944
24,151,671
24,152,531
24,153,178
24,154,871
24,155,246
24,156,949
24,157,262
24,158,32
24,159,10
24,160,245
24,161,35
24,162,705
24,163,385
24,164,82
24,165,223
24,166,38
24,167,633
24,168,209
24,169,475
24,170,962
24,171,214
24,172,668
24,173,17
24,174,452
24,175,18
24,176,30
24,177,241
24,178,287
24,179,25
24,180,967
24,181,688
24,182,49
24,183,77
24,184,118
24,185,44
24,186,381
24,187,718
24,188,771
24,189,403
24,190,47
24,191,70
24,192,87
24,193,701
24,194,936
24,195,31
24,196,19
24,197,340
24,198,691
24,199,480
24,200,38
24,201,382
24,202,218
24,203,890
24,204,700
24,205,105
24,206,184
24,207,47
24,208,716
24,209,382
24,210,765
24,211,35
24,212,723
24,213,622
24,214,206
24,215,27
24,216,754
24,217,41
24,218,65
24,219,708
24,220,35
24,221,668
24,222,667
24,223,624
24,224,46
24,225,15
24,226,836
24,227,455
24,228,570
24,229,755
24,230,15
24,231,511
24,232,11
24,233,25
24,234,879
24,235,934
24,236,558
24,237,25
24,238,13
24,239,58
24,240,792
24,241,931
24,242,142
24,243,39
24,244,806
24,245,16
24,246,785
24,247,732
24,248,29
24,249,452
24,250,959
24,251,772
24,252,921
24,253,127
24,254,13
24,255,364
24,256,620
24,257,796
24,258,458
24,259,843
24,260,91
24,261,967
24,262,936
24,263,410
24,264,817
24,265,45
24,266,924
24,267,885
24,268,24
24,269,356
24,270,351
24,271,49
24,272,34
24,273,676
24,274,606
24,275,13
24,276,784
24,277,817
24,278,583
24,279,159
24,280,931
24,281,90
24,282,25
24,283,95
24,284,616
24,285,553
24,286,689
24,287,889
24,288,162
24,289,19
24,290,511
24,291,844
24,292,996
24,293,592
24,294,898
24,295,574
24,296,18
24,297,33
24,298,385
24,299,974
24,300,738
24,301,23
24,302,719
24,303,836
24,304,305
24,305,508
24,306,268
24,307,578
24,308,88
24,309,411
24,310,842
24,311,37
24,312,237
24,313,70
24,314,619
24,315,267
24,316,449
24,317,923
24,318,203
24,319,805
24,320,743
24,321,339
24,322,997
24,323,356
24,324,32
24,325,42
24,326,547
24,327,480
24,328,812
24,329,520
24,330,30
24,331,118
24,332,390
24,333,537
24,334,448
24,335,31
24,336,37
24,337,792
24,338,471
24,339,960
24,340,475
24,341,23
24,342,989
24,343,25
24,344,722
24,345,446
24,346,18
24,347,64
24,348,888
24,349,19
24,350,119
24,351,256
24,352,106
24,353,701
24,354,19
24,355,38
24,356,590
24,357,31
24,358,81
24,359,960
24,360,23
24,361,34
24,362,898
24,363,870
24,364,544
24,365,192
24,366,463
24,367,27
24,368,929
24,369,54
24,370,302
24,371,564
24,372,825
24,373,868
24,374,670
24,375,695
24,376,157
24,377,383
24,378,553
24,379,230
24,380,666
24,381,769
24,382,25
24,383,717
24,384,993
24,385,696
24,386,812
24,387,490
24,388,911
24,389,161
24,390,618
24,391,694
24,392,29
24,393,561
24,394,847
24,395,156
24,396,41
24,397,664
24,398,751
24,399,638
24,400,804
24,401,16
24,402,235
24,403,22
24,404,310
24,405,552
24,406,693
24,407,25
24,408,998
24,409,297
24,410,895
24,411,526
24,412,902
24,413,131
24,414,12
24,415,790
24,416,16
24,417,581
24,418,919
24,419,32
24,420,667
24,421,115
24,422,840
24,423,916
24,424,576
24,425,996
24,426,31
24,427,664
24,428,162
24,429,723
24,430,762
24,431,675
24,432,594
24,433,16
24,434,990
24,435,34
24,436,113
24,437,736
24,438,934
24,439,49
24,440,23
24,441,407
24,442,21
24,443,182
24,444,281
24,445,42
24,446,474
24,447,624
24,448,375
24,449,200
24,450,520
24,451,296
24,452,626
24,453,914
24,454,739
24,455,678
24,456,114
24,457,562
24,458,676
24,459,677
24,460,603
24,461,940
24,462,41
24,463,666
24,464,16
24,465,83
24,466,267
24,467,669
24,468,843
24,469,432
24,470,944
24,471,686
24,472,68
24,473,19
24,474,54
24,475,754
24,476,587
24,477,890
24,478,84
24,479,17
24,480,472
24,481,100
24,482,450
24,483,462
24,484,291
24,485,947
24,486,44
24,487,665
24,488,348
24,489,489
24,490,207
24,491,563
24,492,33
24,493,530
24,494,47
24,495,435
24,496,472
24,497,845
24,498,40
24,499,554
24,500,939
25,1,580
25,2,836
25,3,871
25,4,45
25,5,56
25,6,34
25,7,32
25,8,147
25,9,97
25,10,582
25,11,573
25,12,566
25,13,120
25,14,509
25,15,677
25,16,17
25,17,162
25,18,799
25,19,413
25,20,208
25,21,765
25,22,39
25,23,458
25,24,249
25,25,634
25,26,937
25,27,358
25,28,577
25,29,621
25,30,12
25,31,767
25,32,867
25,33,25
25,34,144
25,35,15
25,36,387
25,37,598
25,38,34
25,39,573
25,40,44
25,41,556
25,42,541
25,43,27
25,44,993
25,45,751
25,46,923
25,47,838
25,48,336
25,49,888
25,50,24
25,51,890
25,52,17
25,53,10
25,54,252
25,55,272
25,56,535
25,57,793
25,58,984
25,59,757
25,60,26
25,61,862
25,62,44
25,63,825
25,64,450
25,65,625
25,66,829
25,67,232
25,68,572
25,69,33
25,70,323
25,71,131
25,72,21
25,73,750
25,74,699
25,75,24
25,76,115
25,77,948
25,78,725
25,79,27
25,80,53
25,81,746
25,82,815
25,83,845
25,84,982
25,85,969
25,86,13
25,87,12
25,88,40
25,89,48
25,90,903
25,91,440
25,92,582
25,93,502
25,94,268
25,95,819
25,96,191
25,97,50
25,98,16
25,99,301
25,100,987
25,101,792
25,102,31
25,103,780
25,104,750
25,105,25
25,106,66
25,107,91
25,108,264
25,109,911
25,110,734
25,111,832
25,112,911
25,113,594
25,114,48
25,115,992
25,116,435
25,117,377
25,118,893
25,119,736
25,120,10
25,121,28
25,122,765
25,123,49
25,124,418
25,125,271
25,126,554
25,127,824
25,128,562
25,129,681
25,130,16
25,131,507
25,132,736
25,133,53
25,134,652
25,135,237
25,136,872
25,137,604
25,138,45
25,139,703
25,140,588
25,141,229
25,142,619
25,143,835
25,144,813
25,145,535
25,146,918
25,147,842
25,148,820
25,149,30
25,150,794
25,151,571
25,152,835
25,153,235
25,154,24
25,155,22
25,156,707
25,157,595
25,158,591
25,159,224
25,160,45
25,161,911
25,162,288
25,163,495
25,164,767
25,165,40
25,166,347
25,167,21
25,168,365
25,169,995
25,170,579
25,171,812
25,172,999
25,173,900
25,174,10
25,175,933
25,176,861
25,177,875
25,178,868
25,179,1000
25,180,931
25,181,810
25,182,995
25,183,780
25,184,18
25,185,691
25,186,935
25,187,993
25,188,673
25,189,48
25,190,689
25,191,588
25,192,47
25,193,571
25,194,783
25,195,276
25,196,675
25,197,120
25,198,895
25,199,678
25,200,808
25,201,292
25,202,772
25,203,341
25,204,864
25,205,967
25,206,773
25,207,856
25,208,243
25,209,122
25,210,48
25,211,584
25,212,809
25,213,421
25,214,717
25,215,804
25,216,901
25,217,496
25,218,759
25,219,42
25,220,44
25,221,480
25,222,688
25,223,101
25,224,28
25,225,356
25,226,20
25,227,282
25,228,21
25,229,488
25,230,119
25,231,22
25,232,931
25,233,646
25,234,204
25,235,93
25,236,39
25,237,339
25,238,102
25,239,158
25,240,89
25,241,595
25,242,834
25,243,653
25,244,106
25,245,762
25,246,73
25,247,517
25,248,648
25,249,125
25,250,704
25,251,956
25,252,930
25,253,350
25,254,531
25,255,35
25,256,22
25,257,37
25,258,978
25,259,182
25,260,17
25,261,454
25,262,17
25,263,826
25,264,305
25,265,492
25,266,462
25,267,34
25,268,525
25,269,524
25,270,706
25,271,245
25,272,245
25,273,738
25,274,649
25,275,710
25,276,907
25,277,39
25,278,992
25,279,763
25,280,760
25,281,979
25,282,748
25,283,793
25,284,10
25,285,18
25,286,39
25,287,994
25,288,609
25,289,650
25,290,915
25,291,447
25,292,171
25,293,627
25,294,568
25,295,141
25,296,299
25,297,725
25,298,22
25,299,413
25,300,760
25,301,937
25,302,403
25,303,746
25,304,447
25,305,887
25,306,702
25,307,373
25,308,546
25,309,11
25,310,49
25,311,278
25,312,31
25,313,819
25,314,879
25,315,991
25,316,999
25,317,235
25,318,959
25,319,829
25,320,994
25,321,152
25,322,458
25,323,74
25,324,12
25,325,118
25,326,43
25,327,794
25,328,783
25,329,41
25,330,16
25,331,463
25,332,634
25,333,701
25,334,546
25,335,587
25,336,990
25,337,545
25,338,10
25,339,659
25,340,17
25,341,442
25,342,30
25,343,14
25,344,275
25,345,178
25,346,915
25,347,745
25,348,648
25,349,977
25,350,682
25,351,642
25,352,734
25,353,307
25,354,234
25,355,879
25,356,539
25,357,756
25,358,776
25,359,45
25,360,516
25,361,534
25,362,462
25,363,48
25,364,501
25,365,29
25,366,483
25,367,444
25,368,663
25,369,11
25,370,362
25,371,432
25,372,173
25,373,202
25,374,267
25,375,739
25,376,763
25,377,27
25,378,534
25,379,45
25,380,629
25,381,815
25,382,881
25,383,851
25,384,569
25,385,310
25,386,592
25,387,14
25,388,722
25,389,715
25,390,479
25,391,419
25,392,690
25,393,924
25,394,778
25,395,67
25,396,10
25,397,478
25,398,803
25,399,700
25,400,70
25,401,19
25,402,839
25,403,271
25,404,440
25,405,751
25,406,708
25,407,588
25,408,915
25,409,47
25,410,849
25,411,566
25,412,716
25,413,985
25,414,101
25,415,679
25,416,389
25,417,651
25,418,826
25,419,111
25,420,468
25,421,17
25,422,212
25,423,432
25,424,913
25,425,348
25,426,57
25,427,63
25,428,72
25,429,379
25,430,18
25,431,162
25,432,291
25,433,217
25,434,743
25,435,312
25,436,528
25,437,970
25,438,139
25,439,783
25,440,535
25,441,776
25,442,955
25,443,702
25,444,463
25,445,920
25,446,90
25,447,417
25,448,373
25,449,342
25,450,512
25,451,988
25,452,556
25,453,933
25,454,574
25,455,902
25,456,834
25,457,282
25,458,12
25,459,463
25,460,43
25,461,593
25,462,940
25,463,799
25,464,23
25,465,578
25,466,801
25,467,932
25,468,911
25,469,505
25,470,584
25,471,69
25,472,526
25,473,92
25,474,744
25,475,622
25,476,721
25,477,797
25,478,588
25,479,416
25,480,99
25,481,72
25,482,889
25,483,17
25,484,628
25,485,707
25,486,18
25,487,778
25,488,49
25,489,954
25,490,58
25,491,910
25,492,789
25,493,640
25,494,259
25,495,438
25,496,924
25,497,27
25,498,293
25,499,13
25,500,35
26,1,240
26,2,747
26,3,737
26,4,766
26,5,42
26,6,696
26,7,22
26,8,619
26,9,48
26,10,463
26,11,26
26,12,801
26,13,579
26,14,600
26,15,50
26,16,484
26,17,836
26,18,237
26,19,351
26,20,86
26,21,728
26,22,169
26,23,467
26,24,585
26,25,537
26,26,214
26,27,255
26,28,45
26,29,470
26,30,561
26,31,526
26,32,16
26,33,588
26,34,631
26,35,62
26,36,349
26,37,984
26,38,219
26,39,692
26,40,958
26,41,647
26,42,337
26,43,214
26,44,523
26,45,279
26,46,70
26,47,385
26,48,791
26,49,765
26,50,369
26,51,189
26,52,415
26,53,508
26,54,46
26,55,19
26,56,693
26,57,615
26,58,33
26,59,869
26,60,22
26,61,737
26,62,37
26,63,526
26,64,311
26,65,659
26,66,12
26,67,22
26,68,13
26,69,953
26,70,475
26,71,754
26,72,730
26,73,889
26,74,474
26,75,23
26,76,721
26,77,33
26,78,908
26,79,844
26,80,35
26,81,830
26,82,660
26,83,605
26,84,21
26,85,638
26,86,72
26,87,945
26,88,526
26,89,360
26,90,889
26,91,31
26,92,589
26,93,15
26,94,31
26,95,987
26,96,998
26,97,756
26,98,286
26,99,560
26,100,491
26,101,187
26,102,883
26,103,642
26,104,941
26,105,409
26,106,964
26,107,219
26,108,385
26,109,340
26,110,521
26,111,767
26,112,76
26,113,625
26,114,192
26,115,331
26,116,29
26,117,553
26,118,666
26,119,937
26,120,952
26,121,55
26,122,755
26,123,37
26,124,38
26,125,45
26,126,723
26,127,772
26,128,446
26,129,34
26,130,738
26,131,20
26,132,769
26,133,958
26,134,199
26,135,816
26,136,763
26,137,960
26,138,153
26,139,627
26,140,1000
26,141,615
26,142,15
26,143,292
26,144,858
26,145,600
26,146,593
26,147,754
26,148,402
26,149,542
26,150,517
26,151,467
26,152,994
26,153,17
26,154,609
26,155,16
26,156,651
26,157,517
26,158,23
26,159,38
26,160,801
26,161,937
26,162,851
26,163,522
26,164,40
26,165,222
26,166,685
26,167,166
26,168,988
26,169,713
26,170,615
26,171,27
26,172,11
26,173,87
26,174,875
26,175,143
26,176,956
26,177,977
26,178,50
26,179,980
26,180,576
26,181,784
26,182,701
26,183,38
26,184,467
26,185,748
26,186,644
26,187,210
26,188,828
26,189,36
26,190,372
26,191,493
26,192,497
26,193,10
26,194,63
26,195,925
26,196,635
26,197,464
26,198,607
26,199,771
26,200,870
26,201,963
26,202,151
26,203,168
26,204,393
26,205,892
26,206,820
26,207,589
26,208,274
26,209,505
26,210,692
26,211,590
26,212,803
26,213,536
26,214,420
26,215,179
26,216,727
26,217,547
26,218,933
26,219,809
26,220,357
26,221,865
26,222,714
26,223,572
26,224,467
26,225,472
26,226,707
26,227,952
26,228,726
26,229,815
26,230,44
26,231,195
26,232,565
26,233,53
26,234,915
26,235,159
26,236,921
26,237,261
26,238,904
26,239,723
26,240,701
26,241,144
26,242,151
26,243,579
26,244,31
26,245,15
26,246,633
26,247,359
26,248,72
26,249,140
26,250,594
26,251,33
26,252,693
26,253,293
26,254,18
26,255,12
26,256,909
26,257,18
26,258,200
26,259,653
26,260,644
26,261,171
26,262,852
26,263,847
26,264,809
26,265,346
26,266,433
26,267,101
26,268,15
26,269,674
26,270,632
26,271,606
26,272,415
26,273,175
26,274,35
26,275,211
26,276,42
26,277,543
26,278,734
26,279,868
26,280,525
26,281,243
26,282,994
26,283,931
26,284,636
26,285,537
26,286,701
26,287,794
26,288,659
26,289,200
26,290,508
26,291,544
26,292,91
26,293,44
26,294,446
26,295,48
26,296,508
26,297,551
26,298,49
26,299,247
26,300,723
26,301,561
26,302,31
26,303,354
26,304,29
26,305,763
26,306,356
26,307,506
26,308,45
26,309,606
26,310,517
26,311,18
26,312,137
26,313,905
26,314,410
26,315,569
26,316,37
26,317,485
26,318,982
26,319,717
26,320,584
26,321,958
26,322,822
26,323,768
26,324,706
26,325,17
26,326,22
26,327,615
26,328,110
26,329,158
26,330,666
26,331,26
26,332,395
26,333,215
26,334,911
26,335,51
26,336,645
26,337,44
26,338,40
26,339,806
26,340,588
26,341,569
26,342,793
26,343,628
26,344,17
26,345,44
26,346,25
26,347,12
26,348,46
26,349,999
26,350,173
26,351,26
26,352,49
26,353,28
26,354,486
26,355,685
26,356,427
26,357,92
26,358,26
26,359,650
26,360,686
26,361,633
26,362,953
26,363,822
26,364,635
26,365,414
26,366,372
26,367,30
26,368,368
26,369,127
26,370,73
26,371,33
26,372,437
26,373,876
26,374,14
26,375,41
26,376,210
26,377,661
26,378,28
26,379,781
26,380,45
26,381,687
26,382,430
26,383,24
26,384,264
26,385,614
26,386,514
26,387,27
26,388,22
26,389,965
26,390,689
26,391,213
26,392,967
26,393,116
26,394,968
26,395,592
26,396,74
26,397,529
26,398,578
26,399,704
26,400,48
26,401,698
26,402,18
26,403,529
26,404,19
26,405,16
26,406,488
26,407,42
26,408,382
26,409,115
26,410,621
26,411,902
26,412,165
26,413,391
26,414,281
26,415,499
26,416,206
26,417,19
26,418,951
26,419,535
26,420,30
26,421,963
26,422,278
26,423,921
26,424,261
26,425,888
26,426,19
26,427,831
26,428,884
26,429,801
26,430,332
26,431,23
26,432,106
26,433,769
26,434,590
26,435,46
26,436,830
26,437,433
26,438,949
26,439,442
26,440,566
26,441,15
26,442,269
26,443,496
26,444,463
26,445,741
26,446,659
26,447,116
26,448,860
26,449,921
26,450,169
26,451,795
26,452,579
26,453,320
26,454,754
26,455,952
26,456,353
26,457,442
26,458,202
26,459,591
26,460,30
26,461,272
26,462,59
26,463,21
26,464,838
26,465,36
26,466,18
26,467,881
26,468,849
26,469,189
26,470,409
26,471,933
26,472,802
26,473,987
26,474,552
26,475,19
26,476,500
26,477,775
26,478,316
26,479,170
26,480,534
26,481,940
26,482,542
26,483,37
26,484,19
26,485,348
26,486,674
26,487,922
26,488,413
26,489,513
26,490,421
26,491,38
26,492,24
26,493,39
26,494,517
26,495,692
26,496,249
26,497,123
26,498,950
26,499,615
26,500,622
27,1,672
27,2,321
27,3,885
27,4,398
27,5,462
27,6,996
27,7,22
27,8,176
27,9,707
27,10,318
27,11,132
27,12,210
27,13,16
27,14,679
27,15,415
27,16,15
27,17,287
27,18,651
27,19,801
27,20,532
27,21,676
27,22,35
27,23,11
27,24,689
27,25,301
27,26,703
27,27,236
27,28,31
27,29,524
27,30,783
27,31,738
27,32,379
27,33,27
27,34,838
27,35,836
27,36,779
27,37,452
27,38,188
27,39,923
27,40,22
27,41,30
27,42,298
27,43,14
27,44,43
27,45,602
27,46,168
27,47,639
27,48,428
27,49,655
27,50,37
27,51,934
27,52,893
27,53,774
27,54,326
27,55,14
27,56,430
27,57,490
27,58,432
27,59,825
27,60,950
27,61,597
27,62,645
27,63,609
27,64,27
27,65,683
27,66,535
27,67,883
27,68,968
27,69,894
27,70,623
27,71,646
27,72,671
27,73,20
27,74,47
27,75,170
27,76,957
27,77,376
27,78,627
27,79,594
27,80,147
27,81,197
27,82,799
27,83,259
27,84,71
27,85,778
27,86,161
27,87,664
27,88,941
27,89,519
27,90,349
27,91,964
27,92,379
27,93,211
27,94,263
27,95,245
27,96,899
27,97,28
27,98,611
27,99,37
27,100,173
27,101,85
27,102,458
27,103,769
27,104,723
27,105,470
27,106,973
27,107,784
27,108,761
27,109,15
27,110,700
27,111,867
27,112,917
27,113,38
27,114,34
27,115,34
27,116,191
27,117,868
27,118,248
27,119,786
27,120,32
27,121,302
27,122,748
27,123,497
27,124,777
27,125,994
27,126,73
27,127,935
27,128,739
27,129,591
27,130,742
27,131,29
27,132,416
27,133,555
27,134,976
27,135,534
27,136,591
27,137,862
27,138,741
27,139,73
27,140,820
27,141,749
27,142,746
27,143,994
27,144,186
27,145,953
27,146,810
27,147,19
27,148,562
27,149,46
27,150,881
27,151,434
27,152,20
27,153,928
27,154,791
27,155,43
27,156,689
27,157,422
27,158,780
27,159,322
27,160,356
27,161,83
27,162,754
27,163,501
27,164,327
27,165,226
27,166,20
27,167,331
27,168,730
27,169,624
27,170,844
27,171,736
27,172,11
27,173,900
27,174,636
27,175,474
27,176,671
27,177,280
27,178,805
27,179,37
27,180,508
27,181,27
27,182,29
27,183,45
27,184,328
27,185,175
27,186,25
27,187,463
27,188,550
27,189,884
27,190,850
27,191,514
27,192,863
27,193,688
27,194,876
27,195,779
27,196,22
27,197,639
27,198,36
27,199,862
27,200,272
27,201,981
27,202,394
27,203,166
27,204,24
27,205,623
27,206,75
27,207,526
27,208,33
27,209,56
27,210,835
27,211,350
27,212,35
27,213,784
27,214,113
27,215,335
27,216,18
27,217,32
27,218,596
27,219,884
27,220,605
27,221,855
27,222,51
27,223,948
27,224,590
27,225,290
27,226,783
27,227,476
27,228,844
27,229,709
27,230,334
27,231,605
27,232,728
27,233,855
27,234,479
27,235,18
27,236,781
27,237,367
27,238,864
27,239,48
27,240,867
27,241,18
27,242,904
27,243,662
27,244,589
27,245,691
27,246,246
27,247,13
27,248,986
27,249,965
27,250,625
27,251,972
27,252,504
27,253,464
27,254,670
27,255,744
27,256,851
27,257,580
27,258,10
27,259,821
27,260,251
27,261,40
27,262,49
27,263,919
27,264,15
27,265,693
27,266,513
27,267,941
27,268,516
27,269,774
27,270,871
27,271,819
27,272,230
27,273,995
27,274,373
27,275,594
27,276,893
27,277,863
27,278,31
27,279,751
27,280,31
27,281,44
27,282,857
27,283,19
27,284,311
27,285,663
27,286,772
27,287,715
27,288,916
27,289,37
27,290,27
27,291,405
27,292,553
27,293,663
27,294,186
27,295,22
27,296,21
27,297,531
27,298,357
27,299,29
27,300,748
27,301,48
27,302,896
27,303,684
27,304,32
27,305,676
27,306,33
27,307,552
27,308,28
27,309,627
27,310,47
27,311,930
27,312,213
27,313,304
27,314,107
27,315,42
27,316,31
27,317,83
27,318,555
27,319,988
27,320,531
27,321,19
27,322,686
27,323,126
27,324,787
27,325,26
27,326,160
27,327,130
27,328,918
27,329,107
27,330,15
27,331,323
27,332,289
27,333,658
27,334,416
27,335,26
27,336,135
27,337,475
27,338,819
27,339,268
27,340,752
27,341,931
27,342,520
27,343,648
27,344,918
27,345,709
27,346,691
27,347,147
27,348,972
27,349,952
27,350,150
27,351,55
27,352,605
27,353,36
27,354,40
27,355,919
27,356,535
27,357,784
27,358,846
27,359,841
27,360,43
27,361,568
27,362,652
27,363,44
27,364,619
27,365,623
27,366,41
27,367,344
27,368,689
27,369,23
27,370,513
27,371,811
27,372,787
27,373,507
27,374,566
27,375,591
27,376,987
27,377,590
27,378,37
27,379,583
27,380,720
27,381,916
27,382,838
27,383,546
27,384,121
27,385,34
27,386,38
27,387,212
27,388,450
27,389,991
27,390,621
27,391,378
27,392,16
27,393,17
27,394,929
27,395,20
27,396,20
27,397,242
27,398,520
27,399,844
27,400,586
27,401,841
27,402,988
27,403,466
27,404,461
27,405,31
27,406,39
27,407,240
27,408,34
27,409,595
27,410,676
27,411,49
27,412,904
27,413,95
27,414,668
27,415,17
27,416,847
27,417,15
27,418,29
27,419,963
27,420,62
27,421,747
27,422,527
27,423,37
27,424,31
27,425,310
27,426,653
27,427,541
27,428,855
27,429,766
27,430,771
27,431,307
27,432,695
27,433,153
27,434,765
27,435,820
27,436,746
27,437,327
27,438,240
27,439,742
27,440,12
27,441,463
27,442,120
27,443,928
27,444,41
27,445,940
27,446,891
27,447,900
27,448,477
27,449,828
27,450,44
27,451,915
27,452,834
27,453,570
27,454,755
27,455,911
27,456,774
27,457,29
27,458,67
27,459,45
27,460,67
27,461,416
27,462,149
27,463,739
27,464,42
27,465,12
27,466,425
27,467,798
27,468,30
27,469,901
27,470,255
27,471,582
27,472,874
27,473,631
27,474,332
27,475,174
27,476,965
27,477,46
27,478,44
27,479,42
27,480,930
27,481,621
27,482,539
27,483,808
27,484,350
27,485,959
27,486,884
27,487,812
27,488,573
27,489,34
27,490,110
27,491,10
27,492,957
27,493,619
27,494,735
27,495,35
27,496,31
27,497,958
27,498,691
27,499,42
27,500,888
28,1,375
28,2,401
28,3,658
28,4,430
28,5,868
28,6,961
28,7,13
28,8,853
28,9,606
28,10,698
28,11,268
28,12,42
28,13,712
28,14,331
28,15,438
28,16,912
28,17,457
28,18,786
28,19,426
28,20,992
28,21,182
28,22,930
28,23,387
28,24,22
28,25,12
28,26,759
28,27,622
28,28,695
28,29,207
28,30,644
28,31,391
28,32,899
28,33,309
28,34,35
28,35,841
28,36,895
28,37,760
28,38,513
28,39,761
28,40,246
28,41,66
28,42,124
28,43,294
28,44,731
28,45,829
28,46,93
28,47,799
28,48,482
28,49,299
28,50,267
28,51,28
28,52,216
28,53,834
28,54,794
28,55,466
28,56,856
28,57,347
28,58,292
28,59,617
28,60,398
28,61,882
28,62,384
28,63,528
28,64,452
28,65,180
28,66,460
28,67,112
28,68,663
28,69,375
28,70,967
28,71,860
28,72,561
28,73,699
28,74,534
28,75,10
28,76,903
28,77,50
28,78,51
28,79,741
28,80,953
28,81,854
28,82,853
28,83,420
28,84,959
28,85,16
28,86,53
28,87,674
28,88,45
28,89,38
28,90,23
28,91,990
28,92,714
28,93,29
28,94,357
28,95,686
28,96,562
28,97,767
28,98,805
28,99,28
28,100,527
28,101,837
28,102,938
28,103,44
28,104,686
28,105,283
28,106,38
28,107,538
28,108,271
28,109,424
28,110,15
28,111,767
28,112,780
28,113,935
28,114,572
28,115,12
28,116,578
28,117,979
28,118,91
28,119,199
28,120,618
28,121,348
28,122,15
28,123,961
28,124,665
28,125,476
28,126,680
28,127,935
28,128,379
28,129,432
28,130,536
28,131,577
28,132,45
28,133,109
28,134,176
28,135,462
28,136,803
28,137,136
28,138,641
28,139,906
28,140,517
28,141,829
28,142,735
28,143,30
28,144,946
28,145,25
28,146,813
28,147,45
28,148,261
28,149,269
28,150,16
28,151,55
28,152,534
28,153,968
28,154,359
28,155,213
28,156,509
28,157,838
28,158,834
28,159,999
28,160,13
28,161,585
28,162,821
28,163,882
28,164,850
28,165,269
28,166,791
28,167,406
28,168,590
28,169,575
28,170,35
28,171,720
28,172,127
28,173,893
28,174,588
28,175,159
28,176,754
28,177,191
28,178,920
28,179,958
28,180,715
28,181,318
28,182,27
28,183,636
28,184,810
28,185,801
28,186,828
28,187,356
28,188,864
28,189,865
28,190,805
28,191,684
28,192,909
28,193,530
28,194,521
28,195,41
28,196,733
28,197,113
28,198,68
28,199,655
28,200,583
28,201,308
28,202,967
28,203,916
28,204,947
28,205,292
28,206,544
28,207,531
28,208,508
28,209,570
28,210,800
28,211,452
28,212,523
28,213,794
28,214,518
28,215,242
28,216,448
28,217,678
28,218,590
28,219,266
28,220,404
28,221,44
28,222,79
28,223,34
28,224,560
28,225,546
28,226,13
28,227,786
28,228,922
28,229,29
28,230,586
28,231,724
28,232,226
28,233,147
28,234,602
28,235,526
28,236,16
28,237,714
28,238,203
28,239,541
28,240,649
28,241,30
28,242,828
28,243,949
28,244,664
28,245,15
28,246,172
28,247,33
28,248,182
28,249,382
28,250,435
28,251,258
28,252,765
28,253,789
28,254,971
28,255,276
28,256,170
28,257,953
28,258,770
28,259,22
28,260,570
28,261,97
28,262,351
28,263,570
28,264,875
28,265,957
28,266,22
28,267,847
28,268,203
28,269,24
28,270,367
28,271,915
28,272,819
28,273,21
28,274,288
28,275,485
28,276,562
28,277,434
28,278,749
28,279,828
28,280,697
28,281,188
28,282,68
28,283,604
28,284,11
28,285,794
28,286,535
28,287,513
28,288,857
28,289,154
28,290,133
28,291,40
28,292,272
28,293,71
28,294,221
28,295,38
28,296,872
28,297,975
28,298,100
28,299,902
28,300,583
28,301,374
28,302,16
28,303,261
28,304,42
28,305,709
28,306,848
28,307,343
28,308,767
28,309,129
28,310,153
28,311,838
28,312,959
28,313,328
28,314,893
28,315,15
28,316,339
28,317,773
28,318,586
28,319,37
28,320,347
28,321,92
28,322,432
28,323,338
28,324,604
28,325,312
28,326,15
28,327,738
28,328,356
28,329,18
28,330,450
28,331,854
28,332,581
28,333,655
28,334,540
28,335,403
28,336,896
28,337,34
28,338,113
28,339,650
28,340,383
28,341,291
28,342,671
28,343,144
28,344,43
28,345,662
28,346,697
28,347,493
28,348,402
28,349,940
28,350,214
28,351,291
28,352,745
28,353,492
28,354,600
28,355,36
28,356,645
28,357,48
28,358,314
28,359,519
28,360,18
28,361,104
28,362,40
28,363,380
28,364,682
28,365,916
28,366,957
28,367,25
28,368,879
28,369,696
28,370,450
28,371,27
28,372,26
28,373,41
28,374,669
28,375,40
28,376,146
28,377,482
28,378,662
28,379,25
28,380,353
28,381,742
28,382,597
28,383,870
28,384,734
28,385,509
28,386,202
28,387,497
28,388,559
28,389,623
28,390,800
28,391,43
28,392,524
28,393,42
28,394,534
28,395,851
28,396,466
28,397,15
28,398,947
28,399,868
28,400,765
28,401,789
28,402,104
28,403,379
28,404,516
28,405,892
28,406,540
28,407,479
28,408,31
28,409,948
28,410,744
28,411,13
28,412,878
28,413,924
28,414,530
28,415,614
28,416,487
28,417,377
28,418,27
28,419,760
28,420,713
28,421,513
28,422,748
28,423,100
28,424,595
28,425,747
28,426,725
28,427,40
28,428,663
28,429,188
28,430,25
28,431,224
28,432,119
28,433,471
28,434,386
28,435,141
28,436,782
28,437,59
28,438,703
28,439,648
28,440,922
28,441,513
28,442,976
28,443,843
28,444,932
28,445,417
28,446,26
28,447,818
28,448,557
28,449,291
28,450,893
28,451,25
28,452,754
28,453,42
28,454,27
28,455,85
28,456,24
28,457,37
28,458,710
28,459,421
28,460,815
28,461,907
28,462,181
28,463,15
28,464,891
28,465,699
28,466,734
28,467,664
28,468,838
28,469,894
28,470,775
28,471,573
28,472,26
28,473,112
28,474,519
28,475,668
28,476,40
28,477,847
28,478,13
28,479,891
28,480,771
28,481,62
28,482,393
28,483,669
28,484,723
28,485,829
28,486,846
28,487,899
28,488,432
28,489,912
28,490,849
28,491,677
28,492,182
28,493,251
28,494,12
28,495,601
28,496,52
28,497,324
28,498,224
28,499,845
28,500,34
29,1,356
29,2,44
29,3,939
29,4,692
29,5,49
29,6,39
29,7,307
29,8,64
29,9,246
29,10,729
29,11,759
29,12,984
29,13,616
29,14,513
29,15,682
29,16,171
29,17,14
29,18,906
29,19,739
29,20,532
29,21,317
29,22,196
29,23,10
29,24,39
29,25,838
29,26,350
29,27,712
29,28,10
29,29,974
29,30,217
29,31,693
29,32,786
29,33,600
29,34,696
29,35,713
29,36,606
29,37,623
29,38,996
29,39,321
29,40,22
29,41,105
29,42,40
29,43,872
29,44,643
29,45,336
29,46,445
29,47,581
29,48,783
29,49,667
29,50,141
29,51,758
29,52,39
29,53,588
29,54,958
29,55,922
29,56,204
29,57,378
29,58,923
29,59,144
29,60,709
29,61,111
29,62,219
29,63,136
29,64,915
29,65,990
29,66,894
29,67,981
29,68,19
29,69,832
29,70,49
29,71,18
29,72,945
29,73,977
29,74,946
29,75,25
29,76,980
29,77,44
29,78,777
29,79,572
29,80,595
29,81,44
29,82,540
29,83,41
29,84,19
29,85,994
29,86,37
29,87,142
29,88,817
29,89,574
29,90,974
29,91,450
29,92,345
29,93,433
29,94,957
29,95,541
29,96,471
29,97,32
29,98,118
29,99,673
29,100,200
29,101,872
29,102,829
29,103,693
29,104,17
29,105,26
29,106,598
29,107,560
29,108,851
29,109,435
29,110,900
29,111,937
29,112,13
29,113,39
29,114,88
29,115,640
29,116,35
29,117,15
29,118,84
29,119,850
29,120,923
29,121,43
29,122,581
29,123,959
29,124,32
29,125,612
29,126,28
29,127,183
29,128,904
29,129,867
29,130,266
29,131,818
29,132,954
29,133,933
29,134,649
29,135,967
29,136,46
29,137,550
29,138,147
29,139,905
29,140,441
29,141,28
29,142,677
29,143,25
29,144,198
29,145,606
29,146,932
29,147,602
29,148,778
29,149,173
29,150,590
29,151,529
29,152,822
29,153,597
29,154,853
29,155,660
29,156,581
29,157,441
29,158,537
29,159,740
29,160,957
29,161,762
29,162,161
29,163,279
29,164,682
29,165,370
29,166,645
29,167,215
29,168,293
29,169,920
29,170,853
29,171,147
29,172,888
29,173,735
29,174,465
29,175,39
29,176,492
29,177,46
29,178,880
29,179,608
29,180,17
29,181,47
29,182,11
29,183,674
29,184,256
29,185,769
29,186,996
29,187,199
29,188,123
29,189,853
29,190,389
29,191,225
29,192,571
29,193,867
29,194,139
29,195,966
29,196,12
29,197,23
29,198,726
29,199,499
29,200,26
29,201,765
29,202,71
29,203,616
29,204,782
29,205,412
29,206,920
29,207,635
29,208,16
29,209,17
29,210,504
29,211,570
29,212,693
29,213,800
29,214,26
29,215,245
29,216,25
29,217,765
29,218,51
29,219,227
29,220,325
29,221,23
29,222,332
29,223,42
29,224,695
29,225,36
29,226,630
29,227,310
29,228,473
29,229,29
29,230,425
29,231,443
29,232,214
29,233,801
29,234,573
29,235,561
29,236,18
29,237,393
29,238,695
29,239,556
29,240,538
29,241,607
29,242,57
29,243,836
29,244,552
29,245,847
29,246,686
29,247,738
29,248,27
29,249,553
29,250,314
29,251,380
29,252,126
29,253,482
29,254,338
29,255,745
29,256,532
29,257,933
29,258,806
29,259,604
29,260,408
29,261,635
29,262,833
29,263,941
29,264,114
29,265,14
29,266,938
29,267,874
29,268,661
29,269,500
29,270,687
29,271,657
29,272,559
29,273,675
29,274,800
29,275,762
29,276,498
29,277,38
29,278,432
29,279,544
29,280,93
29,281,156
29,282,151
29,283,536
29,284,423
29,285,571
29,286,917
29,287,486
29,288,261
29,289,534
29,290,653
29,291,968
29,292,563
29,293,28
29,294,609
29,295,927
29,296,710
29,297,497
29,298,652
29,299,77
29,300,38
29,301,12
29,302,429
29,303,710
29,304,841
29,305,534
29,306,737
29,307,32
29,308,234
29,309,323
29,310,388
29,311,718
29,312,33
29,313,17
29,314,622
29,315,213
29,316,235
29,317,25
29,318,507
29,319,846
29,320,278
29,321,28
29,322,362
29,323,833
29,324,808
29,325,932
29,326,70
29,327,772
29,328,657
29,329,266
29,330,456
29,331,495
29,332,299
29,333,471
29,334,510
29,335,116
29,336,808
29,337,882
29,338,899
29,339,761
29,340,111
29,341,236
29,342,277
29,343,183
29,344,65
29,345,369
29,346,48
29,347,21
29,348,296
29,349,502
29,350,583
29,351,496
29,352,574
29,353,515
29,354,134
29,355,510
29,356,687
29,357,402
29,358,841
29,359,11
29,360,480
29,361,384
29,362,535
29,363,738
29,364,762
29,365,581
29,366,984
29,367,553
29,368,160
29,369,543
29,370,444
29,371,776
29,372,261
29,373,44
29,374,30
29,375,716
29,376,583
29,377,37
29,378,37
29,379,553
29,380,706
29,381,506
29,382,28
29,383,780
29,384,505
29,385,694
29,386,535
29,387,823
29,388,207
29,389,325
29,390,940
29,391,116
29,392,344
29,393,663
29,394,82
29,395,904
29,396,660
29,397,329
29,398,29
29,399,989
29,400,854
29,401,693
29,402,27
29,403,187
29,404,513
29,405,457
29,406,434
29,407,28
29,408,785
29,409,589
29,410,697
29,411,638
29,412,751
29,413,949
29,414,705
29,415,564
29,416,364
29,417,33
29,418,49
29,419,592
29,420,547
29,421,866
29,422,904
29,423,977
29,424,147
29,425,562
29,426,26
29,427,756
29,428,454
29,429,229
29,430,188
29,431,560
29,432,988
29,433,15
29,434,619
29,435,152
29,436,898
29,437,47
29,438,22
29,439,570
29,440,535
29,441,258
29,442,20
29,443,215
29,444,721
29,445,805
29,446,732
29,447,726
29,448,41
29,449,695
29,450,280
29,451,11
29,452,22
29,453,15
29,454,48
29,455,20
29,456,487
29,457,834
29,458,381
29,459,889
29,460,339
29,461,546
29,462,18
29,463,19
29,464,528
29,465,816
29,466,272
29,467,576
29,468,306
29,469,297
29,470,737
29,471,523
29,472,269
29,473,834
29,474,49
29,475,528
29,476,25
29,477,30
29,478,606
29,479,37
29,480,743
29,481,802
29,482,36
29,483,325
29,484,818
29,485,18
29,486,43
29,487,868
29,488,67
29,489,762
29,490,999
29,491,845
29,492,27
29,493,559
29,494,748
29,495,890
29,496,134
29,497,932
29,498,910
29,499,580
29,500,545
30,1,374
30,2,844
30,3,463
30,4,20
30,5,558
30,6,798
30,7,30
30,8,205
30,9,987
30,10,193
30,11,37
30,12,226
30,13,27
30,14,278
30,15,468
30,16,608
30,17,773
30,18,579
30,19,695
30,20,953
30,21,352
30,22,41
30,23,39
30,24,40
30,25,489
30,26,678
30,27,118
30,28,354
30,29,12
30,30,670
30,31,14
30,32,12
30,33,932
30,34,271
30,35,887
30,36,36
30,37,768
30,38,996
30,39,28
30,40,24
30,41,225
30,42,767
30,43,47
30,44,380
30,45,435
30,46,726
30,47,475
30,48,377
30,49,970
30,50,20
30,51,532
30,52,10
30,53,884
30,54,649
30,55,549
30,56,751
30,57,16
30,58,737
30,59,903
30,60,780
30,61,109
30,62,529
30,63,33
30,64,111
30,65,392
30,66,807
30,67,328
30,68,938
30,69,259
30,70,698
30,71,991
30,72,34
30,73,361
30,74,115
30,75,606
30,76,438
30,77,703
30,78,38
30,79,767
30,80,784
30,81,805
30,82,824
30,83,727
30,84,476
30,85,754
30,86,716
30,87,873
30,88,19
30,89,942
30,90,713
30,91,589
30,92,809
30,93,185
30,94,518
30,95,828
30,96,32
30,97,971
30,98,23
30,99,670
30,100,348
30,101,39
30,102,16
30,103,523
30,104,431
30,105,258
30,106,270
30,107,10
30,108,194
30,109,641
30,110,651
30,111,690
30,112,678
30,113,406
30,114,45
30,115,450
30,116,155
30,117,945
30,118,745
30,119,290
30,120,605
30,121,714
30,122,27
30,123,14
30,124,198
30,125,506
30,126,787
30,127,703
30,128,363
30,129,689
30,130,526
30,131,771
30,132,717
30,133,21
30,134,857
30,135,550
30,136,46
30,137,458
30,138,17
30,139,42
30,140,43
30,141,369
30,142,143
30,143,345
30,144,907
30,145,59
30,146,806
30,147,929
30,148,733
30,149,149
30,150,252
30,151,806
30,152,712
30,153,719
30,154,28
30,155,748
30,156,859
30,157,423
30,158,355
30,159,754
30,160,100
30,161,63
30,162,237
30,163,22
30,164,850
30,165,27
30,166,678
30,167,774
30,168,244
30,169,850
30,170,926
30,171,546
30,172,406
30,173,181
30,174,924
30,175,869
30,176,706
30,177,37
30,178,42
30,179,23
30,180,25
30,181,572
30,182,964
30,183,19
30,184,396
30,185,594
30,186,47
30,187,375
30,188,84
30,189,745
30,190,887
30,191,524
30,192,930
30,193,35
30,194,739
30,195,319
30,196,905
30,197,654
30,198,179
30,199,28
30,200,370
30,201,686
30,202,543
30,203,36
30,204,939
30,205,754
30,206,43
30,207,353
30,208,721
30,209,45
30,210,83
30,211,557
30,212,601
30,213,126
30,214,965
30,215,624
30,216,514
30,217,27
30,218,680
30,219,398
30,220,13
30,221,107
30,222,155
30,223,204
30,224,664
30,225,104
30,226,82
30,227,95
30,228,468
30,229,27
30,230,843
30,231,401
30,232,355
30,233,33
30,234,866
30,235,28
30,236,759
30,237,246
30,238,10
30,239,940
30,240,157
30,241,15
30,242,29
30,243,961
30,244,759
30,245,591
30,246,351
30,247,142
30,248,751
30,249,27
30,250,284
30,251,604
30,252,800
30,253,750
30,254,130
30,255,957
30,256,515
30,257,739
30,258,865
30,259,368
30,260,807
30,261,983
30,262,487
30,263,791
30,264,36
30,265,631
30,266,933
30,267,544
30,268,892
30,269,865
30,270,65
30,271,21
30,272,607
30,273,64
30,274,701
30,275,47
30,276,26
30,277,612
30,278,787
30,279,421
30,280,935
30,281,210
30,282,92
30,283,91
30,284,91
30,285,339
30,286,10
30,287,48
30,288,577
30,289,618
30,290,617
30,291,857
30,292,46
30,293,320
30,294,60
30,295,13
30,296,191
30,297,29
30,298,207
30,299,187
30,300,990
30,301,698
30,302,19
30,303,157
30,304,841
30,305,998
30,306,15
30,307,732
30,308,465
30,309,789
30,310,659
30,311,101
30,312,213
30,313,30
30,314,675
30,315,43
30,316,859
30,317,48
30,318,181
30,319,947
30,320,632
30,321,712
30,322,623
30,323,668
30,324,204
30,325,703
30,326,287
30,327,34
30,328,937
30,329,47
30,330,455
30,331,120
30,332,747
30,333,407
30,334,984
30,335,46
30,336,152
30,337,412
30,338,304
30,339,742
30,340,33
30,341,101
30,342,108
30,343,44
30,344,512
30,345,181
30,346,81
30,347,619
30,348,391
30,349,839
30,350,794
30,351,779
30,352,50
30,353,908
30,354,40
30,355,428
30,356,31
30,357,528
30,358,345
30,359,29
30,360,868
30,361,548
30,362,780
30,363,30
30,364,367
30,365,700
30,366,17
30,367,36
30,368,180
30,369,19
30,370,40
30,371,110
30,372,188
30,373,549
30,374,21
30,375,983
30,376,111
30,377,24
30,378,699
30,379,25
30,380,646
30,381,28
30,382,17
30,383,377
30,384,939
30,385,929
30,386,14
30,387,868
30,388,822
30,389,608
30,390,695
30,391,11
30,392,936
30,393,24
30,394,40
30,395,127
30,396,936
30,397,145
30,398,45
30,399,14
30,400,419
30,401,116
30,402,810
30,403,743
30,404,675
30,405,859
30,406,385
30,407,296
30,408,133
30,409,211
30,410,199
30,411,701
30,412,596
30,413,630
30,414,573
30,415,21
30,416,357
30,417,445
30,418,817
30,419,539
30,420,48
30,421,804
30,422,892
30,423,15
30,424,835
30,425,22
30,426,15
30,427,509
30,428,554
30,429,468
30,430,171
30,431,548
30,432,480
30,433,350
30,434,990
30,435,274
30,436,261
30,437,793
30,438,914
30,439,37
30,440,20
30,441,48
30,442,976
30,443,904
30,444,469
30,445,571
30,446,834
30,447,551
30,448,83
30,449,35
30,450,965
30,451,384
30,452,290
30,453,201
30,454,56
30,455,711
30,456,23
30,457,335
30,458,251
30,459,31
30,460,762
30,461,47
30,462,663
30,463,38
30,464,108
30,465,630
30,466,339
30,467,29
30,468,43
30,469,137
30,470,343
30,471,341
30,472,402
30,473,14
30,474,54
30,475,655
30,476,205
30,477,186
30,478,547
30,479,576
30,480,853
30,481,13
30,482,500
30,483,93
30,484,20
30,485,348
30,486,608
30,487,135
30,488,32
30,489,175
30,490,699
30,491,52
30,492,36
30,493,37
30,494,731
30,495,890
30,496,49
30,497,16
30,498,158
30,499,709
30,500,15
31,1,344
31,2,616
31,3,778
31,4,777
31,5,339
31,6,272
31,7,123
31,8,648
31,9,203
31,10,39
31,11,669
31,12,34
31,13,160
31,14,968
31,15,662
31,16,657
31,17,47
31,18,10
31,19,59
31,20,967
31,21,429
31,22,209
31,23,695
31,24,349
31,25,743
31,26,720
31,27,848
31,28,895
31,29,33
31,30,876
31,31,893
31,32,621
31,33,17
31,34,826
31,35,602
31,36,90
31,37,560
31,38,145
31,39,572
31,40,798
31,41,759
31,42,91
31,43,982
31,44,299
31,45,816
31,46,12
31,47,30
31,48,843
31,49,824
31,50,402
31,51,719
31,52,71
31,53,913
31,54,504
31,55,452
31,56,666
31,57,26
31,58,767
31,59,674
31,60,21
31,61,90
31,62,560
31,63,589
31,64,433
31,65,544
31,66,539
31,67,632
31,68,84
31,69,429
31,70,926
31,71,801
31,72,608
31,73,517
31,74,345
31,75,43
31,76,641
31,77,10
31,78,782
31,79,892
31,80,52
31,81,951
31,82,782
31,83,32
31,84,624
31,85,879
31,86,41
31,87,665
31,88,612
31,89,950
31,90,23
31,91,38
31,92,481
31,93,870
31,94,569
31,95,576
31,96,197
31,97,993
31,98,466
31,99,655
31,100,34
31,101,862
31,102,592
31,103,183
31,104,754
31,105,457
31,106,972
31,107,629
31,108,15
31,109,966
31,110,519
31,111,745
31,112,677
31,113,666
31,114,343
31,115,591
31,116,646
31,117,360
31,118,46
31,119,200
31,120,575
31,121,676
31,122,199
31,123,562
31,124,241
31,125,916
31,126,223
31,127,712
31,128,481
31,129,510
31,130,722
31,131,984
31,132,827
31,133,28
31,134,476
31,135,471
31,136,34
31,137,379
31,138,638
31,139,534
31,140,524
31,141,124
31,142,681
31,143,581
31,144,211
31,145,603
31,146,17
31,147,21
31,148,39
31,149,932
31,150,549
31,151,101
31,152,859
31,153,742
31,154,515
31,155,734
31,156,680
31,157,981
31,158,856
31,159,954
31,160,675
31,161,18
31,162,285
31,163,442
31,164,92
31,165,22
31,166,995
31,167,50
31,168,50
31,169,862
31,170,40
31,171,563
31,172,987
31,173,11
31,174,722
31,175,15
31,176,565
31,177,444
31,178,588
31,179,393
31,180,967
31,181,307
31,182,737
31,183,413
31,184,681
31,185,23
31,186,45
31,187,377
31,188,42
31,189,59
31,190,684
31,191,790
31,192,420
31,193,726
31,194,115
31,195,474
31,196,19
31,197,351
31,198,728
31,199,17
31,200,392
31,201,655
31,202,626
31,203,172
31,204,167
31,205,343
31,206,559
31,207,402
31,208,10
31,209,22
31,210,870
31,211,32
31,212,10
31,213,11
31,214,469
31,215,13
31,216,98
31,217,697
31,218,273
31,219,904
31,220,283
31,221,752
31,222,983
31,223,232
31,224,18
31,225,524
31,226,24
31,227,823
31,228,565
31,229,650
31,230,36
31,231,473
31,232,637
31,233,701
31,234,13
31,235,327
31,236,478
31,237,907
31,238,904
31,239,216
31,240,41
31,241,744
31,242,946
31,243,390
31,244,290
31,245,97
31,246,507
31,247,403
31,248,435
31,249,166
31,250,360
31,251,302
31,252,962
31,253,480
31,254,788
31,255,894
31,256,35
31,257,669
31,258,649
31,259,980
31,260,938
31,261,724
31,262,779
31,263,846
31,264,25
31,265,353
31,266,486
31,267,427
31,268,374
31,269,756
31,270,313
31,271,555
31,272,821
31,273,12
31,274,774
31,275,366
31,276,524
31,277,968
31,278,653
31,279,935
31,280,174
31,281,700
31,282,349
31,283,915
31,284,962
31,285,520
31,286,16
31,287,659
31,288,346
31,289,670
31,290,540
31,291,958
31,292,669
31,293,46
31,294,571
31,295,673
31,296,916
31,297,677
31,298,928
31,299,765
31,300,849
31,301,276
31,302,949
31,303,135
31,304,133
31,305,554
31,306,347
31,307,588
31,308,709
31,309,287
31,310,426
31,311,263
31,312,924
31,313,976
31,314,153
31,315,20
31,316,12
31,317,538
31,318,834
31,319,92
31,320,462
31,321,13
31,322,720
31,323,207
31,324,28
31,325,583
31,326,17
31,327,756
31,328,22
31,329,711
31,330,21
31,331,691
31,332,283
31,333,40
31,334,732
31,335,411
31,336,569
31,337,48
31,338,933
31,339,847
31,340,556
31,341,688
31,342,691
31,343,610
31,344,29
31,345,760
31,346,695
31,347,11
31,348,958
31,349,420
31,350,17
31,351,449
31,352,590
31,353,36
31,354,438
31,355,22
31,356,22
31,357,847
31,358,254
31,359,541
31,360,293
31,361,22
31,362,15
31,363,400
31,364,156
31,365,143
31,366,88
31,367,547
31,368,660
31,369,66
31,370,683
31,371,76
31,372,980
31,373,547
31,374,740
31,375,912
31,376,890
31,377,809
31,378,145
31,379,839
31,380,965
31,381,719
31,382,55
31,383,17
31,384,650
31,385,312
31,386,44
31,387,772
31,388,262
31,389,19
31,390,22
31,391,385
31,392,801
31,393,642
31,394,221
31,395,800
31,396,971
31,397,695
31,398,962
31,399,541
31,400,553
31,401,640
31,402,59
31,403,13
31,404,320
31,405,38
31,406,22
31,407,698
31,408,978
31,409,959
31,410,345
31,411,33
31,412,936
31,413,11
31,414,663
31,415,707
31,416,118
31,417,696
31,418,31
31,419,686
31,420,36
31,421,39
31,422,53
31,423,506
31,424,10
31,425,722
31,426,752
31,427,778
31,428,175
31,429,102
31,430,41
31,431,808
31,432,854
31,433,545
31,434,337
31,435,29
31,436,135
31,437,476
31,438,583
31,439,331
31,440,587
31,441,29
31,442,599
31,443,810
31,444,16
31,445,91
31,446,666
31,447,736
31,448,674
31,449,986
31,450,953
31,451,637
31,452,72
31,453,849
31,454,29
31,455,171
31,456,642
31,457,45
31,458,11
31,459,29
31,460,30
31,461,561
31,462,587
31,463,46
31,464,36
31,465,575
31,466,851
31,467,85
31,468,50
31,469,728
31,470,671
31,471,634
31,472,548
31,473,466
31,474,372
31,475,952
31,476,758
31,477,268
31,478,861
31,479,525
31,480,709
31,481,515
31,482,414
31,483,215
31,484,42
31,485,83
31,486,70
31,487,568
31,488,133
31,489,861
31,490,439
31,491,148
31,492,91
31,493,14
31,494,529
31,495,38
31,496,301
31,497,688
31,498,600
31,499,431
31,500,724
32,1,45
32,2,41
32,3,840
32,4,49
32,5,839
32,6,25
32,7,210
32,8,746
32,9,20
32,10,617
32,11,835
32,12,934
32,13,156
32,14,620
32,15,445
32,16,25
32,17,13
32,18,639
32,19,843
32,20,952
32,21,825
32,22,536
32,23,30
32,24,76
32,25,95
32,26,175
32,27,612
32,28,757
32,29,339
32,30,840
32,31,627
32,32,813
32,33,726
32,34,973
32,35,21
32,36,952
32,37,350
32,38,573
32,39,217
32,40,730
32,41,662
32,42,641
32,43,844
32,44,825
32,45,464
32,46,834
32,47,22
32,48,603
32,49,636
32,50,933
32,51,46
32,52,26
32,53,768
32,54,857
32,55,454
32,56,308
32,57,613
32,58,540
32,59,749
32,60,969
32,61,398
32,62,649
32,63,472
32,64,674
32,65,828
32,66,340
32,67,285
32,68,787
32,69,844
32,70,953
32,71,549
32,72,743
32,73,641
32,74,35
32,75,701
32,76,587
32,77,889
32,78,607
32,79,893
32,80,975
32,81,10
32,82,922
32,83,607
32,84,482
32,85,157
32,86,409
32,87,56
32,88,939
32,89,935
32,90,320
32,91,553
32,92,23
32,93,390
32,94,571
32,95,681
32,96,611
32,97,930
32,98,866
32,99,18
32,100,530
32,101,637
32,102,591
32,103,265
32,104,41
32,105,807
32,106,19
32,107,556
32,108,770
32,109,792
32,110,503
32,111,583
32,112,35
32,113,547
32,114,473
32,115,299
32,116,93
32,117,295
32,118,565
32,119,707
32,120,732
32,121,48
32,122,56
32,123,340
32,124,840
32,125,693
32,126,17
32,127,904
32,128,21
32,129,25
32,130,243
32,131,953
32,132,18
32,133,941
32,134,862
32,135,842
32,136,405
32,137,158
32,138,478
32,139,271
32,140,574
32,141,691
32,142,900
32,143,521
32,144,84
32,145,553
32,146,997
32,147,18
32,148,39
32,149,542
32,150,446
32,151,17
32,152,17
32,153,130
32,154,718
32,155,996
32,156,570
32,157,21
32,158,260
32,159,432
32,160,384
32,161,578
32,162,980
32,163,774
32,164,713
32,165,381
32,166,712
32,167,705
32,168,563
32,169,114
32,170,128
32,171,706
32,172,585
32,173,50
32,174,717
32,175,139
32,176,393
32,177,427
32,178,11
32,179,840
32,180,879
32,181,594
32,182,383
32,183,740
32,184,489
32,185,625
32,186,463
32,187,17
32,188,582
32,189,573
32,190,425
32,191,1000
32,192,561
32,193,617
32,194,584
32,195,729
32,196,19
32,197,865
32,198,964
32,199,633
32,200,519
32,201,13
32,202,806
32,203,756
32,204,601
32,205,777
32,206,767
32,207,962
32,208,150
32,209,878
32,210,35
32,211,39
32,212,957
32,213,26
32,214,587
32,215,526
32,216,665
32,217,10
32,218,994
32,219,914
32,220,551
32,221,688
32,222,969
32,223,259
32,224,92
32,225,46
32,226,571
32,227,982
32,228,10
32,229,461
32,230,971
32,231,50
32,232,15
32,233,29
32,234,29
32,235,21
32,236,548
32,237,481
32,238,286
32,239,15
32,240,399
32,241,537
32,242,264
32,243,721
32,244,48
32,245,65
32,246,221
32,247,14
32,248,372
32,249,657
32,250,48
32,251,43
32,252,509
32,253,512
32,254,799
32,255,35
32,256,194
32,257,560
32,258,832
32,259,227
32,260,992
32,261,37
32,262,43
32,263,951
32,264,938
32,265,882
32,266,894
32,267,524
32,268,828
32,269,928
32,270,438
32,271,545
32,272,968
32,273,185
32,274,893
32,275,975
32,276,502
32,277,258
32,278,49
32,279,536
32,280,959
32,281,858
32,282,871
32,283,39
32,284,416
32,285,130
32,286,509
32,287,669
32,288,22
32,289,585
32,290,920
32,291,574
32,292,795
32,293,68
32,294,382
32,295,812
32,296,505
32,297,589
32,298,681
32,299,507
32,300,998
32,301,575
32,302,242
32,303,920
32,304,404
32,305,105
32,306,42
32,307,442
32,308,289
32,309,947
32,310,199
32,311,59
32,312,901
32,313,433
32,314,583
32,315,729
32,316,24
32,317,625
32,318,39
32,319,200
32,320,206
32,321,28
32,322,469
32,323,40
32,324,912
32,325,40
32,326,938
32,327,788
32,328,849
32,329,219
32,330,788
32,331,31
32,332,487
32,333,986
32,334,34
32,335,872
32,336,568
32,337,234
32,338,50
32,339,474
32,340,909
32,341,932
32,342,372
32,343,984
32,344,339
32,345,728
32,346,633
32,347,906
32,348,40
32,349,930
32,350,175
32,351,207
32,352,418
32,353,988
32,354,522
32,355,827
32,356,32
32,357,43
32,358,504
32,359,177
32,360,759
32,361,715
32,362,752
32,363,10
32,364,28
32,365,34
32,366,610
32,367,340
32,368,668
32,369,38
32,370,407
32,371,905
32,372,297
32,373,985
32,374,569
32,375,327
32,376,367
32,377,555
32,378,43
32,379,618
32,380,226
32,381,569
32,382,828
32,383,866
32,384,757
32,385,331
32,386,919
32,387,636
32,388,447
32,389,25
32,390,858
32,391,972
32,392,20
32,393,27
32,394,931
32,395,593
32,396,16
32,397,793
32,398,103
32,399,527
32,400,811
32,401,204
32,402,887
32,403,674
32,404,215
32,405,952
32,406,42
32,407,750
32,408,420
32,409,60
32,410,37
32,411,890
32,412,38
32,413,868
32,414,49
32,415,485
32,416,770
32,417,259
32,418,735
32,419,974
32,420,52
32,421,911
32,422,674
32,423,676
32,424,948
32,425,581
32,426,960
32,427,49
32,428,790
32,429,31
32,430,175
32,431,179
32,432,66
32,433,954
32,434,10
32,435,27
32,436,776
32,437,782
32,438,956
32,439,973
32,440,43
32,441,897
32,442,107
32,443,406
32,444,42
32,445,297
32,446,43
32,447,802
32,448,598
32,449,464
32,450,219
32,451,765
32,452,137
32,453,989
32,454,767
32,455,462
32,456,106
32,457,256
32,458,506
32,459,180
32,460,496
32,461,20
32,462,897
32,463,578
32,464,954
32,465,704
32,466,811
32,467,665
32,468,410
32,469,397
32,470,527
32,471,613
32,472,564
32,473,824
32,474,706
32,475,492
32,476,630
32,477,620
32,478,857
32,479,50
32,480,567
32,481,646
32,482,827
32,483,979
32,484,619
32,485,18
32,486,582
32,487,966
32,488,32
32,489,777
32,490,904
32,491,535
32,492,268
32,493,351
32,494,22
32,495,39
32,496,812
32,497,818
32,498,951
32,499,579
32,500,109
33,1,827
33,2,544
33,3,259
33,4,681
33,5,664
33,6,949
33,7,674
33,8,879
33,9,713
33,10,29
33,11,700
33,12,864
33,13,534
33,14,515
33,15,435
33,16,861
33,17,41
33,18,241
33,19,495
33,20,971
33,21,802
33,22,592
33,23,48
33,24,268
33,25,181
33,26,277
33,27,917
33,28,433
33,29,421
33,30,22
33,31,408
33,32,230
33,33,33
33,34,573
33,35,19
33,36,872
33,37,570
33,38,672
33,39,633
33,40,963
33,41,485
33,42,285
33,43,45
33,44,24
33,45,26
33,46,171
33,47,982
33,48,16
33,49,289
33,50,103
33,51,519
33,52,541
33,53,36
33,54,678
33,55,794
33,56,16
33,57,10
33,58,774
33,59,47
33,60,86
33,61,121
33,62,675
33,63,43
33,64,158
33,65,944
33,66,18
33,67,245
33,68,47
33,69,893
33,70,13
33,71,625
33,72,30
33,73,558
33,74,570
33,75,793
33,76,303
33,77,781
33,78,60
33,79,45
33,80,25
33,81,637
33,82,565
33,83,877
33,84,568
33,85,56
33,86,611
33,87,540
33,88,148
33,89,39
33,90,752
33,91,16
33,92,596
33,93,39
33,94,290
33,95,623
33,96,180
33,97,579
33,98,416
33,99,937
33,100,706
33,101,522
33,102,758
33,103,482
33,104,344
33,105,129
33,106,260
33,107,158
33,108,707
33,109,786
33,110,724
33,111,566
33,112,263
33,113,275
33,114,709
33,115,972
33,116,18
33,117,508
33,118,871
33,119,14
33,120,508
33,121,853
33,122,121
33,123,856
33,124,293
33,125,731
33,126,467
33,127,24
33,128,516
33,129,29
33,130,22
33,131,927
33,132,739
33,133,228
33,134,34
33,135,65
33,136,18
33,137,841
33,138,34
33,139,34
33,140,12
33,141,401
33,142,254
33,143,682
33,144,647
33,145,970
33,146,790
33,147,211
33,148,395
33,149,322
33,150,408
33,151,341
33,152,136
33,153,516
33,154,978
33,155,33
33,156,707
33,157,858
33,158,647
33,159,23
33,160,29
33,161,108
33,162,270
33,163,906
33,164,344
33,165,506
33,166,181
33,167,439
33,168,576
33,169,510
33,170,979
33,171,957
33,172,295
33,173,109
33,174,37
33,175,88
33,176,516
33,177,584
33,178,710
33,179,214
33,180,392
33,181,617
33,182,896
33,183,401
33,184,446
33,185,269
33,186,781
33,187,610
33,188,245
33,189,706
33,190,928
33,191,682
33,192,659
33,193,184
33,194,355
33,195,876
33,196,664
33,197,945
33,198,49
33,199,304
33,200,10
33,201,662
33,202,791
33,203,527
33,204,875
33,205,130
33,206,870
33,207,774
33,208,257
33,209,31
33,210,755
33,211,255
33,212,132
33,213,738
33,214,24
33,215,325
33,216,15
33,217,710
33,218,19
33,219,41
33,220,970
33,221,472
33,222,160
33,223,42
33,224,24
33,225,184
33,226,27
33,227,285
33,228,46
33,229,885
33,230,21
33,231,630
33,232,258
33,233,863
33,234,452
33,235,120
33,236,833
33,237,35
33,238,17
33,239,611
33,240,48
33,241,146
33,242,608
33,243,545
33,244,603
33,245,829
33,246,989
33,247,44
33,248,468
33,249,503
33,250,401
33,251,101
33,252,180
33,253,618
33,254,158
33,255,196
33,256,18
33,257,919
33,258,177
33,259,871
33,260,832
33,261,504
33,262,822
33,263,79
33,264,752
33,265,242
33,266,790
33,267,267
33,268,907
33,269,423
33,270,531
33,271,675
33,272,49
33,273,794
33,274,508
33,275,37
33,276,194
33,277,399
33,278,582
33,279,535
33,280,439
33,281,860
33,282,353
33,283,602
33,284,761
33,285,873
33,286,36
33,287,958
33,288,988
33,289,502
33,290,188
33,291,15
33,292,599
33,293,85
33,294,55
33,295,874
33,296,69
33,297,144
33,298,97
33,299,193
33,300,304
33,301,666
33,302,896
33,303,754
33,304,25
33,305,847
33,306,24
33,307,250
33,308,888
33,309,729
33,310,281
33,311,411
33,312,251
33,313,627
33,314,641
33,315,966
33,316,346
33,317,41
33,318,93
33,319,511
33,320,38
33,321,415
33,322,660
33,323,578
33,324,571
33,325,348
33,326,385
33,327,24
33,328,908
33,329,49
33,330,423
33,331,981
33,332,667
33,333,791
33,334,523
33,335,38
33,336,935
33,337,21
33,338,245
33,339,667
33,340,30
33,341,809
33,342,269
33,343,341
33,344,44
33,345,933
33,346,770
33,347,70
33,348,526
33,349,704
33,350,671
33,351,87
33,352,86
33,353,964
33,354,762
33,355,753
33,356,155
33,357,537
33,358,62
33,359,58
33,360,740
33,361,812
33,362,614
33,363,33
33,364,39
33,365,45
33,366,31
33,367,453
33,368,185
33,369,845
33,370,295
33,371,604
33,372,433
33,373,591
33,374,384
33,375,242
33,376,970
33,377,316
33,378,710
33,379,969
33,380,646
33,381,717
33,382,166
33,383,39
33,384,440
33,385,975
33,386,763
33,387,769
33,388,585
33,389,715
33,390,231
33,391,733
33,392,33
33,393,684
33,394,388
33,395,182
33,396,623
33,397,862
33,398,977
33,399,382
33,400,451
33,401,394
33,402,517
33,403,401
33,404,61
33,405,851
33,406,180
33,407,174
33,408,522
33,409,33
33,410,45
33,411,924
33,412,35
33,413,840
33,414,573
33,415,120
33,416,752
33,417,932
33,418,583
33,419,867
33,420,858
33,421,888
33,422,23
33,423,257
33,424,126
33,425,874
33,426,17
33,427,851
33,428,508
33,429,761
33,430,11
33,431,540
33,432,42
33,433,36
33,434,418
33,435,177
33,436,316
33,437,619
33,438,299
33,439,963
33,440,28
33,441,925
33,442,22
33,443,22
33,444,654
33,445,872
33,446,388
33,447,867
33,448,895
33,449,257
33,450,858
33,451,923
33,452,120
33,453,699
33,454,995
33,455,41
33,456,547
33,457,612
33,458,50
33,459,184
33,460,518
33,461,33
33,462,845
33,463,992
33,464,157
33,465,49
33,466,794
33,467,356
33,468,425
33,469,960
33,470,765
33,471,877
33,472,391
33,473,96
33,474,496
33,475,359
33,476,684
33,477,945
33,478,37
33,479,748
33,480,908
33,481,211
33,482,582
33,483,948
33,484,973
33,485,956
33,486,99
33,487,778
33,488,18
33,489,876
33,490,723
33,491,803
33,492,759
33,493,876
33,494,43
33,495,619
33,496,648
33,497,36
33,498,683
33,499,407
33,500,958
34,1,41
34,2,944
34,3,432
34,4,343
34,5,921
34,6,58
34,7,13
34,8,162
34,9,422
34,10,404
34,11,329
34,12,267
34,13,516
34,14,680
34,15,32
34,16,539
34,17,134
34,18,22
34,19,644
34,20,690
34,21,535
34,22,171
34,23,726
34,24,484
34,25,655
34,26,894
34,27,32
34,28,839
34,29,10
34,30,27
34,31,606
34,32,28
34,33,37
34,34,33
34,35,94
34,36,568
34,37,35
34,38,909
34,39,257
34,40,925
34,41,26
34,42,923
34,43,769
34,44,276
34,45,32
34,46,514
34,47,816
34,48,737
34,49,576
34,50,838
34,51,169
34,52,610
34,53,921
34,54,49
34,55,750
34,56,751
34,57,49
34,58,815
34,59,793
34,60,473
34,61,750
34,62,61
34,63,93
34,64,157
34,65,998
34,66,214
34,67,763
34,68,802
34,69,310
34,70,851
34,71,31
34,72,833
34,73,340
34,74,430
34,75,125
34,76,972
34,77,36
34,78,481
34,79,753
34,80,601
34,81,306
34,82,875
34,83,987
34,84,945
34,85,568
34,86,176
34,87,425
34,88,889
34,89,546
34,90,607
34,91,45
34,92,31
34,93,668
34,94,746
34,95,654
34,96,23
34,97,514
34,98,498
34,99,553
34,100,748
34,101,533
34,102,89
34,103,553
34,104,626
34,105,623
34,106,594
34,107,329
34,108,27
34,109,288
34,110,914
34,111,700
34,112,25
34,113,189
34,114,33
34,115,740
34,116,828
34,117,495
34,118,18
34,119,459
34,120,903
34,121,20
34,122,917
34,123,819
34,124,680
34,125,20
34,126,666
34,127,46
34,128,211
34,129,719
34,130,175
34,131,722
34,132,984
34,133,574
34,134,754
34,135,838
34,136,845
34,137,964
34,138,779
34,139,327
34,140,428
34,141,860
34,142,582
34,143,939
34,144,77
34,145,44
34,146,667
34,147,903
34,148,813
34,149,105
34,150,533
34,151,21
34,152,359
34,153,473
34,154,961
34,155,818
34,156,175
34,157,770
34,158,714
34,159,34
34,160,50
34,161,265
34,162,731
34,163,642
34,164,46
34,165,722
34,166,481
34,167,809
34,168,37
34,169,264
34,170,905
34,171,583
34,172,185
34,173,536
34,174,723
34,175,835
34,176,664
34,177,1000
34,178,944
34,179,33
34,180,507
34,181,328
34,182,35
34,183,784
34,184,317
34,185,23
34,186,755
34,187,906
34,188,304
34,189,26
34,190,986
34,191,42
34,192,11
34,193,33
34,194,41
34,195,860
34,196,897
34,197,46
34,198,931
34,199,603
34,200,45
34,201,997
34,202,428
34,203,236
34,204,648
34,205,34
34,206,406
34,207,818
34,208,226
34,209,267
34,210,627
34,211,332
34,212,128
34,213,734
34,214,32
34,215,700
34,216,638
34,217,918
34,218,826
34,219,625
34,220,616
34,221,915
34,222,797
34,223,148
34,224,858
34,225,825
34,226,814
34,227,682
34,228,79
34,229,180
34,230,726
34,231,34
34,232,920
34,233,622
34,234,909
34,235,386
34,236,226
34,237,699
34,238,624
34,239,865
34,240,975
34,241,14
34,242,428
34,243,48
34,244,701
34,245,711
34,246,706
34,247,38
34,248,281
34,249,467
34,250,597
34,251,335
34,252,981
34,253,919
34,254,676
34,255,598
34,256,289
34,257,966
34,258,60
34,259,830
34,260,774
34,261,21
34,262,630
34,263,444
34,264,113
34,265,854
34,266,681
34,267,899
34,268,528
34,269,925
34,270,483
34,271,537
34,272,894
34,273,25
34,274,921
34,275,20
34,276,199
34,277,263
34,278,572
34,279,449
34,280,585
34,281,809
34,282,16
34,283,31
34,284,493
34,285,407
34,286,540
34,287,847
34,288,587
34,289,750
34,290,980
34,291,364
34,292,405
34,293,555
34,294,674
34,295,701
34,296,36
34,297,16
34,298,21
34,299,292
34,300,938
34,301,739
34,302,857
34,303,439
34,304,669
34,305,568
34,306,796
34,307,518
34,308,389
34,309,818
34,310,860
34,311,316
34,312,753
34,313,641
34,314,22
34,315,39
34,316,718
34,317,721
34,318,23
34,319,745
34,320,878
34,321,888
34,322,713
34,323,97
34,324,717
34,325,703
34,326,440
34,327,727
34,328,998
34,329,284
34,330,29
34,331,181
34,332,247
34,333,947
34,334,19
34,335,852
34,336,989
34,337,229
34,338,514
34,339,249
34,340,26
34,341,86
34,342,558
34,343,878
34,344,293
34,345,878
34,346,935
34,347,302
34,348,706
34,349,10
34,350,952
34,351,403
34,352,551
34,353,18
34,354,872
34,355,448
34,356,379
34,357,22
34,358,581
34,359,201
34,360,799
34,361,922
34,362,410
34,363,784
34,364,973
34,365,396
34,366,16
34,367,887
34,368,20
34,369,26
34,370,370
34,371,429
34,372,23
34,373,560
34,374,846
34,375,21
34,376,154
34,377,440
34,378,672
34,379,929
34,380,379
34,381,50
34,382,798
34,383,24
34,384,450
34,385,503
34,386,308
34,387,446
34,388,932
34,389,350
34,390,965
34,391,995
34,392,432
34,393,10
34,394,712
34,395,39
34,396,900
34,397,707
34,398,243
34,399,49
34,400,944
34,401,249
34,402,15
34,403,880
34,404,565
34,405,527
34,406,899
34,407,901
34,408,985
34,409,37
34,410,905
34,411,832
34,412,443
34,413,370
34,414,820
34,415,803
34,416,463
34,417,380
34,418,891
34,419,274
34,420,375
34,421,11
34,422,623
34,423,953
34,424,286
34,425,424
34,426,612
34,427,655
34,428,542
34,429,126
34,430,807
34,431,477
34,432,938
34,433,445
34,434,27
34,435,608
34,436,416
34,437,45
34,438,614
34,439,518
34,440,48
34,441,900
34,442,939
34,443,894
34,444,954
34,445,572
34,446,905
34,447,892
34,448,856
34,449,887
34,450,497
34,451,687
34,452,846
34,453,22
34,454,628
34,455,34
34,456,715
34,457,221
34,458,982
34,459,950
34,460,453
34,461,292
34,462,481
34,463,18
34,464,47
34,465,677
34,466,699
34,467,10
34,468,760
34,469,152
34,470,773
34,471,780
34,472,484
34,473,680
34,474,643
34,475,976
34,476,12
34,477,814
34,478,916
34,479,605
34,480,708
34,481,32
34,482,89
34,483,89
34,484,44
34,485,148
34,486,635
34,487,483
34,488,26
34,489,621
34,490,841
34,491,896
34,492,272
34,493,545
34,494,677
34,495,962
34,496,784
34,497,615
34,498,204
34,499,820
34,500,130
35,1,517
35,2,548
35,3,50
35,4,624
35,5,720
35,6,835
35,7,578
35,8,913
35,9,544
35,10,392
35,11,298
35,12,663
35,13,220
35,14,20
35,15,845
35,16,837
35,17,636
35,18,994
35,19,648
35,20,17
35,21,353
35,22,23
35,23,28
35,24,354
35,25,309
35,26,525
35,27,238
35,28,134
35,29,935
35,30,69
35,31,545
35,32,136
35,33,971
35,34,216
35,35,458
35,36,263
35,37,853
35,38,12
35,39,41
35,40,337
35,41,933
35,42,483
35,43,206
35,44,28
35,45,980
35,46,77
35,47,36
35,48,645
35,49,514
35,50,880
35,51,163
35,52,621
35,53,918
35,54,781
35,55,713
35,56,16
35,57,585
35,58,910
35,59,539
35,60,191
35,61,662
35,62,232
35,63,17
35,64,232
35,65,714
35,66,171
35,67,79
35,68,114
35,69,299
35,70,31
35,71,825
35,72,723
35,73,938
35,74,855
35,75,26
35,76,703
35,77,230
35,78,768
35,79,534
35,80,121
35,81,457
35,82,275
35,83,445
35,84,819
35,85,49
35,86,799
35,87,938
35,88,641
35,89,307
35,90,779
35,91,771
35,92,448
35,93,450
35,94,937
35,95,10
35,96,400
35,97,988
35,98,800
35,99,880
35,100,376
35,101,827
35,102,281
35,103,936
35,104,442
35,105,929
35,106,522
35,107,164
35,108,694
35,109,122
35,110,519
35,111,158
35,112,443
35,113,997
35,114,501
35,115,868
35,116,586
35,117,975
35,118,597
35,119,649
35,120,19
35,121,30
35,122,35
35,123,39
35,124,958
35,125,36
35,126,35
35,127,34
35,128,980
35,129,612
35,130,38
35,131,931
35,132,455
35,133,840
35,134,48
35,135,672
35,136,480
35,137,10
35,138,262
35,139,849
35,140,42
35,141,422
35,142,427
35,143,449
35,144,755
35,145,216
35,146,664
35,147,781
35,148,562
35,149,22
35,150,212
35,151,453
35,152,579
35,153,25
35,154,639
35,155,835
35,156,95
35,157,127
35,158,339
35,159,86
35,160,534
35,161,987
35,162,28
35,163,656
35,164,23
35,165,548
35,166,49
35,167,146
35,168,440
35,169,655
35,170,237
35,171,141
35,172,34
35,173,14
35,174,295
35,175,49
35,176,61
35,177,584
35,178,208
35,179,156
35,180,806
35,181,406
35,182,252
35,183,457
35,184,289
35,185,901
35,186,42
35,187,684
35,188,950
35,189,558
35,190,30
35,191,182
35,192,327
35,193,289
35,194,931
35,195,253
35,196,962
35,197,236
35,198,908
35,199,913
35,200,189
35,201,387
35,202,976
35,203,871
35,204,537
35,205,715
35,206,290
35,207,389
35,208,930
35,209,15
35,210,1000
35,211,239
35,212,963
35,213,16
35,214,860
35,215,39
35,216,877
35,217,201
35,218,336
35,219,901
35,220,382
35,221,703
35,222,333
35,223,571
35,224,907
35,225,999
35,226,721
35,227,513
35,228,722
35,229,824
35,230,149
35,231,211
35,232,234
35,233,715
35,234,772
35,235,203
35,236,34
35,237,32
35,238,880
35,239,244
35,240,577
35,241,48
35,242,732
35,243,41
35,244,95
35,245,676
35,246,341
35,247,17
35,248,32
35,249,905
35,250,526
35,251,669
35,252,850
35,253,672
35,254,517
35,255,619
35,256,757
35,257,33
35,258,579
35,259,105
35,260,17
35,261,720
35,262,957
35,263,834
35,264,108
35,265,857
35,266,561
35,267,680
35,268,916
35,269,234
35,270,651
35,271,929
35,272,95
35,273,580
35,274,141
35,275,546
35,276,429
35,277,771
35,278,753
35,279,845
35,280,917
35,281,519
35,282,33
35,283,19
35,284,862
35,285,908
35,286,762
35,287,934
35,288,560
35,289,36
35,290,964
35,291,937
35,292,35
35,293,504
35,294,11
35,295,937
35,296,518
35,297,340
35,298,825
35,299,534
35,300,475
35,301,28
35,302,450
35,303,426
35,304,420
35,305,825
35,306,30
35,307,588
35,308,549
35,309,904
35,310,667
35,311,335
35,312,222
35,313,24
35,314,427
35,315,572
35,316,452
35,317,873
35,318,27
35,319,857
35,320,804
35,321,293
35,322,568
35,323,50
35,324,15
35,325,303
35,326,10
35,327,762
35,328,775
35,329,29
35,330,476
35,331,814
35,332,405
35,333,619
35,334,687
35,335,826
35,336,347
35,337,347
35,338,522
35,339,240
35,340,465
35,341,508
35,342,622
35,343,738
35,344,871
35,345,295
35,346,260
35,347,35
35,348,371
35,349,610
35,350,406
35,351,694
35,352,344
35,353,277
35,354,928
35,355,445
35,356,833
35,357,28
35,358,728
35,359,717
35,360,744
35,361,149
35,362,688
35,363,468
35,364,40
35,365,119
35,366,791
35,367,641
35,368,430
35,369,22
35,370,900
35,371,173
35,372,985
35,373,229
35,374,573
35,375,602
35,376,969
35,377,285
35,378,204
35,379,408
35,380,844
35,381,905
35,382,746
35,383,184
35,384,792
35,385,651
35,386,666
35,387,965
35,388,906
35,389,736
35,390,32
35,391,75
35,392,577
35,393,50
35,394,491
35,395,65
35,396,723
35,397,557
35,398,890
35,399,556
35,400,78
35,401,541
35,402,33
35,403,350
35,404,505
35,405,692
35,406,512
35,407,547
35,408,186
35,409,823
35,410,28
35,411,531
35,412,190
35,413,933
35,414,10
35,415,12
35,416,34
35,417,627
35,418,352
35,419,212
35,420,352
35,421,516
35,422,614
35,423,444
35,424,158
35,425,823
35,426,24
35,427,669
35,428,747
35,429,694
35,430,117
35,431,19
35,432,252
35,433,347
35,434,478
35,435,701
35,436,683
35,437,228
35,438,544
35,439,427
35,440,251
35,441,398
35,442,57
35,443,39
35,444,609
35,445,544
35,446,778
35,447,96
35,448,920
35,449,763
35,450,49
35,451,384
35,452,655
35,453,728
35,454,819
35,455,560
35,456,253
35,457,609
35,458,969
35,459,670
35,460,29
35,461,781
35,462,29
35,463,41
35,464,359
35,465,694
35,466,29
35,467,319
35,468,200
35,469,372
35,470,324
35,471,556
35,472,275
35,473,655
35,474,449
35,475,541
35,476,379
35,477,166
35,478,32
35,479,848
35,480,26
35,481,18
35,482,54
35,483,570
35,484,829
35,485,20
35,486,192
35,487,394
35,488,176
35,489,244
35,490,950
35,491,66
35,492,413
35,493,702
35,494,22
35,495,511
35,496,141
35,497,19
35,498,10
35,499,463
35,500,968
36,1,25
36,2,365
36,3,642
36,4,614
36,5,109
36,6,68
36,7,738
36,8,243
36,9,702
36,10,15
36,11,890
36,12,925
36,13,573
36,14,826
36,15,53
36,16,17
36,17,35
36,18,910
36,19,643
36,20,294
36,21,739
36,22,86
36,23,347
36,24,765
36,25,731
36,26,577
36,27,146
36,28,22
36,29,345
36,30,763
36,31,823
36,32,907
36,33,581
36,34,17
36,35,578
36,36,487
36,37,814
36,38,525
36,39,49
36,40,25
36,41,785
36,42,537
36,43,47
36,44,22
36,45,632
36,46,10
36,47,683
36,48,928
36,49,862
36,50,785
36,51,34
36,52,38
36,53,910
36,54,237
36,55,42
36,56,897
36,57,641
36,58,307
36,59,679
36,60,21
36,61,886
36,62,316
36,63,38
36,64,246
36,65,199
36,66,809
36,67,248
36,68,818
36,69,831
36,70,878
36,71,167
36,72,731
36,73,945
36,74,962
36,75,153
36,76,856
36,77,956
36,78,609
36,79,20
36,80,538
36,81,194
36,82,43
36,83,10
36,84,561
36,85,634
36,86,27
36,87,32
36,88,740
36,89,666
36,90,921
36,91,15
36,92,419
36,93,921
36,94,795
36,95,674
36,96,566
36,97,28
36,98,504
36,99,769
36,100,452
36,101,557
36,102,31
36,103,41
36,104,40
36,105,732
36,106,202
36,107,624
36,108,746
36,109,214
36,110,615
36,111,894
36,112,510
36,113,350
36,114,343
36,115,24
36,116,642
36,117,25
36,118,394
36,119,263
36,120,115
36,121,906
36,122,518
36,123,74
36,124,441
36,125,474
36,126,784
36,127,624
36,128,625
36,129,360
36,130,901
36,131,12
36,132,880
36,133,938
36,134,322
36,135,165
36,136,12
36,137,962
36,138,586
36,139,355
36,140,941
36,141,263
36,142,665
36,143,581
36,144,97
36,145,874
36,146,719
36,147,957
36,148,926
36,149,626
36,150,10
36,151,333
36,152,885
36,153,170
36,154,834
36,155,888
36,156,42
36,157,827
36,158,118
36,159,26
36,160,911
36,161,42
36,162,37
36,163,641
36,164,366
36,165,233
36,166,968
36,167,141
36,168,815
36,169,95
36,170,42
36,171,363
36,172,90
36,173,539
36,174,108
36,175,934
36,176,706
36,177,703
36,178,663
36,179,148
36,180,224
36,181,934
36,182,720
36,183,159
36,184,891
36,185,43
36,186,668
36,187,21
36,188,16
36,189,271
36,190,905
36,191,534
36,192,779
36,193,374
36,194,267
36,195,725
36,196,925
36,197,945
36,198,596
36,199,780
36,200,596
36,201,976
36,202,690
36,203,394
36,204,62
36,205,21
36,206,322
36,207,47
36,208,820
36,209,318
36,210,346
36,211,16
36,212,83
36,213,648
36,214,400
36,215,751
36,216,363
36,217,632
36,218,293
36,219,247
36,220,853
36,221,42
36,222,19
36,223,24
36,224,634
36,225,574
36,226,195
36,227,575
36,228,251
36,229,50
36,230,707
36,231,925
36,232,595
36,233,45
36,234,851
36,235,15
36,236,991
36,237,362
36,238,31
36,239,963
36,240,81
36,241,722
36,242,787
36,243,180
36,244,41
36,245,874
36,246,586
36,247,674
36,248,554
36,249,34
36,250,45
36,251,510
36,252,161
36,253,548
36,254,971
36,255,879
36,256,477
36,257,703
36,258,808
36,259,40
36,260,721
36,261,529
36,262,41
36,263,327
36,264,731
36,265,729
36,266,635
36,267,428
36,268,484
36,269,36
36,270,663
36,271,820
36,272,676
36,273,11
36,274,368
36,275,26
36,276,296
36,277,118
36,278,565
36,279,23
36,280,323
36,281,734
36,282,390
36,283,629
36,284,985
36,285,1000
36,286,557
36,287,258
36,288,780
36,289,490
36,290,515
36,291,696
36,292,544
36,293,313
36,294,40
36,295,374
36,296,832
36,297,251
36,298,362
36,299,681
36,300,124
36,301,831
36,302,930
36,303,795
36,304,710
36,305,519
36,306,852
36,307,314
36,308,493
36,309,719
36,310,285
36,311,812
36,312,656
36,313,35
36,314,693
36,315,845
36,316,419
36,317,738
36,318,642
36,319,40
36,320,167
36,321,776
36,322,368
36,323,126
36,324,223
36,325,17
36,326,461
36,327,280
36,328,237
36,329,577
36,330,603
36,331,33
36,332,89
36,333,48
36,334,36
36,335,31
36,336,953
36,337,784
36,338,700
36,339,603
36,340,19
36,341,729
36,342,852
36,343,941
36,344,469
36,345,560
36,346,418
36,347,678
36,348,118
36,349,366
36,350,892
36,351,215
36,352,634
36,353,829
36,354,13
36,355,297
36,356,684
36,357,183
36,358,292
36,359,983
36,360,790
36,361,846
36,362,20
36,363,999
36,364,852
36,365,582
36,366,695
36,367,309
36,368,28
36,369,622
36,370,841
36,371,210
36,372,69
36,373,31
36,374,46
36,375,24
36,376,615
36,377,598
36,378,293
36,379,32
36,380,777
36,381,696
36,382,880
36,383,930
36,384,143
36,385,947
36,386,922
36,387,914
36,388,235
36,389,66
36,390,20
36,391,677
36,392,36
36,393,138
36,394,778
36,395,12
36,396,201
36,397,989
36,398,764
36,399,965
36,400,285
36,401,563
36,402,39
36,403,45
36,404,113
36,405,683
36,406,814
36,407,714
36,408,451
36,409,830
36,410,306
36,411,291
36,412,635
36,413,767
36,414,901
36,415,601
36,416,468
36,417,891
36,418,864
36,419,995
36,420,880
36,421,996
36,422,958
36,423,34
36,424,760
36,425,991
36,426,13
36,427,259
36,428,589
36,429,621
36,430,133
36,431,956
36,432,11
36,433,877
36,434,737
36,435,232
36,436,25
36,437,828
36,438,496
36,439,971
36,440,20
36,441,593
36,442,717
36,443,38
36,444,836
36,445,996
36,446,417
36,447,755
36,448,927
36,449,954
36,450,523
36,451,351
36,452,346
36,453,386
36,454,424
36,455,599
36,456,28
36,457,50
36,458,37
36,459,923
36,460,329
36,461,451
36,462,833
36,463,35
36,464,15
36,465,240
36,466,413
36,467,834
36,468,205
36,469,21
36,470,18
36,471,834
36,472,954
36,473,879
36,474,952
36,475,882
36,476,563
36,477,307
36,478,83
36,479,45
36,480,863
36,481,25
36,482,517
36,483,42
36,484,782
36,485,43
36,486,675
36,487,970
36,488,746
36,489,716
36,490,384
36,491,724
36,492,403
36,493,780
36,494,373
36,495,21
36,496,17
36,497,685
36,498,14
36,499,389
36,500,696
37,1,341
37,2,331
37,3,919
37,4,373
37,5,913
37,6,433
37,7,609
37,8,449
37,9,410
37,10,45
37,11,836
37,12,24
37,13,376
37,14,627
37,15,789
37,16,124
37,17,39
37,18,872
37,19,944
37,20,43
37,21,974
37,22,783
37,23,44
37,24,423
37,25,806
37,26,352
37,27,643
37,28,691
37,29,31
37,30,550
37,31,295
37,32,47
37,33,381
37,34,510
37,35,971
37,36,774
37,37,974
37,38,856
37,39,672
37,40,277
37,41,26
37,42,327
37,43,797
37,44,938
37,45,761
37,46,569
37,47,679
37,48,33
37,49,347
37,50,805
37,51,374
37,52,875
37,53,482
37,54,73
37,55,476
37,56,372
37,57,648
37,58,669
37,59,16
37,60,621
37,61,814
37,62,646
37,63,870
37,64,810
37,65,441
37,66,588
37,67,41
37,68,965
37,69,16
37,70,492
37,71,528
37,72,883
37,73,21
37,74,333
37,75,24
37,76,11
37,77,981
37,78,438
37,79,478
37,80,49
37,81,545
37,82,563
37,83,50
37,84,936
37,85,43
37,86,673
37,87,605
37,88,321
37,89,44
37,90,99
37,91,648
37,92,890
37,93,43
37,94,31
37,95,423
37,96,743
37,97,917
37,98,45
37,99,627
37,100,976
37,101,22
37,102,45
37,103,614
37,104,709
37,105,50
37,106,729
37,107,123
37,108,133
37,109,294
37,110,190
37,111,718
37,112,546
37,113,859
37,114,986
37,115,29
37,116,239
37,117,596
37,118,961
37,119,225
37,120,666
37,121,46
37,122,422
37,123,19
37,124,677
37,125,31
37,126,700
37,127,845
37,128,99
37,129,58
37,130,275
37,131,935
37,132,22
37,133,46
37,134,24
37,135,36
37,136,271
37,137,876
37,138,804
37,139,281
37,140,406
37,141,394
37,142,33
37,143,538
37,144,13
37,145,941
37,146,597
37,147,542
37,148,683
37,149,542
37,150,39
37,151,149
37,152,747
37,153,50
37,154,501
37,155,336
37,156,725
37,157,412
37,158,348
37,159,814
37,160,610
37,161,368
37,162,937
37,163,109
37,164,490
37,165,612
37,166,784
37,167,762
37,168,107
37,169,660
37,170,38
37,171,233
37,172,725
37,173,82
37,174,736
37,175,17
37,176,648
37,177,755
37,178,403
37,179,28
37,180,778
37,181,731
37,182,850
37,183,41
37,184,565
37,185,47
37,186,278
37,187,571
37,188,899
37,189,189
37,190,13
37,191,229
37,192,594
37,193,12
37,194,448
37,195,772
37,196,888
37,197,666
37,198,875
37,199,609
37,200,55
37,201,911
37,202,234
37,203,252
37,204,870
37,205,873
37,206,40
37,207,431
37,208,412
37,209,498
37,210,866
37,211,223
37,212,38
37,213,472
37,214,390
37,215,675
37,216,806
37,217,16
37,218,455
37,219,40
37,220,772
37,221,224
37,222,30
37,223,47
37,224,38
37,225,861
37,226,17
37,227,42
37,228,428
37,229,993
37,230,48
37,231,43
37,232,350
37,233,689
37,234,953
37,235,584
37,236,465
37,237,184
37,238,725
37,239,301
37,240,489
37,241,433
37,242,158
37,243,808
37,244,563
37,245,871
37,246,328
37,247,660
37,248,131
37,249,755
37,250,788
37,251,44
37,252,279
37,253,695
37,254,968
37,255,285
37,256,42
37,257,700
37,258,16
37,259,647
37,260,491
37,261,738
37,262,844
37,263,808
37,264,11
37,265,26
37,266,443
37,267,929
37,268,134
37,269,290
37,270,806
37,271,877
37,272,919
37,273,580
37,274,946
37,275,23
37,276,184
37,277,401
37,278,687
37,279,608
37,280,567
37,281,388
37,282,540
37,283,577
37,284,956
37,285,807
37,286,743
37,287,918
37,288,38
37,289,532
37,290,13
37,291,515
37,292,219
37,293,755
37,294,24
37,295,290
37,296,604
37,297,57
37,298,785
37,299,31
37,300,518
37,301,284
37,302,429
37,303,514
37,304,763
37,305,10
37,306,651
37,307,904
37,308,587
37,309,490
37,310,429
37,311,545
37,312,23
37,313,25
37,314,595
37,315,597
37,316,48
37,317,369
37,318,658
37,319,963
37,320,34
37,321,14
37,322,42
37,323,557
37,324,159
37,325,609
37,326,897
37,327,870
37,328,733
37,329,16
37,330,758
37,331,342
37,332,968
37,333,19
37,334,682
37,335,83
37,336,872
37,337,383
37,338,84
37,339,166
37,340,672
37,341,386
37,342,762
37,343,35
37,344,738
37,345,565
37,346,535
37,347,951
37,348,733
37,349,663
37,350,896
37,351,790
37,352,424
37,353,891
37,354,246
37,355,418
37,356,19
37,357,32
37,358,27
37,359,164
37,360,288
37,361,534
37,362,30
37,363,348
37,364,129
37,365,10
37,366,378
37,367,22
37,368,682
37,369,14
37,370,883
37,371,313
37,372,700
37,373,772
37,374,408
37,375,825
37,376,855
37,377,925
37,378,220
37,379,12
37,380,439
37,381,582
37,382,766
37,383,43
37,384,652
37,385,686
37,386,16
37,387,23
37,388,516
37,389,591
37,390,321
37,391,619
37,392,713
37,393,828
37,394,32
37,395,335
37,396,626
37,397,583
37,398,859
37,399,508
37,400,563
37,401,310
37,402,568
37,403,234
37,404,907
37,405,165
37,406,346
37,407,64
37,408,48
37,409,667
37,410,542
37,411,39
37,412,38
37,413,527
37,414,998
37,415,24
37,416,604
37,417,630
37,418,668
37,419,183
37,420,76
37,421,765
37,422,149
37,423,314
37,424,482
37,425,962
37,426,765
37,427,430
37,428,546
37,429,872
37,430,465
37,431,725
37,432,705
37,433,648
37,434,594
37,435,29
37,436,357
37,437,108
37,438,636
37,439,952
37,440,755
37,441,270
37,442,146
37,443,701
37,444,33
37,445,720
37,446,863
37,447,102
37,448,499
37,449,688
37,450,938
37,451,487
37,452,64
37,453,799
37,454,323
37,455,307
37,456,36
37,457,32
37,458,171
37,459,396
37,460,15
37,461,711
37,462,725
37,463,48
37,464,31
37,465,624
37,466,699
37,467,761
37,468,715
37,469,140
37,470,360
37,471,13
37,472,92
37,473,295
37,474,682
37,475,679
37,476,420
37,477,894
37,478,109
37,479,545
37,480,466
37,481,778
37,482,995
37,483,650
37,484,646
37,485,249
37,486,553
37,487,658
37,488,24
37,489,846
37,490,993
37,491,12
37,492,501
37,493,636
37,494,39
37,495,837
37,496,659
37,497,245
37,498,355
37,499,840
37,500,844
38,1,201
38,2,25
38,3,225
38,4,956
38,5,475
38,6,41
38,7,731
38,8,982
38,9,483
38,10,19
38,11,566
38,12,355
38,13,971
38,14,22
38,15,20
38,16,879
38,17,40
38,18,857
38,19,299
38,20,881
38,21,723
38,22,39
38,23,652
38,24,543
38,25,19
38,26,430
38,27,38
38,28,20
38,29,474
38,30,963
38,31,731
38,32,41
38,33,43
38,34,71
38,35,953
38,36,712
38,37,335
38,38,694
38,39,20
38,40,289
38,41,157
38,42,886
38,43,726
38,44,818
38,45,524
38,46,430
38,47,831
38,48,30
38,49,497
38,50,69
38,51,589
38,52,508
38,53,287
38,54,740
38,55,42
38,56,891
38,57,374
38,58,554
38,59,998
38,60,607
38,61,703
38,62,833
38,63,838
38,64,518
38,65,666
38,66,184
38,67,42
38,68,255
38,69,101
38,70,17
38,71,442
38,72,113
38,73,764
38,74,718
38,75,639
38,76,212
38,77,27
38,78,861
38,79,865
38,80,496
38,81,817
38,82,316
38,83,46
38,84,820
38,85,39
38,86,36
38,87,225
38,88,695
38,89,805
38,90,440
38,91,144
38,92,971
38,93,312
38,94,870
38,95,10
38,96,561
38,97,36
38,98,381
38,99,611
38,100,49
38,101,448
38,102,875
38,103,418
38,104,597
38,105,337
38,106,584
38,107,48
38,108,568
38,109,552
38,110,66
38,111,59
38,112,437
38,113,249
38,114,172
38,115,900
38,116,13
38,117,528
38,118,20
38,119,898
38,120,675
38,121,206
38,122,236
38,123,458
38,124,913
38,125,992
38,126,246
38,127,47
38,128,46
38,129,58
38,130,598
38,131,686
38,132,34
38,133,866
38,134,840
38,135,763
38,136,995
38,137,35
38,138,24
38,139,861
38,140,676
38,141,675
38,142,563
38,143,617
38,144,910
38,145,334
38,146,383
38,147,161
38,148,662
38,149,710
38,150,496
38,151,488
38,152,393
38,153,447
38,154,32
38,155,190
38,156,208
38,157,842
38,158,501
38,159,549
38,160,473
38,161,933
38,162,140
38,163,901
38,164,25
38,165,28
38,166,20
38,167,735
38,168,16
38,169,32
38,170,799
38,171,854
38,172,694
38,173,463
38,174,555
38,175,682
38,176,713
38,177,575
38,178,15
38,179,683
38,180,32
38,181,397
38,182,32
38,183,504
38,184,77
38,185,530
38,186,380
38,187,760
38,188,916
38,189,576
38,190,992
38,191,821
38,192,28
38,193,44
38,194,716
38,195,450
38,196,29
38,197,825
38,198,778
38,199,655
38,200,10
38,201,758
38,202,181
38,203,909
38,204,243
38,205,312
38,206,305
38,207,582
38,208,619
38,209,569
38,210,355
38,211,37
38,212,62
38,213,703
38,214,622
38,215,46
38,216,884
38,217,515
38,218,765
38,219,436
38,220,998
38,221,531
38,222,624
38,223,676
38,224,797
38,225,401
38,226,98
38,227,108
38,228,443
38,229,976
38,230,976
38,231,156
38,232,38
38,233,42
38,234,879
38,235,978
38,236,616
38,237,829
38,238,34
38,239,10
38,240,336
38,241,44
38,242,159
38,243,131
38,244,822
38,245,676
38,246,579
38,247,686
38,248,631
38,249,631
38,250,907
38,251,656
38,252,21
38,253,275
38,254,20
38,255,664
38,256,778
38,257,249
38,258,97
38,259,141
38,260,421
38,261,645
38,262,452
38,263,19
38,264,852
38,265,724
38,266,929
38,267,67
38,268,656
38,269,389
38,270,685
38,271,700
38,272,324
38,273,810
38,274,670
38,275,10
38,276,30
38,277,952
38,278,190
38,279,46
38,280,493
38,281,484
38,282,944
38,283,521
38,284,901
38,285,951
38,286,705
38,287,518
38,288,862
38,289,549
38,290,49
38,291,785
38,292,768
38,293,328
38,294,129
38,295,20
38,296,719
38,297,722
38,298,65
38,299,227
38,300,577
38,301,632
38,302,139
38,303,334
38,304,467
38,305,38
38,306,296
38,307,249
38,308,15
38,309,916
38,310,555
38,311,12
38,312,721
38,313,534
38,314,131
38,315,848
38,316,304
38,317,524
38,318,329
38,319,306
38,320,281
38,321,602
38,322,566
38,323,583
38,324,808
38,325,839
38,326,18
38,327,388
38,328,584
38,329,560
38,330,419
38,331,540
38,332,904
38,333,285
38,334,233
38,335,417
38,336,481
38,337,916
38,338,356
38,339,258
38,340,886
38,341,41
38,342,46
38,343,434
38,344,385
38,345,12
38,346,885
38,347,613
38,348,27
38,349,33
38,350,425
38,351,476
38,352,38
38,353,49
38,354,844
38,355,911
38,356,870
38,357,169
38,358,46
38,359,215
38,360,865
38,361,841
38,362,30
38,363,47
38,364,111
38,365,899
38,366,735
38,367,347
38,368,670
38,369,35
38,370,420
38,371,104
38,372,769
38,373,483
38,374,910
38,375,972
38,376,491
38,377,701
38,378,463
38,379,13
38,380,11
38,381,713
38,382,305
38,383,532
38,384,959
38,385,48
38,386,549
38,387,964
38,388,191
38,389,46
38,390,387
38,391,809
38,392,32
38,393,509
38,394,20
38,395,988
38,396,764
38,397,283
38,398,286
38,399,376
38,400,30
38,401,27
38,402,235
38,403,885
38,404,518
38,405,104
38,406,61
38,407,327
38,408,688
38,409,602
38,410,36
38,411,474
38,412,256
38,413,32
38,414,900
38,415,911
38,416,13
38,417,886
38,418,858
38,419,902
38,420,35
38,421,201
38,422,665
38,423,979
38,424,849
38,425,582
38,426,98
38,427,644
38,428,210
38,429,484
38,430,665
38,431,148
38,432,931
38,433,201
38,434,465
38,435,968
38,436,489
38,437,905
38,438,364
38,439,607
38,440,15
38,441,55
38,442,38
38,443,50
38,444,102
38,445,388
38,446,766
38,447,501
38,448,10
38,449,11
38,450,21
38,451,750
38,452,747
38,453,221
38,454,16
38,455,166
38,456,353
38,457,568
38,458,622
38,459,650
38,460,429
38,461,999
38,462,786
38,463,595
38,464,267
38,465,525
38,466,24
38,467,817
38,468,497
38,469,977
38,470,676
38,471,371
38,472,15
38,473,208
38,474,932
38,475,592
38,476,913
38,477,558
38,478,708
38,479,271
38,480,875
38,481,902
38,482,18
38,483,36
38,484,181
38,485,681
38,486,22
38,487,873
38,488,311
38,489,405
38,490,819
38,491,724
38,492,781
38,493,155
38,494,924
38,495,21
38,496,234
38,497,32
38,498,202
38,499,617
38,500,937
39,1,929
39,2,426
39,3,42
39,4,459
39,5,879
39,6,537
39,7,753
39,8,889
39,9,804
39,10,35
39,11,765
39,12,696
39,13,841
39,14,288
39,15,219
39,16,810
39,17,740
39,18,438
39,19,471
39,20,127
39,21,495
39,22,761
39,23,1000
39,24,514
39,25,780
39,26,902
39,27,554
39,28,202
39,29,509
39,30,803
39,31,165
39,32,178
39,33,998
39,34,12
39,35,616
39,36,533
39,37,258
39,38,34
39,39,680
39,40,10
39,41,976
39,42,926
39,43,14
39,44,797
39,45,46
39,46,388
39,47,120
39,48,166
39,49,840
39,50,797
39,51,972
39,52,960
39,53,49
39,54,819
39,55,572
39,56,50
39,57,892
39,58,97
39,59,468
39,60,459
39,61,792
39,62,46
39,63,870
39,64,710
39,65,195
39,66,37
39,67,669
39,68,937
39,69,959
39,70,34
39,71,28
39,72,42
39,73,40
39,74,945
39,75,572
39,76,409
39,77,337
39,78,668
39,79,802
39,80,768
39,81,47
39,82,490
39,83,629
39,84,683
39,85,39
39,86,432
39,87,981
39,88,976
39,89,521
39,90,38
39,91,508
39,92,330
39,93,17
39,94,332
39,95,256
39,96,892
39,97,508
39,98,522
39,99,573
39,100,323
39,101,735
39,102,33
39,103,718
39,104,786
39,105,874
39,106,282
39,107,514
39,108,510
39,109,901
39,110,991
39,111,183
39,112,391
39,113,602
39,114,579
39,115,35
39,116,240
39,117,352
39,118,526
39,119,698
39,120,839
39,121,862
39,122,17
39,123,600
39,124,37
39,125,886
39,126,22
39,127,54
39,128,621
39,129,41
39,130,28
39,131,996
39,132,32
39,133,295
39,134,666
39,135,782
39,136,899
39,137,267
39,138,723
39,139,716
39,140,614
39,141,371
39,142,810
39,143,947
39,144,808
39,145,682
39,146,13
39,147,669
39,148,898
39,149,34
39,150,170
39,151,260
39,152,50
39,153,58
39,154,424
39,155,48
39,156,893
39,157,694
39,158,43
39,159,173
39,160,376
39,161,510
39,162,161
39,163,521
39,164,240
39,165,740
39,166,13
39,167,31
39,168,973
39,169,392
39,170,42
39,171,627
39,172,514
39,173,930
39,174,357
39,175,133
39,176,764
39,177,255
39,178,681
39,179,17
39,180,283
39,181,35
39,182,296
39,183,938
39,184,11
39,185,129
39,186,43
39,187,41
39,188,927
39,189,34
39,190,886
39,191,943
39,192,20
39,193,960
39,194,745
39,195,669
39,196,830
39,197,720
39,198,27
39,199,592
39,200,843
39,201,649
39,202,441
39,203,328
39,204,800
39,205,745
39,206,885
39,207,576
39,208,323
39,209,853
39,210,989
39,211,976
39,212,52
39,213,406
39,214,717
39,215,93
39,216,913
39,217,935
39,218,837
39,219,727
39,220,843
39,221,784
39,222,542
39,223,864
39,224,77
39,225,199
39,226,883
39,227,18
39,228,129
39,229,34
39,230,769
39,231,223
39,232,857
39,233,448
39,234,418
39,235,593
39,236,279
39,237,692
39,238,989
39,239,820
39,240,477
39,241,575
39,242,16
39,243,37
39,244,392
39,245,745
39,246,127
39,247,28
39,248,248
39,249,337
39,250,11
39,251,524
39,252,971
39,253,823
39,254,690
39,255,565
39,256,862
39,257,949
39,258,13
39,259,250
39,260,573
39,261,26
39,262,796
39,263,17
39,264,627
39,265,38
39,266,883
39,267,92
39,268,586
39,269,858
39,270,697
39,271,548
39,272,821
39,273,679
39,274,638
39,275,635
39,276,251
39,277,82
39,278,461
39,279,700
39,280,958
39,281,25
39,282,579
39,283,954
39,284,146
39,285,19
39,286,318
39,287,532
39,288,65
39,289,168
39,290,811
39,291,542
39,292,825
39,293,839
39,294,714
39,295,354
39,296,427
39,297,152
39,298,281
39,299,353
39,300,900
39,301,14
39,302,48
39,303,987
39,304,403
39,305,518
39,306,339
39,307,661
39,308,536
39,309,501
39,310,287
39,311,733
39,312,637
39,313,886
39,314,188
39,315,406
39,316,12
39,317,530
39,318,39
39,319,716
39,320,571
39,321,807
39,322,957
39,323,956
39,324,662
39,325,900
39,326,31
39,327,330
39,328,27
39,329,495
39,330,750
39,331,13
39,332,863
39,333,504
39,334,908
39,335,533
39,336,371
39,337,763
39,338,851
39,339,805
39,340,784
39,341,683
39,342,859
39,343,43
39,344,530
39,345,50
39,346,543
39,347,631
39,348,528
39,349,649
39,350,903
39,351,529
39,352,685
39,353,157
39,354,902
39,355,724
39,356,539
39,357,287
39,358,177
39,359,583
39,360,859
39,361,933
39,362,704
39,363,660
39,364,32
39,365,191
39,366,184
39,367,556
39,368,80
39,369,452
39,370,613
39,371,15
39,372,1000
39,373,14
39,374,615
39,375,943
39,376,40
39,377,297
39,378,618
39,379,897
39,380,882
39,381,637
39,382,108
39,383,541
39,384,14
39,385,37
39,386,616
39,387,597
39,388,541
39,389,81
39,390,43
39,391,501
39,392,99
39,393,664
39,394,883
39,395,585
39,396,39
39,397,534
39,398,492
39,399,562
39,400,402
39,401,41
39,402,471
39,403,341
39,404,39
39,405,42
39,406,35
39,407,36
39,408,32
39,409,689
39,410,26
39,411,351
39,412,281
39,413,778
39,414,961
39,415,108
39,416,624
39,417,119
39,418,130
39,419,781
39,420,366
39,421,14
39,422,650
39,423,545
39,424,228
39,425,234
39,426,565
39,427,574
39,428,183
39,429,720
39,430,48
39,431,625
39,432,515
39,433,596
39,434,947
39,435,16
39,436,797
39,437,26
39,438,128
39,439,736
39,440,478
39,441,587
39,442,437
39,443,32
39,444,907
39,445,852
39,446,409
39,447,968
39,448,565
39,449,724
39,450,14
39,451,599
39,452,586
39,453,23
39,454,20
39,455,588
39,456,26
39,457,751
39,458,26
39,459,690
39,460,569
39,461,402
39,462,869
39,463,526
39,464,296
39,465,513
39,466,157
39,467,35
39,468,308
39,469,647
39,470,724
39,471,43
39,472,255
39,473,59
39,474,151
39,475,43
39,476,828
39,477,851
39,478,22
39,479,50
39,480,45
39,481,222
39,482,61
39,483,990
39,484,659
39,485,880
39,486,34
39,487,797
39,488,43
39,489,902
39,490,46
39,491,829
39,492,739
39,493,832
39,494,30
39,495,524
39,496,833
39,497,581
39,498,672
39,499,269
39,500,11
40,1,596
40,2,326
40,3,659
40,4,833
40,5,752
40,6,551
40,7,714
40,8,461
40,9,559
40,10,612
40,11,16
40,12,781
40,13,682
40,14,478
40,15,23
40,16,546
40,17,874
40,18,817
40,19,977
40,20,179
40,21,962
40,22,926
40,23,978
40,24,569
40,25,243
40,26,46
40,27,727
40,28,900
40,29,538
40,30,266
40,31,665
40,32,152
40,33,898
40,34,31
40,35,783
40,36,980
40,37,970
40,38,773
40,39,231
40,40,757
40,41,262
40,42,47
40,43,883
40,44,23
40,45,48
40,46,664
40,47,440
40,48,587
40,49,55
40,50,697
40,51,235
40,52,23
40,53,185
40,54,559
40,55,859
40,56,326
40,57,797
40,58,33
40,59,937
40,60,136
40,61,58
40,62,49
40,63,596
40,64,19
40,65,792
40,66,38
40,67,799
40,68,17
40,69,743
40,70,112
40,71,40
40,72,27
40,73,707
40,74,20
40,75,560
40,76,731
40,77,220
40,78,812
40,79,591
40,80,491
40,81,125
40,82,42
40,83,602
40,84,671
40,85,39
40,86,829
40,87,56
40,88,928
40,89,722
40,90,378
40,91,403
40,92,148
40,93,954
40,94,650
40,95,30
40,96,602
40,97,705
40,98,618
40,99,48
40,100,48
40,101,798
40,102,585
40,103,307
40,104,356
40,105,15
40,106,751
40,107,688
40,108,191
40,109,197
40,110,145
40,111,336
40,112,704
40,113,32
40,114,42
40,115,838
40,116,249
40,117,477
40,118,345
40,119,875
40,120,14
40,121,605
40,122,570
40,123,505
40,124,484
40,125,992
40,126,301
40,127,73
40,128,550
40,129,208
40,130,11
40,131,257
40,132,909
40,133,695
40,134,948
40,135,855
40,136,970
40,137,409
40,138,858
40,139,86
40,140,920
40,141,901
40,142,781
40,143,35
40,144,460
40,145,219
40,146,260
40,147,23
40,148,46
40,149,37
40,150,21
40,151,983
40,152,526
40,153,404
40,154,413
40,155,722
40,156,352
40,157,52
40,158,200
40,159,741
40,160,869
40,161,880
40,162,28
40,163,892
40,164,963
40,165,43
40,166,974
40,167,477
40,168,892
40,169,279
40,170,877
40,171,334
40,172,564
40,173,742
40,174,582
40,175,392
40,176,693
40,177,906
40,178,47
40,179,575
40,180,630
40,181,934
40,182,569
40,183,638
40,184,750
40,185,174
40,186,42
40,187,33
40,188,157
40,189,508
40,190,404
40,191,709
40,192,723
40,193,517
40,194,37
40,195,731
40,196,475
40,197,682
40,198,950
40,199,894
40,200,190
40,201,95
40,202,150
40,203,160
40,204,17
40,205,820
40,206,927
40,207,576
40,208,808
40,209,328
40,210,749
40,211,21
40,212,689
40,213,105
40,214,437
40,215,756
40,216,954
40,217,360
40,218,263
40,219,632
40,220,17
40,221,611
40,222,800
40,223,809
40,224,19
40,225,611
40,226,43
40,227,934
40,228,312
40,229,619
40,230,460
40,231,82
40,232,30
40,233,817
40,234,769
40,235,866
40,236,541
40,237,760
40,238,43
40,239,530
40,240,15
40,241,885
40,242,557
40,243,10
40,244,35
40,245,821
40,246,629
40,247,46
40,248,272
40,249,27
40,250,980
40,251,460
40,252,852
40,253,88
40,254,644
40,255,300
40,256,925
40,257,46
40,258,28
40,259,965
40,260,469
40,261,229
40,262,890
40,263,737
40,264,755
40,265,767
40,266,539
40,267,540
40,268,102
40,269,906
40,270,419
40,271,547
40,272,936
40,273,870
40,274,696
40,275,26
40,276,49
40,277,894
40,278,731
40,279,970
40,280,662
40,281,589
40,282,939
40,283,34
40,284,912
40,285,206
40,286,15
40,287,847
40,288,998
40,289,72
40,290,224
40,291,264
40,292,897
40,293,602
40,294,33
40,295,18
40,296,202
40,297,12
40,298,347
40,299,81
40,300,827
40,301,229
40,302,902
40,303,940
40,304,209
40,305,45
40,306,704
40,307,518
40,308,830
40,309,252
40,310,770
40,311,804
40,312,688
40,313,565
40,314,921
40,315,32
40,316,759
40,317,537
40,318,946
40,319,47
40,320,844
40,321,47
40,322,205
40,323,610
40,324,795
40,325,209
40,326,578
40,327,222
40,328,24
40,329,622
40,330,917
40,331,750
40,332,33
40,333,47
40,334,166
40,335,685
40,336,915
40,337,722
40,338,276
40,339,530
40,340,545
40,341,300
40,342,588
40,343,841
40,344,681
40,345,930
40,346,20
40,347,218
40,348,582
40,349,866
40,350,934
40,351,511
40,352,667
40,353,47
40,354,723
40,355,60
40,356,596
40,357,131
40,358,376
40,359,135
40,360,141
40,361,759
40,362,665
40,363,348
40,364,583
40,365,18
40,366,812
40,367,182
40,368,205
40,369,28
40,370,92
40,371,308
40,372,616
40,373,981
40,374,264
40,375,43
40,376,901
40,377,598
40,378,775
40,379,635
40,380,826
40,381,735
40,382,699
40,383,724
40,384,65
40,385,10
40,386,761
40,387,40
40,388,495
40,389,163
40,390,670
40,391,384
40,392,447
40,393,496
40,394,567
40,395,40
40,396,507
40,397,180
40,398,884
40,399,600
40,400,536
40,401,92
40,402,950
40,403,1000
40,404,311
40,405,10
40,406,47
40,407,362
40,408,768
40,409,819
40,410,831
40,411,872
40,412,916
40,413,803
40,414,555
40,415,34
40,416,855
40,417,230
40,418,813
40,419,29
40,420,632
40,421,758
40,422,997
40,423,713
40,424,604
40,425,160
40,426,155
40,427,435
40,428,749
40,429,931
40,430,577
40,431,100
40,432,232
40,433,711
40,434,478
40,435,19
40,436,19
40,437,531
40,438,209
40,439,110
40,440,354
40,441,53
40,442,568
40,443,273
40,444,777
40,445,938
40,446,128
40,447,581
40,448,674
40,449,11
40,450,336
40,451,983
40,452,963
40,453,31
40,454,784
40,455,630
40,456,934
40,457,951
40,458,630
40,459,943
40,460,14
40,461,31
40,462,731
40,463,902
40,464,27
40,465,953
40,466,223
40,467,147
40,468,11
40,469,277
40,470,195
40,471,385
40,472,745
40,473,381
40,474,941
40,475,360
40,476,46
40,477,573
40,478,15
40,479,440
40,480,65
40,481,98
40,482,813
40,483,617
40,484,16
40,485,672
40,486,210
40,487,583
40,488,519
40,489,490
40,490,849
40,491,15
40,492,677
40,493,862
40,494,46
40,495,36
40,496,592
40,497,728
40,498,580
40,499,741
40,500,623
41,1,40
41,2,87
41,3,538
41,4,713
41,5,31
41,6,562
41,7,988
41,8,462
41,9,10
41,10,913
41,11,651
41,12,974
41,13,879
41,14,515
41,15,10
41,16,17
41,17,610
41,18,716
41,19,973
41,20,633
41,21,953
41,22,544
41,23,36
41,24,35
41,25,775
41,26,66
41,27,392
41,28,681
41,29,797
41,30,42
41,31,774
41,32,520
41,33,596
41,34,641
41,35,612
41,36,619
41,37,569
41,38,10
41,39,435
41,40,231
41,41,827
41,42,251
41,43,10
41,44,75
41,45,985
41,46,31
41,47,474
41,48,702
41,49,12
41,50,973
41,51,19
41,52,333
41,53,45
41,54,345
41,55,601
41,56,383
41,57,543
41,58,786
41,59,17
41,60,263
41,61,17
41,62,16
41,63,160
41,64,16
41,65,812
41,66,296
41,67,523
41,68,843
41,69,506
41,70,569
41,71,901
41,72,179
41,73,44
41,74,55
41,75,876
41,76,262
41,77,920
41,78,564
41,79,720
41,80,25
41,81,38
41,82,27
41,83,616
41,84,624
41,85,653
41,86,605
41,87,210
41,88,784
41,89,896
41,90,691
41,91,799
41,92,254
41,93,874
41,94,889
41,95,406
41,96,736
41,97,816
41,98,220
41,99,758
41,100,556
41,101,474
41,102,623
41,103,21
41,104,956
41,105,332
41,106,970
41,107,171
41,108,188
41,109,778
41,110,619
41,111,25
41,112,975
41,113,26
41,114,93
41,115,636
41,116,50
41,117,959
41,118,186
41,119,327
41,120,825
41,121,43
41,122,431
41,123,989
41,124,72
41,125,706
41,126,10
41,127,535
41,128,203
41,129,686
41,130,731
41,131,12
41,132,498
41,133,45
41,134,878
41,135,188
41,136,187
41,137,41
41,138,649
41,139,438
41,140,40
41,141,930
41,142,15
41,143,690
41,144,742
41,145,138
41,146,751
41,147,199
41,148,592
41,149,45
41,150,900
41,151,666
41,152,517
41,153,966
41,154,911
41,155,855
41,156,963
41,157,969
41,158,394
41,159,47
41,160,418
41,161,41
41,162,925
41,163,27
41,164,475
41,165,868
41,166,15
41,167,837
41,168,957
41,169,897
41,170,563
41,171,18
41,172,791
41,173,44
41,174,670
41,175,527
41,176,47
41,177,756
41,178,279
41,179,258
41,180,474
41,181,419
41,182,312
41,183,739
41,184,30
41,185,224
41,186,480
41,187,101
41,188,416
41,189,512
41,190,792
41,191,333
41,192,670
41,193,30
41,194,21
41,195,38
41,196,16
41,197,656
41,198,82
41,199,140
41,200,474
41,201,615
41,202,27
41,203,822
41,204,970
41,205,804
41,206,952
41,207,965
41,208,11
41,209,104
41,210,590
41,211,660
41,212,543
41,213,291
41,214,834
41,215,22
41,216,538
41,217,796
41,218,515
41,219,936
41,220,739
41,221,899
41,222,348
41,223,71
41,224,796
41,225,512
41,226,539
41,227,45
41,228,431
41,229,261
41,230,16
41,231,973
41,232,185
41,233,547
41,234,105
41,235,218
41,236,888
41,237,151
41,238,239
41,239,50
41,240,535
41,241,95
41,242,561
41,243,191
41,244,380
41,245,370
41,246,568
41,247,785
41,248,47
41,249,504
41,250,377
41,251,773
41,252,277
41,253,153
41,254,76
41,255,451
41,256,590
41,257,952
41,258,453
41,259,777
41,260,902
41,261,776
41,262,167
41,263,371
41,264,500
41,265,616
41,266,798
41,267,989
41,268,227
41,269,346
41,270,137
41,271,582
41,272,27
41,273,947
41,274,831
41,275,909
41,276,755
41,277,218
41,278,10
41,279,952
41,280,531
41,281,33
41,282,906
41,283,572
41,284,768
41,285,36
41,286,20
41,287,477
41,288,289
41,289,49
41,290,507
41,291,20
41,292,762
41,293,674
41,294,881
41,295,589
41,296,857
41,297,641
41,298,872
41,299,23
41,300,171
41,301,188
41,302,32
41,303,14
41,304,679
41,305,636
41,306,935
41,307,589
41,308,86
41,309,193
41,310,959
41,311,22
41,312,26
41,313,29
41,314,912
41,315,48
41,316,995
41,317,405
41,318,811
41,319,104
41,320,979
41,321,619
41,322,25
41,323,40
41,324,46
41,325,777
41,326,402
41,327,265
41,328,924
41,329,179
41,330,14
41,331,413
41,332,544
41,333,934
41,334,373
41,335,563
41,336,642
41,337,19
41,338,209
41,339,447
41,340,36
41,341,520
41,342,233
41,343,166
41,344,22
41,345,572
41,346,40
41,347,453
41,348,682
41,349,23
41,350,837
41,351,367
41,352,950
41,353,694
41,354,806
41,355,31
41,356,640
41,357,935
41,358,925
41,359,912
41,360,995
41,361,228
41,362,764
41,363,50
41,364,340
41,365,43
41,366,62
41,367,44
41,368,961
41,369,17
41,370,501
41,371,870
41,372,575
41,373,53
41,374,555
41,375,244
41,376,258
41,377,670
41,378,991
41,379,181
41,380,40
41,381,35
41,382,921
41,383,520
41,384,813
41,385,11
41,386,217
41,387,332
41,388,574
41,389,296
41,390,815
41,391,355
41,392,44
41,393,26
41,394,482
41,395,968
41,396,308
41,397,406
41,398,496
41,399,179
41,400,909
41,401,870
41,402,191
41,403,26
41,404,488
41,405,624
41,406,811
41,407,303
41,408,58
41,409,868
41,410,253
41,411,842
41,412,239
41,413,774
41,414,905
41,415,731
41,416,61
41,417,136
41,418,665
41,419,175
41,420,20
41,421,966
41,422,29
41,423,40
41,424,697
41,425,17
41,426,743
41,427,947
41,428,810
41,429,889
41,430,472
41,431,722
41,432,175
41,433,231
41,434,609
41,435,47
41,436,599
41,437,850
41,438,272
41,439,41
41,440,603
41,441,800
41,442,686
41,443,554
41,444,32
41,445,104
41,446,35
41,447,957
41,448,621
41,449,853
41,450,874
41,451,817
41,452,580
41,453,112
41,454,694
41,455,980
41,456,939
41,457,153
41,458,156
41,459,20
41,460,737
41,461,510
41,462,451
41,463,849
41,464,252
41,465,29
41,466,905
41,467,820
41,468,324
41,469,21
41,470,37
41,471,133
41,472,587
41,473,848
41,474,829
41,475,518
41,476,26
41,477,685
41,478,701
41,479,346
41,480,85
41,481,893
41,482,26
41,483,872
41,484,713
41,485,707
41,486,994
41,487,166
41,488,922
41,489,611
41,490,130
41,491,534
41,492,71
41,493,520
41,494,994
41,495,42
41,496,973
41,497,24
41,498,617
41,499,831
41,500,12
42,1,130
42,2,363
42,3,803
42,4,780
42,5,650
42,6,110
42,7,44
42,8,361
42,9,35
42,10,31
42,11,92
42,12,282
42,13,674
42,14,970
42,15,37
42,16,19
42,17,520
42,18,889
42,19,518
42,20,791
42,21,957
42,22,199
42,23,11
42,24,42
42,25,225
42,26,36
42,27,402
42,28,24
42,29,41
42,30,566
42,31,10
42,32,37
42,33,996
42,34,252
42,35,268
42,36,13
42,37,928
42,38,561
42,39,93
42,40,56
42,41,798
42,42,520
42,43,267
42,44,975
42,45,211
42,46,507
42,47,696
42,48,468
42,49,634
42,50,72
42,51,359
42,52,610
42,53,458
42,54,181
42,55,199
42,56,492
42,57,631
42,58,110
42,59,851
42,60,801
42,61,12
42,62,811
42,63,596
42,64,31
42,65,993
42,66,137
42,67,15
42,68,943
42,69,673
42,70,948
42,71,10
42,72,17
42,73,697
42,74,33
42,75,185
42,76,190
42,77,626
42,78,853
42,79,979
42,80,940
42,81,671
42,82,20
42,83,732
42,84,453
42,85,45
42,86,820
42,87,620
42,88,606
42,89,652
42,90,43
42,91,498
42,92,66
42,93,22
42,94,717
42,95,945
42,96,784
42,97,510
42,98,523
42,99,336
42,100,205
42,101,895
42,102,65
42,103,250
42,104,602
42,105,50
42,106,366
42,107,122
42,108,490
42,109,639
42,110,867
42,111,364
42,112,19
42,113,489
42,114,835
42,115,831
42,116,261
42,117,574
42,118,766
42,119,446
42,120,859
42,121,26
42,122,24
42,123,518
42,124,504
42,125,69
42,126,928
42,127,27
42,128,983
42,129,229
42,130,595
42,131,254
42,132,659
42,133,510
42,134,447
42,135,34
42,136,39
42,137,592
42,138,516
42,139,772
42,140,955
42,141,319
42,142,932
42,143,771
42,144,757
42,145,638
42,146,914
42,147,650
42,148,711
42,149,553
42,150,693
42,151,551
42,152,333
42,153,846
42,154,584
42,155,601
42,156,252
42,157,635
42,158,34
42,159,49
42,160,337
42,161,62
42,162,842
42,163,25
42,164,626
42,165,314
42,166,240
42,167,127
42,168,606
42,169,46
42,170,907
42,171,100
42,172,264
42,173,987
42,174,861
42,175,717
42,176,240
42,177,871
42,178,43
42,179,314
42,180,20
42,181,333
42,182,608
42,183,42
42,184,980
42,185,314
42,186,858
42,187,820
42,188,674
42,189,662
42,190,48
42,191,59
42,192,36
42,193,625
42,194,19
42,195,913
42,196,966
42,197,589
42,198,737
42,199,444
42,200,31
42,201,543
42,202,511
42,203,960
42,204,505
42,205,804
42,206,1000
42,207,13
42,208,706
42,209,46
42,210,16
42,211,34
42,212,470
42,213,48
42,214,41
42,215,378
42,216,359
42,217,710
42,218,44
42,219,876
42,220,866
42,221,257
42,222,30
42,223,519
42,224,228
42,225,783
42,226,157
42,227,626
42,228,961
42,229,591
42,230,697
42,231,507
42,232,614
42,233,22
42,234,11
42,235,293
42,236,776
42,237,858
42,238,756
42,239,693
42,240,689
42,241,38
42,242,600
42,243,475
42,244,32
42,245,30
42,246,224
42,247,823
42,248,644
42,249,969
42,250,19
42,251,26
42,252,522
42,253,11
42,254,591
42,255,746
42,256,389
42,257,251
42,258,839
42,259,97
42,260,818
42,261,992
42,262,43
42,263,593
42,264,884
42,265,673
42,266,896
42,267,439
42,268,324
42,269,48
42,270,546
42,271,490
42,272,650
42,273,48
42,274,14
42,275,536
42,276,407
42,277,802
42,278,37
42,279,573
42,280,580
42,281,200
42,282,37
42,283,758
42,284,501
42,285,745
42,286,24
42,287,624
42,288,18
42,289,48
42,290,671
42,291,218
42,292,197
42,293,382
42,294,606
42,295,195
42,296,16
42,297,814
42,298,834
42,299,800
42,300,25
42,301,636
42,302,235
42,303,363
42,304,618
42,305,693
42,306,12
42,307,434
42,308,974
42,309,648
42,310,617
42,311,256
42,312,564
42,313,20
42,314,833
42,315,466
42,316,39
42,317,160
42,318,858
42,319,895
42,320,573
42,321,740
42,322,933
42,323,38
42,324,313
42,325,851
42,326,29
42,327,462
42,328,953
42,329,764
42,330,60
42,331,683
42,332,505
42,333,525
42,334,16
42,335,341
42,336,224
42,337,48
42,338,686
42,339,601
42,340,514
42,341,30
42,342,501
42,343,33
42,344,170
42,345,887
42,346,384
42,347,700
42,348,824
42,349,95
42,350,177
42,351,909
42,352,189
42,353,10
42,354,813
42,355,27
42,356,999
42,357,489
42,358,351
42,359,382
42,360,124
42,361,164
42,362,883
42,363,644
42,364,910
42,365,118
42,366,488
42,367,878
42,368,534
42,369,917
42,370,397
42,371,581
42,372,946
42,373,823
42,374,487
42,375,1000
42,376,443
42,377,258
42,378,528
42,379,397
42,380,576
42,381,234
42,382,387
42,383,945
42,384,960
42,385,47
42,386,574
42,387,982
42,388,306
42,389,19
42,390,195
42,391,988
42,392,10
42,393,20
42,394,36
42,395,924
42,396,28
42,397,28
42,398,927
42,399,977
42,400,113
42,401,647
42,402,851
42,403,13
42,404,635
42,405,503
42,406,341
42,407,518
42,408,84
42,409,507
42,410,517
42,411,958
42,412,852
42,413,377
42,414,252
42,415,990
42,416,129
42,417,397
42,418,16
42,419,822
42,420,614
42,421,48
42,422,474
42,423,167
42,424,228
42,425,590
42,426,39
42,427,590
42,428,151
42,429,863
42,430,825
42,431,697
42,432,302
42,433,477
42,434,710
42,435,335
42,436,503
42,437,934
42,438,584
42,439,48
42,440,549
42,441,850
42,442,920
42,443,904
42,444,424
42,445,94
42,446,49
42,447,285
42,448,835
42,449,543
42,450,857
42,451,614
42,452,47
42,453,805
42,454,547
42,455,797
42,456,659
42,457,477
42,458,710
42,459,650
42,460,42
42,461,23
42,462,174
42,463,426
42,464,869
42,465,774
42,466,249
42,467,21
42,468,112
42,469,106
42,470,805
42,471,418
42,472,928
42,473,420
42,474,539
42,475,546
42,476,726
42,477,519
42,478,355
42,479,595
42,480,41
42,481,675
42,482,541
42,483,166
42,484,736
42,485,617
42,486,614
42,487,39
42,488,18
42,489,441
42,490,47
42,491,660
42,492,817
42,493,571
42,494,832
42,495,32
42,496,571
42,497,50
42,498,279
42,499,928
42,500,14
43,1,27
43,2,931
43,3,233
43,4,172
43,5,355
43,6,103
43,7,47
43,8,898
43,9,825
43,10,447
43,11,974
43,12,600
43,13,34
43,14,28
43,15,16
43,16,619
43,17,642
43,18,821
43,19,598
43,20,233
43,21,207
43,22,28
43,23,926
43,24,413
43,25,424
43,26,705
43,27,31
43,28,13
43,29,868
43,30,594
43,31,98
43,32,512
43,33,662
43,34,648
43,35,782
43,36,932
43,37,66
43,38,924
43,39,662
43,40,624
43,41,980
43,42,972
43,43,634
43,44,30
43,45,472
43,46,562
43,47,851
43,48,23
43,49,200
43,50,113
43,51,705
43,52,44
43,53,674
43,54,963
43,55,546
43,56,364
43,57,171
43,58,740
43,59,520
43,60,713
43,61,774
43,62,1000
43,63,11
43,64,571
43,65,50
43,66,669
43,67,918
43,68,153
43,69,124
43,70,464
43,71,324
43,72,813
43,73,274
43,74,504
43,75,613
43,76,869
43,77,633
43,78,489
43,79,510
43,80,49
43,81,908
43,82,127
43,83,643
43,84,839
43,85,294
43,86,566
43,87,27
43,88,13
43,89,742
43,90,25
43,91,977
43,92,834
43,93,755
43,94,862
43,95,976
43,96,601
43,97,287
43,98,925
43,99,583
43,100,528
43,101,996
43,102,506
43,103,49
43,104,838
43,105,809
43,106,617
43,107,453
43,108,444
43,109,917
43,110,151
43,111,484
43,112,33
43,113,22
43,114,455
43,115,668
43,116,18
43,117,742
43,118,631
43,119,835
43,120,326
43,121,64
43,122,197
43,123,485
43,124,631
43,125,295
43,126,223
43,127,22
43,128,505
43,129,646
43,130,564
43,131,868
43,132,172
43,133,609
43,134,32
43,135,451
43,136,745
43,137,43
43,138,433
43,139,711
43,140,46
43,141,586
43,142,20
43,143,18
43,144,937
43,145,825
43,146,392
43,147,486
43,148,834
43,149,820
43,150,15
43,151,36
43,152,910
43,153,13
43,154,630
43,155,39
43,156,672
43,157,255
43,158,868
43,159,782
43,160,36
43,161,627
43,162,28
43,163,15
43,164,36
43,165,516
43,166,948
43,167,342
43,168,47
43,169,165
43,170,638
43,171,910
43,172,229
43,173,553
43,174,486
43,175,506
43,176,405
43,177,667
43,178,262
43,179,669
43,180,803
43,181,579
43,182,195
43,183,801
43,184,970
43,185,22
43,186,42
43,187,534
43,188,148
43,189,605
43,190,880
43,191,156
43,192,12
43,193,31
43,194,463
43,195,302
43,196,15
43,197,960
43,198,88
43,199,626
43,200,940
43,201,593
43,202,49
43,203,184
43,204,545
43,205,864
43,206,123
43,207,783
43,208,718
43,209,215
43,210,28
43,211,10
43,212,805
43,213,687
43,214,580
43,215,428
43,216,573
43,217,508
43,218,27
43,219,489
43,220,918
43,221,916
43,222,611
43,223,194
43,224,844
43,225,602
43,226,876
43,227,707
43,228,27
43,229,223
43,230,477
43,231,401
43,232,319
43,233,818
43,234,201
43,235,590
43,236,723
43,237,699
43,238,34
43,239,834
43,240,889
43,241,844
43,242,25
43,243,847
43,244,170
43,245,65
43,246,946
43,247,795
43,248,234
43,249,202
43,250,237
43,251,11
43,252,353
43,253,175
43,254,436
43,255,772
43,256,578
43,257,48
43,258,50
43,259,764
43,260,985
43,261,311
43,262,172
43,263,23
43,264,30
43,265,625
43,266,12
43,267,354
43,268,21
43,269,420
43,270,945
43,271,279
43,272,572
43,273,527
43,274,45
43,275,780
43,276,26
43,277,542
43,278,84
43,279,869
43,280,25
43,281,21
43,282,46
43,283,187
43,284,987
43,285,169
43,286,617
43,287,389
43,288,493
43,289,561
43,290,40
43,291,194
43,292,35
43,293,118
43,294,975
43,295,23
43,296,536
43,297,933
43,298,29
43,299,655
43,300,830
43,301,909
43,302,39
43,303,782
43,304,37
43,305,697
43,306,626
43,307,253
43,308,839
43,309,232
43,310,638
43,311,31
43,312,796
43,313,886
43,314,118
43,315,15
43,316,974
43,317,16
43,318,745
43,319,811
43,320,131
43,321,997
43,322,665
43,323,54
43,324,228
43,325,623
43,326,485
43,327,629
43,328,619
43,329,794
43,330,864
43,331,693
43,332,890
43,333,666
43,334,264
43,335,12
43,336,16
43,337,539
43,338,12
43,339,681
43,340,586
43,341,42
43,342,643
43,343,442
43,344,583
43,345,179
43,346,706
43,347,770
43,348,925
43,349,14
43,350,474
43,351,358
43,352,959
43,353,34
43,354,949
43,355,956
43,356,968
43,357,963
43,358,914
43,359,331
43,360,655
43,361,405
43,362,780
43,363,504
43,364,265
43,365,66
43,366,16
43,367,34
43,368,645
43,369,38
43,370,334
43,371,492
43,372,323
43,373,615
43,374,724
43,375,46
43,376,52
43,377,933
43,378,806
43,379,301
43,380,923
43,381,42
43,382,11
43,383,408
43,384,32
43,385,863
43,386,127
43,387,485
43,388,689
43,389,793
43,390,35
43,391,947
43,392,16
43,393,27
43,394,652
43,395,871
43,396,35
43,397,687
43,398,946
43,399,91
43,400,207
43,401,492
43,402,954
43,403,360
43,404,228
43,405,28
43,406,10
43,407,918
43,408,729
43,409,16
43,410,291
43,411,712
43,412,389
43,413,769
43,414,397
43,415,165
43,416,12
43,417,41
43,418,737
43,419,501
43,420,15
43,421,641
43,422,210
43,423,42
43,424,50
43,425,778
43,426,972
43,427,100
43,428,195
43,429,979
43,430,18
43,431,16
43,432,609
43,433,125
43,434,378
43,435,12
43,436,244
43,437,278
43,438,374
43,439,621
43,440,18
43,441,159
43,442,236
43,443,531
43,444,917
43,445,566
43,446,763
43,447,952
43,448,352
43,449,107
43,450,830
43,451,76
43,452,10
43,453,152
43,454,18
43,455,462
43,456,313
43,457,43
43,458,785
43,459,345
43,460,505
43,461,832
43,462,846
43,463,617
43,464,456
43,465,214
43,466,405
43,467,46
43,468,310
43,469,768
43,470,202
43,471,50
43,472,909
43,473,837
43,474,572
43,475,10
43,476,390
43,477,576
43,478,417
43,479,242
43,480,516
43,481,718
43,482,25
43,483,202
43,484,24
43,485,924
43,486,22
43,487,47
43,488,498
43,489,555
43,490,798
43,491,50
43,492,595
43,493,824
43,494,32
43,495,718
43,496,400
43,497,737
43,498,618
43,499,58
43,500,573
44,1,479
44,2,36
44,3,641
44,4,40
44,5,50
44,6,35
44,7,899
44,8,694
44,9,263
44,10,514
44,11,862
44,12,526
44,13,50
44,14,447
44,15,545
44,16,909
44,17,13
44,18,748
44,19,503
44,20,297
44,21,982
44,22,790
44,23,192
44,24,663
44,25,375
44,26,626
44,27,795
44,28,156
44,29,413
44,30,768
44,31,10
44,32,582
44,33,496
44,34,474
44,35,722
44,36,832
44,37,302
44,38,814
44,39,326
44,40,513
44,41,23
44,42,549
44,43,760
44,44,818
44,45,46
44,46,906
44,47,18
44,48,828
44,49,925
44,50,894
44,51,628
44,52,372
44,53,20
44,54,833
44,55,19
44,56,79
44,57,344
44,58,46
44,59,814
44,60,956
44,61,839
44,62,139
44,63,163
44,64,949
44,65,41
44,66,145
44,67,684
44,68,95
44,69,356
44,70,559
44,71,474
44,72,737
44,73,164
44,74,981
44,75,720
44,76,855
44,77,815
44,78,443
44,79,228
44,80,188
44,81,839
44,82,13
44,83,20
44,84,977
44,85,543
44,86,271
44,87,708
44,88,784
44,89,427
44,90,98
44,91,414
44,92,355
44,93,977
44,94,48
44,95,59
44,96,992
44,97,35
44,98,176
44,99,29
44,100,515
44,101,372
44,102,68
44,103,958
44,104,22
44,105,381
44,106,817
44,107,18
44,108,567
44,109,970
44,110,778
44,111,575
44,112,937
44,113,964
44,114,31
44,115,123
44,116,464
44,117,539
44,118,33
44,119,42
44,120,754
44,121,23
44,122,10
44,123,959
44,124,595
44,125,275
44,126,830
44,127,261
44,128,10
44,129,15
44,130,839
44,131,157
44,132,875
44,133,592
44,134,513
44,135,915
44,136,37
44,137,13
44,138,391
44,139,42
44,140,470
44,141,318
44,142,243
44,143,769
44,144,473
44,145,540
44,146,184
44,147,637
44,148,450
44,149,680
44,150,892
44,151,542
44,152,710
44,153,188
44,154,775
44,155,636
44,156,13
44,157,70
44,158,318
44,159,547
44,160,346
44,161,856
44,162,10
44,163,642
44,164,196
44,165,36
44,166,28
44,167,15
44,168,11
44,169,730
44,170,961
44,171,909
44,172,33
44,173,421
44,174,1000
44,175,606
44,176,318
44,177,37
44,178,235
44,179,28
44,180,589
44,181,953
44,182,780
44,183,60
44,184,410
44,185,980
44,186,596
44,187,759
44,188,44
44,189,20
44,190,842
44,191,167
44,192,959
44,193,553
44,194,603
44,195,346
44,196,47
44,197,912
44,198,455
44,199,845
44,200,17
44,201,586
44,202,418
44,203,978
44,204,139
44,205,36
44,206,654
44,207,797
44,208,780
44,209,718
44,210,407
44,211,423
44,212,32
44,213,230
44,214,196
44,215,661
44,216,810
44,217,469
44,218,936
44,219,892
44,220,815
44,221,929
44,222,440
44,223,44
44,224,529
44,225,516
44,226,77
44,227,210
44,228,536
44,229,683
44,230,27
44,231,725
44,232,37
44,233,976
44,234,749
44,235,678
44,236,797
44,237,303
44,238,39
44,239,11
44,240,151
44,241,186
44,242,162
44,243,697
44,244,333
44,245,43
44,246,790
44,247,993
44,248,32
44,249,238
44,250,992
44,251,114
44,252,103
44,253,15
44,254,300
44,255,550
44,256,12
44,257,855
44,258,266
44,259,23
44,260,802
44,261,813
44,262,919
44,263,818
44,264,49
44,265,49
44,266,902
44,267,231
44,268,27
44,269,999
44,270,827
44,271,808
44,272,258
44,273,181
44,274,700
44,275,951
44,276,641
44,277,13
44,278,489
44,279,505
44,280,805
44,281,33
44,282,763
44,283,16
44,284,39
44,285,798
44,286,543
44,287,960
44,288,518
44,289,952
44,290,371
44,291,167
44,292,435
44,293,278
44,294,422
44,295,755
44,296,38
44,297,403
44,298,810
44,299,970
44,300,40
44,301,956
44,302,28
44,303,527
44,304,632
44,305,985
44,306,608
44,307,569
44,308,579
44,309,87
44,310,553
44,311,580
44,312,644
44,313,833
44,314,983
44,315,252
44,316,78
44,317,777
44,318,340
44,319,639
44,320,466
44,321,966
44,322,860
44,323,240
44,324,374
44,325,904
44,326,44
44,327,920
44,328,20
44,329,635
44,330,45
44,331,986
44,332,575
44,333,967
44,334,107
44,335,247
44,336,237
44,337,757
44,338,496
44,339,663
44,340,39
44,341,147
44,342,48
44,343,623
44,344,590
44,345,513
44,346,597
44,347,18
44,348,13
44,349,352
44,350,863
44,351,520
44,352,10
44,353,40
44,354,978
44,355,384
44,356,344
44,357,252
44,358,597
44,359,561
44,360,21
44,361,293
44,362,564
44,363,552
44,364,277
44,365,834
44,366,317
44,367,832
44,368,450
44,369,38
44,370,628
44,371,11
44,372,844
44,373,545
44,374,508
44,375,715
44,376,43
44,377,10
44,378,827
44,379,95
44,380,520
44,381,871
44,382,20
44,383,11
44,384,178
44,385,687
44,386,322
44,387,947
44,388,946
44,389,27
44,390,729
44,391,881
44,392,542
44,393,779
44,394,763
44,395,14
44,396,48
44,397,28
44,398,25
44,399,662
44,400,356
44,401,41
44,402,758
44,403,908
44,404,856
44,405,595
44,406,24
44,407,459
44,408,147
44,409,47
44,410,804
44,411,42
44,412,601
44,413,609
44,414,716
44,415,790
44,416,987
44,417,937
44,418,483
44,419,479
44,420,581
44,421,548
44,422,49
44,423,732
44,424,957
44,425,545
44,426,196
44,427,87
44,428,874
44,429,27
44,430,214
44,431,800
44,432,855
44,433,649
44,434,809
44,435,918
44,436,905
44,437,23
44,438,18
44,439,39
44,440,450
44,441,835
44,442,13
44,443,965
44,444,830
44,445,923
44,446,440
44,447,232
44,448,954
44,449,13
44,450,929
44,451,826
44,452,506
44,453,170
44,454,17
44,455,27
44,456,946
44,457,119
44,458,600
44,459,305
44,460,433
44,461,458
44,462,371
44,463,267
44,464,20
44,465,961
44,466,149
44,467,982
44,468,231
44,469,36
44,470,898
44,471,355
44,472,16
44,473,563
44,474,375
44,475,34
44,476,980
44,477,446
44,478,704
44,479,29
44,480,799
44,481,356
44,482,438
44,483,750
44,484,745
44,485,811
44,486,957
44,487,206
44,488,528
44,489,25
44,490,644
44,491,27
44,492,736
44,493,795
44,494,24
44,495,773
44,496,802
44,497,715
44,498,992
44,499,714
44,500,648
45,1,12
45,2,697
45,3,77
45,4,585
45,5,912
45,6,501
45,7,22
45,8,665
45,9,19
45,10,47
45,11,42
45,12,85
45,13,818
45,14,41
45,15,37
45,16,34
45,17,351
45,18,40
45,19,91
45,20,85
45,21,736
45,22,547
45,23,496
45,24,960
45,25,920
45,26,835
45,27,280
45,28,154
45,29,939
45,30,26
45,31,26
45,32,138
45,33,143
45,34,713
45,35,521
45,36,267
45,37,46
45,38,446
45,39,922
45,40,918
45,41,47
45,42,44
45,43,680
45,44,612
45,45,276
45,46,35
45,47,749
45,48,247
45,49,603
45,50,32
45,51,519
45,52,524
45,53,27
45,54,636
45,55,244
45,56,675
45,57,892
45,58,833
45,59,556
45,60,781
45,61,828
45,62,109
45,63,374
45,64,389
45,65,838
45,66,425
45,67,274
45,68,361
45,69,34
45,70,510
45,71,159
45,72,432
45,73,600
45,74,611
45,75,917
45,76,744
45,77,261
45,78,389
45,79,471
45,80,12
45,81,709
45,82,529
45,83,940
45,84,401
45,85,16
45,86,840
45,87,35
45,88,628
45,89,58
45,90,863
45,91,43
45,92,807
45,93,18
45,94,219
45,95,46
45,96,918
45,97,977
45,98,429
45,99,916
45,100,837
45,101,384
45,102,833
45,103,13
45,104,16
45,105,833
45,106,249
45,107,991
45,108,606
45,109,70
45,110,963
45,111,311
45,112,892
45,113,714
45,114,37
45,115,33
45,116,457
45,117,45
45,118,906
45,119,250
45,120,291
45,121,889
45,122,456
45,123,29
45,124,367
45,125,700
45,126,22
45,127,954
45,128,529
45,129,794
45,130,12
45,131,37
45,132,403
45,133,627
45,134,43
45,135,41
45,136,788
45,137,775
45,138,155
45,139,51
45,140,752
45,141,590
45,142,895
45,143,252
45,144,75
45,145,160
45,146,309
45,147,544
45,148,466
45,149,1000
45,150,25
45,151,41
45,152,679
45,153,874
45,154,641
45,155,583
45,156,661
45,157,992
45,158,86
45,159,460
45,160,346
45,161,436
45,162,610
45,163,590
45,164,615
45,165,13
45,166,459
45,167,172
45,168,44
45,169,879
45,170,23
45,171,985
45,172,306
45,173,448
45,174,46
45,175,38
45,176,860
45,177,960
45,178,818
45,179,180
45,180,585
45,181,161
45,182,817
45,183,590
45,184,170
45,185,462
45,186,464
45,187,303
45,188,964
45,189,573
45,190,531
45,191,30
45,192,15
45,193,200
45,194,512
45,195,660
45,196,937
45,197,33
45,198,941
45,199,582
45,200,909
45,201,704
45,202,812
45,203,40
45,204,930
45,205,885
45,206,929
45,207,43
45,208,779
45,209,39
45,210,945
45,211,361
45,212,903
45,213,594
45,214,707
45,215,565
45,216,28
45,217,213
45,218,925
45,219,660
45,220,664
45,221,107
45,222,827
45,223,514
45,224,28
45,225,490
45,226,541
45,227,724
45,228,48
45,229,920
45,230,19
45,231,859
45,232,800
45,233,488
45,234,752
45,235,948
45,236,185
45,237,778
45,238,358
45,239,397
45,240,412
45,241,353
45,242,549
45,243,92
45,244,50
45,245,784
45,246,48
45,247,470
45,248,29
45,249,645
45,250,691
45,251,855
45,252,175
45,253,996
45,254,14
45,255,707
45,256,646
45,257,726
45,258,44
45,259,14
45,260,689
45,261,817
45,262,467
45,263,15
45,264,741
45,265,503
45,266,946
45,267,582
45,268,847
45,269,18
45,270,516
45,271,697
45,272,870
45,273,10
45,274,869
45,275,134
45,276,566
45,277,527
45,278,809
45,279,45
45,280,41
45,281,570
45,282,850
45,283,753
45,284,78
45,285,518
45,286,36
45,287,459
45,288,576
45,289,581
45,290,932
45,291,208
45,292,985
45,293,866
45,294,13
45,295,10
45,296,763
45,297,582
45,298,118
45,299,145
45,300,77
45,301,734
45,302,42
45,303,321
45,304,10
45,305,965
45,306,354
45,307,708
45,308,765
45,309,684
45,310,992
45,311,631
45,312,215
45,313,873
45,314,864
45,315,804
45,316,31
45,317,21
45,318,711
45,319,15
45,320,41
45,321,462
45,322,555
45,323,443
45,324,534
45,325,976
45,326,987
45,327,751
45,328,766
45,329,34
45,330,374
45,331,238
45,332,714
45,333,685
45,334,856
45,335,100
45,336,865
45,337,36
45,338,758
45,339,49
45,340,653
45,341,15
45,342,48
45,343,464
45,344,691
45,345,41
45,346,307
45,347,690
45,348,689
45,349,743
45,350,592
45,351,834
45,352,850
45,353,18
45,354,741
45,355,822
45,356,977
45,357,918
45,358,703
45,359,509
45,360,727
45,361,46
45,362,376
45,363,709
45,364,207
45,365,978
45,366,629
45,367,128
45,368,547
45,369,45
45,370,29
45,371,607
45,372,302
45,373,915
45,374,34
45,375,503
45,376,42
45,377,689
45,378,725
45,379,399
45,380,720
45,381,27
45,382,490
45,383,620
45,384,278
45,385,890
45,386,977
45,387,617
45,388,535
45,389,102
45,390,605
45,391,418
45,392,193
45,393,986
45,394,477
45,395,976
45,396,593
45,397,931
45,398,625
45,399,895
45,400,799
45,401,737
45,402,667
45,403,230
45,404,49
45,405,697
45,406,67
45,407,336
45,408,21
45,409,70
45,410,37
45,411,404
45,412,627
45,413,27
45,414,278
45,415,900
45,416,413
45,417,85
45,418,43
45,419,917
45,420,536
45,421,665
45,422,111
45,423,767
45,424,127
45,425,547
45,426,926
45,427,47
45,428,478
45,429,165
45,430,556
45,431,626
45,432,24
45,433,778
45,434,865
45,435,36
45,436,901
45,437,714
45,438,12
45,439,881
45,440,611
45,441,36
45,442,712
45,443,724
45,444,629
45,445,19
45,446,48
45,447,76
45,448,54
45,449,33
45,450,38
45,451,166
45,452,585
45,453,494
45,454,139
45,455,92
45,456,43
45,457,236
45,458,66
45,459,913
45,460,506
45,461,352
45,462,10
45,463,663
45,464,431
45,465,905
45,466,21
45,467,17
45,468,42
45,469,40
45,470,29
45,471,717
45,472,378
45,473,570
45,474,639
45,475,26
45,476,613
45,477,49
45,478,50
45,479,633
45,480,574
45,481,945
45,482,874
45,483,836
45,484,675
45,485,40
45,486,697
45,487,874
45,488,373
45,489,959
45,490,678
45,491,885
45,492,951
45,493,213
45,494,38
45,495,37
45,496,29
45,497,234
45,498,357
45,499,871
45,500,522
46,1,339
46,2,512
46,3,374
46,4,968
46,5,16
46,6,722
46,7,20
46,8,759
46,9,33
46,10,820
46,11,607
46,12,650
46,13,551
46,14,303
46,15,36
46,16,817
46,17,550
46,18,961
46,19,790
46,20,502
46,21,805
46,22,554
46,23,20
46,24,253
46,25,36
46,26,845
46,27,921
46,28,904
46,29,35
46,30,738
46,31,913
46,32,689
46,33,756
46,34,99
46,35,995
46,36,844
46,37,40
46,38,16
46,39,974
46,40,303
46,41,829
46,42,28
46,43,664
46,44,306
46,45,868
46,46,452
46,47,788
46,48,778
46,49,313
46,50,463
46,51,530
46,52,21
46,53,593
46,54,994
46,55,297
46,56,334
46,57,295
46,58,597
46,59,19
46,60,208
46,61,309
46,62,969
46,63,656
46,64,53
46,65,51
46,66,51
46,67,915
46,68,21
46,69,42
46,70,777
46,71,217
46,72,30
46,73,530
46,74,14
46,75,690
46,76,107
46,77,578
46,78,212
46,79,37
46,80,81
46,81,614
46,82,433
46,83,986
46,84,16
46,85,133
46,86,681
46,87,283
46,88,952
46,89,563
46,90,30
46,91,181
46,92,824
46,93,809
46,94,502
46,95,456
46,96,127
46,97,14
46,98,230
46,99,729
46,100,56
46,101,850
46,102,40
46,103,172
46,104,849
46,105,718
46,106,908
46,107,789
46,108,39
46,109,584
46,110,26
46,111,965
46,112,886
46,113,753
46,114,449
46,115,940
46,116,820
46,117,10
46,118,991
46,119,233
46,120,950
46,121,521
46,122,435
46,123,819
46,124,45
46,125,700
46,126,15
46,127,23
46,128,221
46,129,782
46,130,493
46,131,182
46,132,405
46,133,949
46,134,594
46,135,38
46,136,760
46,137,998
46,138,579
46,139,732
46,140,526
46,141,936
46,142,597
46,143,766
46,144,41
46,145,37
46,146,610
46,147,10
46,148,48
46,149,552
46,150,725
46,151,350
46,152,791
46,153,38
46,154,145
46,155,799
46,156,32
46,157,562
46,158,65
46,159,599
46,160,24
46,161,799
46,162,20
46,163,78
46,164,214
46,165,47
46,166,92
46,167,927
46,168,531
46,169,503
46,170,936
46,171,25
46,172,885
46,173,484
46,174,36
46,175,40
46,176,37
46,177,222
46,178,503
46,179,12
46,180,32
46,181,24
46,182,158
46,183,839
46,184,704
46,185,36
46,186,629
46,187,782
46,188,889
46,189,331
46,190,150
46,191,508
46,192,528
46,193,182
46,194,690
46,195,338
46,196,552
46,197,538
46,198,937
46,199,185
46,200,177
46,201,589
46,202,691
46,203,442
46,204,529
46,205,742
46,206,309
46,207,265
46,208,490
46,209,406
46,210,36
46,211,726
46,212,16
46,213,671
46,214,34
46,215,469
46,216,39
46,217,267
46,218,23
46,219,582
46,220,23
46,221,685
46,222,997
46,223,447
46,224,424
46,225,152
46,226,395
46,227,22
46,228,617
46,229,919
46,230,451
46,231,854
46,232,29
46,233,572
46,234,17
46,235,48
46,236,957
46,237,967
46,238,970
46,239,341
46,240,576
46,241,982
46,242,14
46,243,929
46,244,37
46,245,21
46,246,596
46,247,658
46,248,868
46,249,198
46,250,431
46,251,365
46,252,147
46,253,867
46,254,911
46,255,24
46,256,730
46,257,171
46,258,762
46,259,205
46,260,606
46,261,105
46,262,56
46,263,464
46,264,17
46,265,376
46,266,705
46,267,504
46,268,20
46,269,17
46,270,270
46,271,723
46,272,615
46,273,662
46,274,580
46,275,304
46,276,501
46,277,51
46,278,621
46,279,21
46,280,457
46,281,759
46,282,88
46,283,998
46,284,404
46,285,32
46,286,973
46,287,792
46,288,49
46,289,647
46,290,986
46,291,56
46,292,682
46,293,79
46,294,586
46,295,540
46,296,52
46,297,847
46,298,27
46,299,560
46,300,933
46,301,865
46,302,984
46,303,807
46,304,67
46,305,958
46,306,288
46,307,263
46,308,583
46,309,192
46,310,858
46,311,622
46,312,811
46,313,873
46,314,47
46,315,15
46,316,751
46,317,696
46,318,646
46,319,469
46,320,779
46,321,191
46,322,215
46,323,57
46,324,971
46,325,61
46,326,840
46,327,40
46,328,753
46,329,36
46,330,13
46,331,16
46,332,322
46,333,820
46,334,990
46,335,48
46,336,130
46,337,710
46,338,948
46,339,35
46,340,39
46,341,50
46,342,558
46,343,914
46,344,563
46,345,189
46,346,42
46,347,250
46,348,514
46,349,122
46,350,352
46,351,159
46,352,42
46,353,371
46,354,33
46,355,30
46,356,192
46,357,16
46,358,36
46,359,237
46,360,333
46,361,237
46,362,796
46,363,452
46,364,852
46,365,379
46,366,670
46,367,1000
46,368,913
46,369,792
46,370,319
46,371,755
46,372,325
46,373,116
46,374,42
46,375,156
46,376,25
46,377,43
46,378,820
46,379,746
46,380,17
46,381,976
46,382,18
46,383,585
46,384,67
46,385,845
46,386,720
46,387,566
46,388,226
46,389,867
46,390,371
46,391,246
46,392,694
46,393,20
46,394,965
46,395,244
46,396,955
46,397,700
46,398,989
46,399,229
46,400,484
46,401,11
46,402,399
46,403,25
46,404,159
46,405,612
46,406,122
46,407,786
46,408,32
46,409,682
46,410,411
46,411,565
46,412,601
46,413,302
46,414,177
46,415,707
46,416,646
46,417,991
46,418,798
46,419,286
46,420,571
46,421,47
46,422,42
46,423,712
46,424,912
46,425,790
46,426,37
46,427,484
46,428,508
46,429,18
46,430,821
46,431,50
46,432,43
46,433,772
46,434,950
46,435,50
46,436,569
46,437,968
46,438,948
46,439,869
46,440,41
46,441,384
46,442,823
46,443,792
46,444,821
46,445,784
46,446,265
46,447,887
46,448,106
46,449,31
46,450,597
46,451,713
46,452,830
46,453,25
46,454,609
46,455,646
46,456,745
46,457,778
46,458,843
46,459,879
46,460,509
46,461,24
46,462,694
46,463,467
46,464,926
46,465,703
46,466,713
46,467,522
46,468,239
46,469,957
46,470,791
46,471,552
46,472,443
46,473,45
46,474,901
46,475,14
46,476,279
46,477,920
46,478,764
46,479,61
46,480,51
46,481,822
46,482,768
46,483,409
46,484,727
46,485,815
46,486,125
46,487,480
46,488,52
46,489,815
46,490,824
46,491,837
46,492,538
46,493,841
46,494,826
46,495,680
46,496,196
46,497,549
46,498,916
46,499,42
46,500,365
47,1,42
47,2,36
47,3,853
47,4,683
47,5,19
47,6,896
47,7,12
47,8,47
47,9,518
47,10,939
47,11,360
47,12,418
47,13,372
47,14,14
47,15,837
47,16,21
47,17,41
47,18,723
47,19,911
47,20,983
47,21,58
47,22,48
47,23,165
47,24,79
47,25,18
47,26,675
47,27,878
47,28,981
47,29,18
47,30,548
47,31,999
47,32,224
47,33,464
47,34,841
47,35,37
47,36,14
47,37,334
47,38,62
47,39,15
47,40,235
47,41,506
47,42,37
47,43,522
47,44,146
47,45,27
47,46,919
47,47,765
47,48,727
47,49,33
47,50,536
47,51,538
47,52,481
47,53,608
47,54,540
47,55,998
47,56,298
47,57,850
47,58,656
47,59,891
47,60,20
47,61,556
47,62,361
47,63,669
47,64,653
47,65,949
47,66,335
47,67,624
47,68,602
47,69,926
47,70,993
47,71,986
47,72,672
47,73,364
47,74,108
47,75,212
47,76,327
47,77,14
47,78,398
47,79,246
47,80,39
47,81,74
47,82,954
47,83,715
47,84,923
47,85,358
47,86,973
47,87,36
47,88,22
47,89,43
47,90,718
47,91,320
47,92,531
47,93,283
47,94,380
47,95,11
47,96,555
47,97,31
47,98,911
47,99,280
47,100,714
47,101,857
47,102,787
47,103,324
47,104,211
47,105,802
47,106,374
47,107,473
47,108,527
47,109,324
47,110,540
47,111,577
47,112,868
47,113,205
47,114,787
47,115,175
47,116,151
47,117,599
47,118,708
47,119,398
47,120,898
47,121,45
47,122,540
47,123,325
47,124,664
47,125,132
47,126,462
47,127,34
47,128,296
47,129,981
47,130,552
47,131,42
47,132,437
47,133,723
47,134,891
47,135,460
47,136,25
47,137,428
47,138,27
47,139,25
47,140,257
47,141,783
47,142,684
47,143,954
47,144,48
47,145,719
47,146,732
47,147,717
47,148,68
47,149,606
47,150,582
47,151,903
47,152,20
47,153,507
47,154,48
47,155,702
47,156,599
47,157,698
47,158,679
47,159,770
47,160,527
47,161,517
47,162,372
47,163,25
47,164,337
47,165,116
47,166,645
47,167,568
47,168,459
47,169,836
47,170,907
47,171,40
47,172,855
47,173,203
47,174,560
47,175,309
47,176,359
47,177,484
47,178,843
47,179,817
47,180,985
47,181,798
47,182,857
47,183,113
47,184,731
47,185,306
47,186,471
47,187,108
47,188,343
47,189,580
47,190,84
47,191,54
47,192,587
47,193,21
47,194,366
47,195,672
47,196,46
47,197,976
47,198,301
47,199,940
47,200,722
47,201,841
47,202,620
47,203,39
47,204,975
47,205,424
47,206,809
47,207,313
47,208,829
47,209,26
47,210,497
47,211,887
47,212,534
47,213,909
47,214,90
47,215,12
47,216,11
47,217,559
47,218,679
47,219,25
47,220,845
47,221,945
47,222,423
47,223,575
47,224,260
47,225,10
47,226,521
47,227,19
47,228,884
47,229,38
47,230,953
47,231,30
47,232,35
47,233,626
47,234,208
47,235,36
47,236,508
47,237,399
47,238,122
47,239,363
47,240,357
47,241,843
47,242,43
47,243,857
47,244,908
47,245,502
47,246,48
47,247,223
47,248,173
47,249,593
47,250,803
47,251,11
47,252,828
47,253,790
47,254,594
47,255,14
47,256,385
47,257,794
47,258,645
47,259,579
47,260,683
47,261,249
47,262,495
47,263,475
47,264,383
47,265,624
47,266,881
47,267,486
47,268,510
47,269,30
47,270,525
47,271,553
47,272,362
47,273,307
47,274,26
47,275,11
47,276,522
47,277,417
47,278,879
47,279,983
47,280,709
47,281,44
47,282,35
47,283,50
47,284,880
47,285,147
47,286,733
47,287,420
47,288,465
47,289,46
47,290,897
47,291,685
47,292,12
47,293,104
47,294,988
47,295,955
47,296,35
47,297,993
47,298,24
47,299,28
47,300,314
47,301,221
47,302,503
47,303,102
47,304,569
47,305,715
47,306,794
47,307,151
47,308,41
47,309,920
47,310,648
47,311,10
47,312,846
47,313,35
47,314,516
47,315,92
47,316,819
47,317,202
47,318,88
47,319,674
47,320,643
47,321,198
47,322,757
47,323,817
47,324,37
47,325,951
47,326,387
47,327,30
47,328,924
47,329,970
47,330,207
47,331,28
47,332,14
47,333,41
47,334,234
47,335,586
47,336,336
47,337,691
47,338,789
47,339,22
47,340,378
47,341,595
47,342,925
47,343,203
47,344,618
47,345,926
47,346,836
47,347,757
47,348,363
47,349,855
47,350,974
47,351,450
47,352,14
47,353,541
47,354,883
47,355,22
47,356,42
47,357,195
47,358,983
47,359,875
47,360,885
47,361,28
47,362,679
47,363,816
47,364,818
47,365,790
47,366,960
47,367,546
47,368,19
47,369,300
47,370,228
47,371,38
47,372,568
47,373,914
47,374,134
47,375,664
47,376,198
47,377,36
47,378,161
47,379,768
47,380,606
47,381,523
47,382,678
47,383,463
47,384,280
47,385,339
47,386,818
47,387,948
47,388,672
47,389,611
47,390,45
47,391,84
47,392,738
47,393,761
47,394,785
47,395,462
47,396,463
47,397,940
47,398,947
47,399,964
47,400,608
47,401,949
47,402,783
47,403,656
47,404,934
47,405,474
47,406,754
47,407,578
47,408,322
47,409,657
47,410,761
47,411,27
47,412,34
47,413,529
47,414,195
47,415,255
47,416,946
47,417,725
47,418,547
47,419,571
47,420,670
47,421,166
47,422,21
47,423,109
47,424,1000
47,425,583
47,426,796
47,427,20
47,428,147
47,429,556
47,430,264
47,431,24
47,432,622
47,433,855
47,434,18
47,435,788
47,436,427
47,437,181
47,438,383
47,439,54
47,440,21
47,441,710
47,442,247
47,443,873
47,444,233
47,445,312
47,446,753
47,447,50
47,448,696
47,449,374
47,450,119
47,451,529
47,452,723
47,453,473
47,454,563
47,455,667
47,456,305
47,457,864
47,458,256
47,459,198
47,460,167
47,461,288
47,462,674
47,463,204
47,464,151
47,465,377
47,466,423
47,467,302
47,468,89
47,469,148
47,470,226
47,471,563
47,472,330
47,473,447
47,474,978
47,475,531
47,476,29
47,477,386
47,478,734
47,479,159
47,480,960
47,481,771
47,482,799
47,483,399
47,484,153
47,485,49
47,486,529
47,487,858
47,488,41
47,489,725
47,490,173
47,491,642
47,492,39
47,493,183
47,494,564
47,495,498
47,496,881
47,497,42
47,498,445
47,499,219
47,500,392
48,1,710
48,2,706
48,3,179
48,4,398
48,5,958
48,6,524
48,7,432
48,8,341
48,9,35
48,10,163
48,11,381
48,12,342
48,13,537
48,14,38
48,15,28
48,16,157
48,17,777
48,18,795
48,19,15
48,20,23
48,21,437
48,22,359
48,23,173
48,24,875
48,25,618
48,26,128
48,27,48
48,28,355
48,29,360
48,30,552
48,31,733
48,32,866
48,33,914
48,34,804
48,35,35
48,36,807
48,37,934
48,38,36
48,39,708
48,40,572
48,41,347
48,42,78
48,43,250
48,44,777
48,45,217
48,46,45
48,47,618
48,48,687
48,49,309
48,50,39
48,51,38
48,52,72
48,53,972
48,54,801
48,55,348
48,56,23
48,57,633
48,58,979
48,59,517
48,60,18
48,61,374
48,62,851
48,63,233
48,64,955
48,65,412
48,66,461
48,67,12
48,68,93
48,69,18
48,70,62
48,71,495
48,72,329
48,73,11
48,74,190
48,75,540
48,76,755
48,77,651
48,78,799
48,79,30
48,80,708
48,81,986
48,82,692
48,83,179
48,84,786
48,85,70
48,86,985
48,87,10
48,88,36
48,89,856
48,90,268
48,91,728
48,92,555
48,93,368
48,94,49
48,95,38
48,96,593
48,97,65
48,98,142
48,99,776
48,100,428
48,101,306
48,102,39
48,103,843
48,104,15
48,105,406
48,106,24
48,107,903
48,108,963
48,109,26
48,110,27
48,111,175
48,112,791
48,113,754
48,114,821
48,115,50
48,116,410
48,117,185
48,118,984
48,119,42
48,120,161
48,121,701
48,122,311
48,123,565
48,124,153
48,125,946
48,126,821
48,127,995
48,128,291
48,129,44
48,130,225
48,131,802
48,132,588
48,133,33
48,134,438
48,135,920
48,136,494
48,137,549
48,138,21
48,139,49
48,140,112
48,141,18
48,142,30
48,143,299
48,144,18
48,145,818
48,146,702
48,147,85
48,148,103
48,149,150
48,150,70
48,151,10
48,152,32
48,153,747
48,154,830
48,155,685
48,156,100
48,157,206
48,158,116
48,159,740
48,160,527
48,161,28
48,162,259
48,163,233
48,164,854
48,165,174
48,166,266
48,167,607
48,168,25
48,169,779
48,170,988
48,171,13
48,172,43
48,173,906
48,174,470
48,175,658
48,176,771
48,177,291
48,178,34
48,179,285
48,180,195
48,181,30
48,182,28
48,183,688
48,184,753
48,185,404
48,186,41
48,187,25
48,188,71
48,189,138
48,190,755
48,191,33
48,192,249
48,193,332
48,194,897
48,195,945
48,196,817
48,197,644
48,198,754
48,199,805
48,200,173
48,201,838
48,202,457
48,203,664
48,204,673
48,205,30
48,206,754
48,207,38
48,208,106
48,209,346
48,210,36
48,211,915
48,212,624
48,213,609
48,214,320
48,215,685
48,216,360
48,217,512
48,218,634
48,219,45
48,220,20
48,221,807
48,222,314
48,223,27
48,224,49
48,225,636
48,226,65
48,227,901
48,228,45
48,229,39
48,230,945
48,231,494
48,232,991
48,233,689
48,234,509
48,235,126
48,236,174
48,237,942
48,238,916
48,239,573
48,240,263
48,241,546
48,242,138
48,243,15
48,244,17
48,245,785
48,246,892
48,247,653
48,248,36
48,249,260
48,250,506
48,251,21
48,252,901
48,253,151
48,254,325
48,255,49
48,256,643
48,257,533
48,258,808
48,259,808
48,260,657
48,261,359
48,262,916
48,263,11
48,264,14
48,265,486
48,266,365
48,267,851
48,268,424
48,269,394
48,270,213
48,271,651
48,272,588
48,273,701
48,274,978
48,275,31
48,276,38
48,277,805
48,278,821
48,279,33
48,280,31
48,281,504
48,282,204
48,283,642
48,284,343
48,285,845
48,286,520
48,287,525
48,288,981
48,289,13
48,290,455
48,291,37
48,292,301
48,293,465
48,294,18
48,295,69
48,296,17
48,297,41
48,298,48
48,299,718
48,300,128
48,301,185
48,302,32
48,303,744
48,304,780
48,305,881
48,306,96
48,307,392
48,308,799
48,309,17
48,310,684
48,311,561
48,312,863
48,313,42
48,314,502
48,315,685
48,316,731
48,317,624
48,318,45
48,319,564
48,320,682
48,321,82
48,322,474
48,323,814
48,324,209
48,325,149
48,326,685
48,327,798
48,328,835
48,329,240
48,330,782
48,331,702
48,332,280
48,333,725
48,334,675
48,335,27
48,336,365
48,337,364
48,338,38
48,339,638
48,340,36
48,341,554
48,342,10
48,343,836
48,344,615
48,345,592
48,346,543
48,347,470
48,348,983
48,349,369
48,350,879
48,351,127
48,352,553
48,353,362
48,354,33
48,355,39
48,356,224
48,357,560
48,358,868
48,359,833
48,360,28
48,361,356
48,362,865
48,363,170
48,364,27
48,365,592
48,366,966
48,367,852
48,368,932
48,369,986
48,370,26
48,371,434
48,372,189
48,373,340
48,374,67
48,375,18
48,376,38
48,377,587
48,378,25
48,379,594
48,380,769
48,381,477
48,382,721
48,383,812
48,384,395
48,385,79
48,386,883
48,387,360
48,388,645
48,389,32
48,390,35
48,391,644
48,392,44
48,393,459
48,394,904
48,395,43
48,396,864
48,397,140
48,398,477
48,399,315
48,400,517
48,401,633
48,402,863
48,403,40
48,404,997
48,405,411
48,406,840
48,407,907
48,408,313
48,409,384
48,410,713
48,411,621
48,412,609
48,413,522
48,414,250
48,415,524
48,416,10
48,417,837
48,418,25
48,419,101
48,420,923
48,421,261
48,422,495
48,423,783
48,424,172
48,425,736
48,426,557
48,427,44
48,428,155
48,429,17
48,430,143
48,431,942
48,432,403
48,433,956
48,434,419
48,435,835
48,436,483
48,437,41
48,438,86
48,439,13
48,440,151
48,441,840
48,442,227
48,443,876
48,444,986
48,445,715
48,446,396
48,447,29
48,448,754
48,449,950
48,450,12
48,451,892
48,452,826
48,453,14
48,454,672
48,455,449
48,456,856
48,457,815
48,458,182
48,459,31
48,460,963
48,461,18
48,462,454
48,463,181
48,464,420
48,465,862
48,466,469
48,467,32
48,468,801
48,469,938
48,470,49
48,471,389
48,472,33
48,473,144
48,474,631
48,475,229
48,476,23
48,477,34
48,478,45
48,479,859
48,480,943
48,481,414
48,482,601
48,483,655
48,484,34
48,485,762
48,486,891
48,487,968
48,488,37
48,489,682
48,490,887
48,491,732
48,492,842
48,493,633
48,494,677
48,495,94
48,496,557
48,497,45
48,498,702
48,499,544
48,500,809
49,1,441
49,2,425
49,3,217
49,4,571
49,5,16
49,6,105
49,7,104
49,8,967
49,9,931
49,10,673
49,11,565
49,12,19
49,13,398
49,14,49
49,15,899
49,16,535
49,17,623
49,18,619
49,19,673
49,20,46
49,21,668
49,22,840
49,23,972
49,24,567
49,25,22
49,26,10
49,27,313
49,28,73
49,29,903
49,30,337
49,31,955
49,32,304
49,33,44
49,34,491
49,35,740
49,36,267
49,37,291
49,38,684
49,39,245
49,40,661
49,41,726
49,42,252
49,43,39
49,44,742
49,45,589
49,46,386
49,47,921
49,48,90
49,49,591
49,50,155
49,51,687
49,52,49
49,53,965
49,54,624
49,55,84
49,56,145
49,57,961
49,58,660
49,59,754
49,60,31
49,61,458
49,62,204
49,63,12
49,64,461
49,65,919
49,66,483
49,67,325
49,68,233
49,69,262
49,70,634
49,71,110
49,72,842
49,73,936
49,74,733
49,75,11
49,76,397
49,77,552
49,78,841
49,79,360
49,80,769
49,81,474
49,82,953
49,83,376
49,84,288
49,85,643
49,86,522
49,87,217
49,88,555
49,89,990
49,90,468
49,91,57
49,92,923
49,93,809
49,94,663
49,95,192
49,96,986
49,97,943
49,98,819
49,99,511
49,100,699
49,101,466
49,102,872
49,103,15
49,104,793
49,105,34
49,106,902
49,107,269
49,108,276
49,109,973
49,110,833
49,111,18
49,112,877
49,113,564
49,114,295
49,115,383
49,116,654
49,117,834
49,118,897
49,119,257
49,120,144
49,121,825
49,122,38
49,123,751
49,124,769
49,125,432
49,126,507
49,127,765
49,128,35
49,129,15
49,130,288
49,131,373
49,132,963
49,133,225
49,134,770
49,135,61
49,136,654
49,137,757
49,138,679
49,139,625
49,140,533
49,141,859
49,142,150
49,143,553
49,144,632
49,145,334
49,146,427
49,147,96
49,148,610
49,149,50
49,150,652
49,151,490
49,152,961
49,153,575
49,154,23
49,155,684
49,156,714
49,157,396
49,158,937
49,159,215
49,160,721
49,161,24
49,162,844
49,163,994
49,164,133
49,165,459
49,166,549
49,167,43
49,168,89
49,169,200
49,170,548
49,171,28
49,172,818
49,173,910
49,174,10
49,175,820
49,176,303
49,177,454
49,178,777
49,179,212
49,180,600
49,181,575
49,182,538
49,183,42
49,184,821
49,185,477
49,186,17
49,187,820
49,188,44
49,189,659
49,190,943
49,191,32
49,192,438
49,193,647
49,194,961
49,195,795
49,196,974
49,197,644
49,198,926
49,199,873
49,200,36
49,201,969
49,202,52
49,203,546
49,204,16
49,205,548
49,206,569
49,207,40
49,208,383
49,209,657
49,210,957
49,211,321
49,212,242
49,213,646
49,214,713
49,215,894
49,216,174
49,217,797
49,218,274
49,219,986
49,220,472
49,221,228
49,222,239
49,223,46
49,224,658
49,225,705
49,226,708
49,227,612
49,228,620
49,229,779
49,230,15
49,231,147
49,232,12
49,233,451
49,234,647
49,235,661
49,236,373
49,237,452
49,238,284
49,239,83
49,240,150
49,241,791
49,242,451
49,243,518
49,244,42
49,245,536
49,246,353
49,247,621
49,248,124
49,249,963
49,250,117
49,251,662
49,252,209
49,253,119
49,254,220
49,255,231
49,256,859
49,257,955
49,258,136
49,259,125
49,260,919
49,261,457
49,262,487
49,263,462
49,264,654
49,265,919
49,266,131
49,267,47
49,268,835
49,269,898
49,270,28
49,271,39
49,272,391
49,273,16
49,274,703
49,275,378
49,276,316
49,277,245
49,278,28
49,279,33
49,280,49
49,281,617
49,282,497
49,283,335
49,284,670
49,285,453
49,286,139
49,287,208
49,288,813
49,289,530
49,290,36
49,291,44
49,292,40
49,293,84
49,294,149
49,295,223
49,296,22
49,297,922
49,298,927
49,299,676
49,300,884
49,301,750
49,302,621
49,303,167
49,304,773
49,305,989
49,306,515
49,307,498
49,308,624
49,309,40
49,310,619
49,311,803
49,312,544
49,313,225
49,314,796
49,315,694
49,316,317
49,317,821
49,318,267
49,319,506
49,320,959
49,321,578
49,322,327
49,323,643
49,324,14
49,325,127
49,326,469
49,327,651
49,328,234
49,329,50
49,330,440
49,331,289
49,332,520
49,333,540
49,334,919
49,335,842
49,336,806
49,337,27
49,338,786
49,339,774
49,340,137
49,341,560
49,342,25
49,343,815
49,344,808
49,345,129
49,346,484
49,347,34
49,348,859
49,349,700
49,350,45
49,351,665
49,352,770
49,353,360
49,354,716
49,355,26
49,356,71
49,357,607
49,358,635
49,359,769
49,360,10
49,361,49
49,362,30
49,363,753
49,364,18
49,365,949
49,366,625
49,367,551
49,368,43
49,369,892
49,370,317
49,371,17
49,372,392
49,373,717
49,374,591
49,375,722
49,376,418
49,377,53
49,378,308
49,379,354
49,380,518
49,381,29
49,382,1000
49,383,415
49,384,512
49,385,431
49,386,451
49,387,37
49,388,24
49,389,383
49,390,878
49,391,824
49,392,669
49,393,985
49,394,33
49,395,804
49,396,221
49,397,895
49,398,550
49,399,30
49,400,776
49,401,964
49,402,834
49,403,40
49,404,322
49,405,203
49,406,310
49,407,808
49,408,920
49,409,607
49,410,317
49,411,656
49,412,23
49,413,707
49,414,904
49,415,988
49,416,547
49,417,958
49,418,523
49,419,779
49,420,919
49,421,620
49,422,957
49,423,25
49,424,12
49,425,323
49,426,156
49,427,38
49,428,36
49,429,47
49,430,976
49,431,20
49,432,720
49,433,573
49,434,277
49,435,958
49,436,397
49,437,967
49,438,765
49,439,925
49,440,873
49,441,852
49,442,18
49,443,686
49,444,39
49,445,597
49,446,282
49,447,494
49,448,320
49,449,36
49,450,880
49,451,665
49,452,573
49,453,966
49,454,32
49,455,34
49,456,59
49,457,156
49,458,681
49,459,968
49,460,923
49,461,22
49,462,828
49,463,238
49,464,158
49,465,536
49,466,623
49,467,774
49,468,582
49,469,625
49,470,841
49,471,38
49,472,28
49,473,762
49,474,272
49,475,555
49,476,276
49,477,66
49,478,922
49,479,343
49,480,296
49,481,141
49,482,517
49,483,36
49,484,42
49,485,960
49,486,137
49,487,279
49,488,63
49,489,963
49,490,952
49,491,663
49,492,229
49,493,403
49,494,432
49,495,511
49,496,411
49,497,442
49,498,215
49,499,757
49,500,845
50,1,628
50,2,29
50,3,329
50,4,445
50,5,321
50,6,909
50,7,798
50,8,386
50,9,527
50,10,127
50,11,381
50,12,750
50,13,29
50,14,155
50,15,674
50,16,695
50,17,306
50,18,874
50,19,55
50,20,789
50,21,465
50,22,530
50,23,130
50,24,553
50,25,850
50,26,155
50,27,863
50,28,916
50,29,830
50,30,29
50,31,31
50,32,487
50,33,65
50,34,221
50,35,460
50,36,742
50,37,634
50,38,479
50,39,22
50,40,413
50,41,97
50,42,19
50,43,105
50,44,14
50,45,771
50,46,107
50,47,109
50,48,30
50,49,721
50,50,515
50,51,404
50,52,691
50,53,669
50,54,46
50,55,278
50,56,405
50,57,32
50,58,560
50,59,387
50,60,905
50,61,22
50,62,969
50,63,249
50,64,323
50,65,509
50,66,82
50,67,188
50,68,749
50,69,28
50,70,375
50,71,786
50,72,42
50,73,393
50,74,749
50,75,25
50,76,108
50,77,355
50,78,198
50,79,716
50,80,126
50,81,427
50,82,275
50,83,638
50,84,198
50,85,50
50,86,742
50,87,120
50,88,601
50,89,36
50,90,924
50,91,18
50,92,730
50,93,825
50,94,582
50,95,777
50,96,291
50,97,628
50,98,751
50,99,835
50,100,992
50,101,427
50,102,914
50,103,871
50,104,15
50,105,303
50,106,254
50,107,597
50,108,515
50,109,278
50,110,983
50,111,872
50,112,48
50,113,592
50,114,29
50,115,755
50,116,992
50,117,506
50,118,878
50,119,155
50,120,468
50,121,43
50,122,678
50,123,37
50,124,136
50,125,161
50,126,85
50,127,690
50,128,50
50,129,776
50,130,96
50,131,723
50,132,761
50,133,744
50,134,748
50,135,777
50,136,35
50,137,923
50,138,746
50,139,30
50,140,515
50,141,45
50,142,744
50,143,330
50,144,737
50,145,612
50,146,49
50,147,110
50,148,874
50,149,463
50,150,43
50,151,756
50,152,17
50,153,20
50,154,39
50,155,106
50,156,991
50,157,418
50,158,780
50,159,259
50,160,587
50,161,31
50,162,466
50,163,525
50,164,901
50,165,513
50,166,523
50,167,249
50,168,758
50,169,427
50,170,36
50,171,31
50,172,604
50,173,806
50,174,269
50,175,935
50,176,187
50,177,180
50,178,875
50,179,753
50,180,327
50,181,29
50,182,213
50,183,152
50,184,31
50,185,45
50,186,795
50,187,578
50,188,524
50,189,26
50,190,101
50,191,982
50,192,84
50,193,915
50,194,871
50,195,441
50,196,954
50,197,17
50,198,622
50,199,47
50,200,784
50,201,198
50,202,433
50,203,860
50,204,990
50,205,933
50,206,960
50,207,829
50,208,795
50,209,440
50,210,769
50,211,794
50,212,342
50,213,219
50,214,415
50,215,849
50,216,35
50,217,771
50,218,26
50,219,274
50,220,976
50,221,743
50,222,730
50,223,394
50,224,635
50,225,551
50,226,706
50,227,932
50,228,266
50,229,857
50,230,80
50,231,633
50,232,917
50,233,522
50,234,477
50,235,992
50,236,34
50,237,15
50,238,1000
50,239,766
50,240,920
50,241,92
50,242,331
50,243,946
50,244,464
50,245,25
50,246,797
50,247,930
50,248,507
50,249,507
50,250,29
50,251,245
50,252,928
50,253,30
50,254,350
50,255,32
50,256,675
50,257,43
50,258,44
50,259,609
50,260,464
50,261,976
50,262,48
50,263,646
50,264,694
50,265,636
50,266,287
50,267,943
50,268,44
50,269,319
50,270,850
50,271,726
50,272,813
50,273,185
50,274,417
50,275,128
50,276,523
50,277,800
50,278,337
50,279,537
50,280,583
50,281,588
50,282,542
50,283,124
50,284,449
50,285,613
50,286,784
50,287,967
50,288,779
50,289,748
50,290,18
50,291,623
50,292,36
50,293,641
50,294,541
50,295,236
50,296,28
50,297,843
50,298,279
50,299,801
50,300,32
50,301,443
50,302,826
50,303,986
50,304,925
50,305,20
50,306,826
50,307,11
50,308,696
50,309,601
50,310,552
50,311,540
50,312,665
50,313,171
50,314,24
50,315,371
50,316,41
50,317,564
50,318,17
50,319,606
50,320,50
50,321,113
50,322,856
50,323,236
50,324,34
50,325,829
50,326,461
50,327,446
50,328,655
50,329,56
50,330,102
50,331,966
50,332,571
50,333,12
50,334,504
50,335,931
50,336,396
50,337,14
50,338,504
50,339,861
50,340,34
50,341,47
50,342,16
50,343,848
50,344,118
50,345,619
50,346,633
50,347,654
50,348,423
50,349,107
50,350,281
50,351,596
50,352,752
50,353,923
50,354,829
50,355,145
50,356,17
50,357,421
50,358,993
50,359,679
50,360,195
50,361,803
50,362,27
50,363,741
50,364,908
50,365,801
50,366,551
50,367,961
50,368,40
50,369,125
50,370,17
50,371,144
50,372,786
50,373,187
50,374,492
50,375,100
50,376,927
50,377,812
50,378,925
50,379,782
50,380,436
50,381,37
50,382,687
50,383,200
50,384,589
50,385,10
50,386,375
50,387,662
50,388,27
50,389,937
50,390,422
50,391,729
50,392,336
50,393,745
50,394,43
50,395,682
50,396,524
50,397,938
50,398,799
50,399,659
50,400,49
50,401,938
50,402,934
50,403,500
50,404,28
50,405,21
50,406,753
50,407,671
50,408,777
50,409,389
50,410,347
50,411,100
50,412,519
50,413,43
50,414,716
50,415,347
50,416,169
50,417,240
50,418,505
50,419,49
50,420,12
50,421,24
50,422,18
50,423,583
50,424,201
50,425,215
50,426,736
50,427,557
50,428,997
50,429,20
50,430,351
50,431,937
50,432,592
50,433,619
50,434,948
50,435,836
50,436,313
50,437,824
50,438,654
50,439,312
50,440,42
50,441,783
50,442,786
50,443,195
50,444,292
50,445,24
50,446,536
50,447,508
50,448,18
50,449,13
50,450,828
50,451,931
50,452,981
50,453,517
50,454,939
50,455,267
50,456,659
50,457,459
50,458,80
50,459,611
50,460,577
50,461,631
50,462,39
50,463,587
50,464,66
50,465,632
50,466,667
50,467,727
50,468,97
50,469,443
50,470,605
50,471,983
50,472,48
50,473,722
50,474,570
50,475,821
50,476,312
50,477,889
50,478,65
50,479,50
50,480,48
50,481,827
50,482,561
50,483,910
50,484,727
50,485,336
50,486,683
50,487,502
50,488,406
50,489,48
50,490,225
50,491,48
50,492,312
50,493,77
50,494,733
50,495,781
50,496,972
50,497,13
50,498,588
50,499,970
50,500,790
